player_id,position
8473419,L
8473422,L
8473507,D
8475179,D
8475683,G
8476473,D
8476882,C
8476891,D
8477409,C
8477444,L
8477450,C
8477479,L
8477495,D
8477932,D
8477933,C
8477935,C
8477987,C
8478043,C
8478055,D
8478421,L
8478542,C
8478859,D
8479316,C
8479981,L
8480003,C
8480185,C
8480193,G
8481519,G
8481624,R
8482113,C
8482176,D
8482703,C
8482713,R
8482807,D
8482821,G
8483450,C
8483493,C
8483506,D
8484144,C
8484783,D
8471215,C
8471675,C
8471724,D
8471734,G
8474578,D
8475842,C
8476389,C
8476459,C
8476468,C
8476483,R
8477369,D
8477465,G
8477511,R
8477839,L
8478048,G
8478438,C
8478450,D
8478452,D
8478550,L
8478569,C
8478840,D
8478854,D
8478882,D
8479323,D
8479390,R
8479638,R
8480001,D
8480980,C
8481481,C
8481577,R
8481668,G
8481726,C
8482073,D
8482109,L
8482157,L
8482460,C
8482758,R
8483690,C
8484839,D
8485414,C
8470613,D
8471685,C
8474563,D
8475208,D
8475311,G
8475754,C
8475809,G
8476312,D
8476341,G
8476441,D
8476455,L
8476469,R
8476479,C
8476879,D
8477476,L
8477492,C
8477501,R
8477942,L
8477960,R
8477998,L
8478038,D
8478109,L
8479398,D
8479525,C
8479675,L
8479998,D
8480039,C
8480069,D
8480448,C
8480835,C
8481529,G
8481532,C
8481641,L
8482124,R
8482155,R
8482408,L
8482730,D
8483808,L
8484149,C
8484258,D
8475166,C
8475171,D
8475690,D
8475714,C
8475848,R
8476853,D
8476875,D
8476931,D
8476932,G
8476981,R
8477503,C
8477939,R
8478057,C
8478133,C
8478443,D
8478462,C
8478470,G
8478851,D
8478904,C
8479318,C
8479339,L
8480018,C
8480051,G
8480865,D
8481122,D
8481523,C
8481540,R
8481582,L
8481618,C
8481711,L
8482087,D
8482259,C
8482487,G
8482720,L
8482737,R
8482775,C
8482964,D
8483457,D
8483515,L
8484984,R
8471214,L
8474590,D
8475343,C
8476374,C
8476854,D
8476880,R
8476914,G
8477496,C
8477507,D
8477845,D
8477956,R
8478042,L
8478401,C
8478440,C
8478463,L
8478911,D
8479292,G
8479325,D
8479345,D
8479369,D
8479400,L
8479520,R
8479591,C
8479661,L
8479987,C
8479999,C
8480035,D
8480280,G
8480313,G
8480355,C
8480796,D
8480873,D
8481580,C
8481656,C
8482088,R
8482148,C
8482177,C
8482511,D
8483489,C
8484186,R
8474150,C
8474641,C
8475172,C
8475218,D
8475717,G
8476399,L
8476454,C
8476967,D
8477346,D
8477498,D
8477810,D
8477934,C
8477953,R
8477993,C
8478233,L
8478397,D
8478402,C
8479066,L
8479365,C
8479402,D
8479973,G
8480028,C
8480797,L
8480803,D
8480831,D
8480834,D
8480860,D
8481068,C
8481167,D
8481491,C
8481617,R
8481692,G
8482074,C
8482445,G
8482679,R
8483455,L
8483512,C
8483609,R
8484860,R
8485493,R
8475188,D
8475191,R
8475913,R
8476438,L
8476448,C
8476881,C
8476925,C
8477447,D
8477964,L
8478396,D
8478403,C
8478434,R
8478468,D
8478483,R
8478499,G
8479353,C
8480727,D
8481033,G
8481527,D
8481604,R
8481568,D
8481806,D
8475722,L
8477419,L
8477949,R
8479312,G
8479359,L
8479420,C
8479941,R
8479982,D
8480064,C
8480196,D
8480802,C
8480807,D
8480839,D
8481522,C
8481524,D
8481551,G
8481564,D
8482097,R
8482659,R
8483468,C
8474141,R
8474612,D
8475279,D
8475660,G
8476434,G
8477429,C
8477456,L
8477946,C
8478891,C
8479337,R
8479992,C
8481542,D
8481607,D
8481725,L
8482078,L
8482762,D
8483464,C
8484223,D
8484471,C
8484794,R
8473512,R
8474102,L
8474151,D
8474189,C
8475167,D
8475324,D
8476393,C
8476453,R
8476826,C
8476883,G
8476999,G
8477073,L
8477404,C
8477416,R
8477992,G
8478010,C
8478020,R
8478178,D
8478416,D
8478469,D
8478519,C
8479542,L
8480188,L
8480801,L
8480876,C
8480995,R
8481528,C
8481596,C
8481719,D
8482070,R
8482092,C
8482105,D
8482116,C
8482131,D
8482201,C
8482245,D
8482447,G
8482929,D
8483447,C
8484321,D
8475235,L
8476372,D
8476461,C
8477903,R
8477948,D
8477989,C
8478435,G
8478439,R
8478454,D
8479022,C
8480015,R
8480220,L
8480874,D
8481035,G
8481178,D
8481533,C
8481553,R
8482142,D
8482159,R
8484387,R
8475151,C
8475231,C
8475314,L
8476419,C
8476429,D
8476917,D
8477407,L
8477494,L
8477500,C
8477506,D
8477950,D
8478009,G
8478445,C
8479496,G
8480842,C
8481014,D
8481601,R
8482476,L
8484958,R
8485366,D
8485702,R
8473533,C
8474149,L
8474593,G
8474596,G
8475455,D
8475791,L
8475883,G
8476292,L
8476462,D
8476822,C
8476906,D
8476921,L
8476958,D
8477015,R
8477478,L
8477488,D
8477940,L
8478399,D
8478414,R
8478427,C
8478970,D
8479407,L
8479996,C
8480002,C
8480336,D
8480762,L
8480817,D
8480829,C
8480830,R
8481032,L
8481559,C
8481721,R
8482093,C
8482100,D
8482110,C
8482684,D
8482702,C
8482809,R
8483495,D
8483548,G
8474567,D
8474716,D
8475149,L
8475170,C
8475220,L
8475753,D
8475760,C
8475764,D
8475765,R
8476412,G
8476892,D
8476994,C
8477402,L
8477451,R
8477573,L
8478136,D
8478472,R
8478493,C
8478508,C
8478864,L
8479385,R
8479406,G
8480023,C
8480281,R
8480459,C
8480981,G
8481006,D
8481557,L
8481598,D
8482077,L
8482079,C
8482089,L
8482122,D
8482661,G
8482733,D
8483452,C
8483460,D
8483499,L
8483516,R
8484798,D
8474564,C
8474600,D
8475158,C
8475287,L
8475745,C
8475790,D
8476432,C
8476539,R
8476869,D
8476887,L
8476923,D
8477424,G
8477425,L
8477446,C
8477497,C
8478007,G
8478047,L
8478460,D
8478500,D
8479370,C
8479371,D
8479671,R
8479944,C
8480246,D
8480806,C
8480893,R
8481020,G
8481056,D
8481716,L
8482062,R
8482111,D
8482482,D
8482660,C
8482705,C
8482768,C
8482982,G
8483465,R
8483485,D
8484166,C
8485405,C
8473604,C
8474568,D
8474679,R
8475168,C
8475794,C
8475799,R
8476278,C
8476331,D
8476460,C
8476480,C
8476871,L
8476889,C
8476902,D
8476945,G
8477480,G
8477504,D
8477938,D
8478398,L
8478420,R
8478449,C
8479193,G
8479351,C
8479378,D
8479414,R
8479979,G
8480014,C
8480027,L
8480036,D
8480113,L
8480145,D
8480289,C
8480878,D
8480950,D
8481043,L
8481581,D
8482145,C
8482740,C
8482787,R
8483425,D
8484829,C
8474013,D
8475461,L
8476874,D
8477220,D
8477951,C
8477970,G
8478474,L
8478507,D
8478831,C
8478872,G
8479293,L
8479343,R
8479410,D
8479977,R
8480434,D
8480855,C
8482175,R
8482699,R
8483431,C
8484386,D
8474574,D
8475169,L
8475762,D
8477967,G
8477969,D
8478444,R
8478498,L
8478856,R
8479425,D
8480012,C
8480078,C
8480748,L
8480800,D
8480947,G
8482055,L
8482691,C
8483395,L
8483476,R
8483678,D
8485385,C
8471817,R
8475181,D
8475200,D
8475726,C
8475784,L
8475906,D
8476624,C
8477018,D
8477505,C
8477968,G
8478874,R
8479983,D
8480043,D
8480798,C
8480848,C
8482137,G
8482166,D
8482667,L
8484227,C
8484801,C
8484911,R
8473986,L
8474586,R
8475184,L
8475462,D
8475768,L
8475798,C
8475831,G
8475852,G
8476457,D
8476467,D
8476885,D
8476905,C
8477527,L
8477919,C
8477955,L
8477986,D
8478366,R
8478407,D
8478873,R
8478916,G
8478975,L
8479324,D
8479372,D
8480009,R
8480068,C
8480843,G
8481563,D
8481605,D
8481789,L
8482118,R
8482665,C
8482745,C
8482751,C
8482803,D
8483445,L
8483490,D
8483497,R
8483524,C
8484153,C
8484762,R
8480074,L
8484180,L
8484768,D
8480887,D
8482671,D
8482896,C
8480879,D
8481013,R
8479772,R
8482090,C
8484304,D
8483553,C
8475810,R
8481704,C
8483733,R
8484779,C
8482117,L
8482146,R
8476463,D
8482470,D
8481754,C
8484806,D
8476899,G
8477380,C
8477947,L
8480990,D
8481525,D
8482623,C
8482655,D
8480245,R
8481606,D
8482095,D
8476525,D
8474037,L
8484158,R
8482126,D
8481161,D
8483531,L
8483768,D
8483525,R
8479619,L
8480849,C
8482103,C
8478458,C
8479442,D
8481133,L
8482624,D
8475755,D
8476422,D
8476873,L
8485402,C
8476856,D
8477365,D
8480208,R
8484145,L
8481593,D
8481560,R
8482076,G
8481237,C
8481546,D
8484135,C
8482475,R
8477454,L
8481024,C
8484136,C
8479705,L
8477831,G
8482726,C
8476927,C
8477070,C
8479576,D
8482861,D
8480871,D
8477508,C
8477401,C
8479985,D
8480813,C
8483424,C
8475752,C
8482516,D
8483565,D
8481556,C
8482947,C
8476456,L
8482125,R
8482172,L
8482178,D
8480259,C
8484800,C
8484305,D
8483471,C
8484428,D
8478013,D
8481544,G
8476425,C
8480058,D
8482496,C
8483570,C
8483573,C
8470621,R
8476474,R
8483500,C
8482749,R
8480828,D
8483752,C
8476897,C
8484241,R
8482911,D
8477541,D
8479026,D
8480045,G
8481569,D
8476878,C
8480426,D
8481655,R
8482761,G
8483710,G
8475795,D
8479980,D
8484203,L
8482072,D
8480840,C
8482747,L
8482411,G
8483503,D
8480891,D
8478424,C
8479393,L
8481219,D
8481562,D
8478476,D
8477996,C
8478406,G
8483429,D
8484240,D
8478104,L
8478413,L
8482783,G
8476907,L
8484164,R
8480825,R
8479421,D
8484221,C
8482953,L
8482765,R
8481848,C
8479395,D
8481554,R
8482206,R
8484197,C
8481611,G
8483039,C
8476392,C
8476872,C
8478062,D
8482165,D
8477435,D
8478046,L
8479533,L
8483703,G
8482094,D
8482877,R
8475692,R
8475763,R
8478841,D
8479336,R
8482634,C
8482858,D
8480238,G
8483432,C
8484160,C
8478173,R
8480084,D
8482149,C
8484210,R
8477406,C
8477149,R
8479383,L
8482515,G
8476458,C
8480819,G
8482209,C
8483890,R
8480049,D
8481715,D
8481592,L
8483728,C
8481594,R
8482941,L
8475786,L
8479361,G
8482859,C
8482666,D
8479362,L
8481712,R
8480144,C
8484901,C
8477463,D
8483398,D
8473994,L
8481609,D
8484821,C
8477426,L
8483433,R
8484168,C
8483676,C
8481591,R
8483114,G
8476867,C
8484403,L
8484529,C
8484255,R
8481477,C
8482132,L
8482193,G
8476979,D
8482698,C
8483510,D
8482785,C
8474090,D
8484214,C
8483930,C
8483686,D
8478024,G
8484268,G
8483567,C
8484262,D
8483513,L
8479291,C
8478211,L
8478147,L
8483487,R
8483746,G
8483630,L
8480021,C
8477484,G
8479394,G
8483472,D
8484388,L
8481599,D
8483463,C
8478502,D
8477990,G
8481065,C
8482484,G
8477574,G
8478039,G
8479644,R
8483532,G
8481535,L
8480528,G
8482804,D
8483711,G
8484150,D
8481567,D
8483841,C
8484170,G
8482188,G
8477952,C
8481070,L
8482479,C
8477979,R
8482641,D
8482167,R
8476952,C
8484185,L
8479368,L
8482874,R
8477499,D
8481077,L
8481030,D
8485511,R
8484994,L
8484230,C
8479388,D
8482781,D
8477021,C
8484142,C
8483491,L
8478971,G
8477405,G
8485907,G
8482673,R
8482168,D
8480191,G
8477034,D
8475413,C
8476988,D
8484287,D
8482465,G
8477320,L
8485465,G
8481517,R
8482766,L
8481732,L
8483406,R
8485512,C
8483526,C
8479639,D
8482451,L
8482123,G
8483203,G
8483466,D
8476391,C
8483771,L
8485729,G
8480192,D
8473503,G
8483766,D
8479550,C
8481600,D
8484797,C
8479718,C
8479314,L
8478967,C
8482192,D
8484177,R
8481028,C
8480007,R
8483448,D
8481547,D
8485473,G
8483756,R
8484509,C
8477971,D
8479387,D
8483505,C
8483546,D
8477361,G
8485251,C
8482993,R
8484933,D
8484938,R
8481572,D
8480022,G
8482153,C
8484312,G
8482742,L
8479942,R
8482652,R
8481707,G
8483675,C
8483699,D
8481534,C
8477931,L
8482657,G
8482715,D
8483258,G
8483731,L
8475718,D
8480870,C
8484188,D
8486095,G
8479543,L
8480326,C
8482107,D
8476316,G
8481518,L
8484873,D
8482067,D
8483575,G
8475253,L
8482162,L
8486056,C
8481575,D
8483435,D
8484759,D
8485391,C
8481186,R
8483669,L
8484793,C
8485545,G
8484169,D
8482802,L
8478888,C
8485406,R
8483444,C
8480075,D
8484406,C
8483397,C
8482731,D
8481526,G
8482663,L
8484234,L
8481064,G
8484999,L
8483687,D
8483712,D
8485467,C
8480291,C
8481004,L
8477851,D
8483668,G
8482174,D
8484380,C
8483709,D
8484910,G
8484220,D
8485395,C
8482873,D
8483467,D
8483182,G
8482525,C
8486166,D
8484152,D
8484242,C
8480853,C
8482187,D
8484392,R
8485388,R
8478409,C
8483760,D
8484148,D
8481093,L
8486169,D
8475857,D
8483482,D
8483696,R
8482949,G
