player_id,games_played,goals,assists,points,gwg,ot_goals,shots,shooting_pctg,pim,plus_minus,pp_goals,pp_points,sh_goals,sh_points
8473419,52,27,27,54,3,1,138,0.195652,38,-16,6,20,0,0
8473422,54,4,11,15,0,0,49,0.081633,44,2,0,2,0,2
8473507,67,0,9,9,0,0,54,0.0,24,-15,0,2,0,0
8475179,19,0,0,0,0,0,15,0.0,10,-5,0,0,0,0
8476473,80,5,12,17,0,0,70,0.071429,71,-2,0,0,0,1
8476882,75,14,21,35,2,0,89,0.157303,6,-30,7,19,1,1
8476891,69,0,12,12,0,0,68,0.0,32,-9,0,3,0,1
8477409,77,25,30,55,4,0,187,0.13369,32,-14,6,11,0,0
8477444,75,11,22,33,1,0,87,0.126437,16,-32,3,10,0,0
8477450,64,7,10,17,1,0,73,0.09589,20,-10,0,0,1,2
8477479,79,32,26,58,3,1,164,0.195122,42,-16,11,21,0,0
8477495,52,7,25,32,0,0,88,0.079545,18,-3,5,16,0,0
8477932,72,4,22,26,3,0,97,0.041237,55,-5,1,5,0,1
8477933,64,29,32,61,6,1,166,0.174699,10,-18,11,25,3,4
8477935,76,26,32,58,5,1,201,0.129353,82,-10,5,14,0,0
8477987,82,15,15,30,2,1,122,0.122951,46,-16,1,2,0,0
8478043,29,1,1,2,0,0,9,0.111111,14,-2,0,0,0,0
8478055,80,2,26,28,1,0,112,0.017857,51,-5,0,2,0,0
8478421,78,17,15,32,2,0,104,0.163462,113,14,1,1,0,0
8478542,69,11,20,31,0,0,160,0.06875,38,-16,1,5,1,1
8478859,68,3,8,11,0,0,68,0.044118,47,-1,0,0,0,0
8479316,62,4,6,10,1,0,49,0.081633,47,-6,0,0,0,0
8479981,10,0,3,3,0,0,8,0.0,7,2,0,0,0,0
8480003,73,4,9,13,1,0,64,0.0625,16,-11,0,1,0,0
8480185,73,11,22,33,0,0,107,0.102804,32,4,1,1,0,1
8481624,77,18,18,36,2,0,123,0.146341,18,2,0,0,1,3
8482113,64,18,26,44,3,0,138,0.130435,34,-8,4,15,2,4
8482176,77,6,11,17,1,0,75,0.08,34,-16,0,0,0,0
8482703,61,5,8,13,1,0,58,0.086207,52,-15,1,2,0,0
8482713,77,12,20,32,1,0,161,0.074534,30,-5,4,10,0,0
8482807,19,0,1,1,0,0,18,0.0,18,-11,0,0,0,0
8483450,81,12,17,29,1,0,109,0.110092,14,-14,1,4,1,1
8483493,66,15,26,41,3,1,138,0.108696,26,-21,4,12,1,1
8483506,54,4,10,14,1,0,83,0.048193,44,-7,0,1,0,0
8484144,69,30,45,75,5,1,226,0.132743,50,-18,7,21,0,0
8484783,68,2,22,24,0,0,84,0.02381,44,-41,1,11,0,0
8471215,56,19,42,61,3,0,148,0.128378,61,13,4,22,0,0
8471675,68,29,45,74,4,1,160,0.18125,44,0,10,23,0,0
8471724,74,3,31,34,2,2,104,0.028846,38,-4,1,10,0,0
8474578,75,15,51,66,0,0,176,0.085227,22,8,4,26,0,0
8475842,73,9,7,16,1,0,75,0.12,65,2,0,0,0,1
8476389,67,16,37,53,1,0,114,0.140351,64,-16,2,16,2,2
8476459,81,34,44,78,3,0,215,0.15814,14,-20,16,35,2,2
8476468,68,17,36,53,5,3,144,0.118056,33,-30,6,19,0,1
8476483,60,24,24,48,1,0,166,0.144578,8,-2,7,16,1,2
8477369,76,5,7,12,0,0,62,0.080645,38,-6,0,0,0,0
8477511,81,33,31,64,2,0,152,0.217105,43,10,7,13,0,0
8477839,62,7,11,18,1,0,81,0.08642,14,1,0,2,1,1
8478438,82,16,26,42,2,1,130,0.123077,24,1,5,7,0,0
8478450,80,3,27,30,1,0,70,0.042857,55,17,0,0,0,2
8478452,7,0,1,1,0,0,5,0.0,0,1,0,0,0,0
8478550,78,28,56,84,4,0,224,0.125,20,-7,4,23,0,0
8478569,67,13,12,25,1,0,93,0.139785,25,14,0,0,0,0
8478840,75,5,10,15,2,0,69,0.072464,41,3,0,0,0,0
8478854,80,6,29,35,0,0,72,0.083333,22,30,0,0,0,0
8478882,82,14,21,35,1,1,119,0.117647,50,-8,3,6,0,1
8479323,55,9,44,53,1,0,91,0.098901,20,5,5,24,0,1
8479390,68,9,10,19,0,0,53,0.169811,12,5,0,1,1,1
8479638,64,17,17,34,4,0,104,0.163462,14,5,3,5,0,0
8480001,34,0,6,6,0,0,23,0.0,14,0,0,0,0,0
8480980,78,14,16,30,2,0,110,0.127273,19,16,0,0,1,2
8481481,55,7,12,19,1,0,49,0.142857,25,6,0,0,1,1
8481577,9,0,1,1,0,0,9,0.0,0,-2,0,0,0,0
8481726,35,3,2,5,1,0,31,0.096774,2,1,0,0,0,0
8482073,82,2,16,18,0,0,102,0.019608,26,-5,0,0,0,0
8482109,82,24,33,57,5,0,164,0.146341,20,-7,9,15,0,0
8482157,82,20,18,38,1,1,157,0.127389,65,-12,4,8,0,0
8482460,26,1,0,1,0,0,15,0.066667,11,-4,0,0,0,0
8482758,39,2,5,7,0,0,36,0.055556,10,-10,1,4,0,0
8483690,74,9,15,24,1,0,73,0.123288,31,2,3,5,0,0
8484839,9,1,0,1,0,0,8,0.125,6,-4,0,0,0,0
8485414,77,17,18,35,4,0,151,0.112583,18,-5,4,10,1,2
8470613,82,12,23,35,5,0,172,0.069767,32,33,0,1,0,0
8471685,67,12,26,38,1,0,101,0.118812,10,19,5,12,0,0
8474563,72,5,18,23,0,0,101,0.049505,40,4,0,1,0,1
8475208,82,2,15,17,0,0,61,0.032787,22,-1,0,0,0,1
8475754,81,33,32,65,9,1,186,0.177419,36,15,10,18,0,1
8476312,79,5,26,31,2,0,128,0.039063,91,42,0,0,0,0
8476441,82,2,21,23,0,0,104,0.019231,25,14,0,3,0,1
8476455,60,14,21,35,2,0,132,0.106061,47,29,2,5,0,0
8476469,67,13,12,25,1,0,92,0.141304,30,1,1,1,4,5
8476479,75,6,11,17,1,0,91,0.065934,26,-3,0,0,1,2
8476879,82,1,8,9,0,0,59,0.016949,16,-10,0,0,0,1
8477476,70,21,27,48,0,0,153,0.137255,16,32,1,2,0,0
8477492,80,53,74,127,7,1,350,0.151429,39,57,11,30,0,0
8477501,72,17,32,49,1,0,160,0.10625,26,9,1,4,1,1
8477942,56,18,22,40,2,0,147,0.122449,34,-11,4,17,0,0
8477960,81,36,37,73,8,4,226,0.159292,58,14,4,12,0,2
8477998,68,13,4,17,5,0,105,0.12381,18,0,1,1,0,0
8478038,68,3,21,24,1,0,115,0.026087,32,37,1,1,0,0
8478109,78,13,18,31,4,0,147,0.088435,6,5,2,7,0,0
8479398,60,3,16,19,1,0,41,0.073171,23,17,0,0,0,0
8479525,73,9,15,24,2,0,153,0.058824,13,9,0,0,0,0
8479675,69,13,19,32,2,1,159,0.081761,8,0,0,1,1,2
8479998,80,4,16,20,1,0,61,0.065574,22,8,0,0,0,0
8480039,78,38,62,100,5,0,206,0.184466,30,47,9,24,0,0
8480069,75,20,59,79,4,0,199,0.100503,24,32,4,29,0,0
8480448,82,21,14,35,2,0,104,0.201923,30,18,0,0,1,1
8480835,82,10,17,27,0,0,99,0.10101,31,15,0,0,0,0
8481532,62,3,11,14,0,0,67,0.044776,21,-8,0,0,0,0
8481641,51,3,6,9,0,0,50,0.06,8,7,0,0,0,0
8482124,79,24,25,49,4,3,180,0.133333,46,-2,4,11,0,1
8482155,82,21,23,44,3,0,209,0.100478,18,3,3,5,2,2
8482408,58,3,6,9,0,0,54,0.055556,55,-9,0,0,0,0
8482730,82,8,32,40,2,0,159,0.050314,63,11,2,13,0,0
8483808,52,13,12,25,3,0,69,0.188406,16,-4,8,13,0,0
8484149,56,6,7,13,4,1,62,0.096774,8,2,0,0,0,0
8484258,82,8,32,40,1,0,164,0.04878,22,43,0,1,0,0
8475166,82,31,40,71,4,2,192,0.161458,28,-28,12,21,0,0
8475171,78,8,31,39,0,0,108,0.074074,70,-6,0,9,0,0
8475690,11,0,2,2,0,0,8,0.0,0,8,0,0,0,0
8475714,56,6,2,8,0,0,45,0.133333,8,-15,0,0,0,0
8475848,77,7,16,23,0,0,121,0.057851,39,0,2,5,0,0
8476853,78,11,25,36,2,0,141,0.078014,29,-18,1,6,0,0
8476875,78,7,30,37,3,1,114,0.061404,34,9,0,1,1,2
8476931,80,5,20,25,0,0,77,0.064935,64,3,0,0,0,0
8476981,72,14,9,23,1,0,89,0.157303,90,-4,0,0,2,4
8477503,80,12,24,36,3,1,118,0.101695,95,-29,2,8,0,0
8477939,65,30,49,79,4,3,156,0.192308,16,-14,7,22,0,0
8478057,55,10,8,18,2,0,52,0.192308,49,-2,0,0,0,0
8478133,68,12,12,24,2,1,75,0.16,28,-8,0,0,2,2
8478443,55,0,7,7,0,0,66,0.0,37,4,0,0,0,1
8478462,74,8,17,25,0,0,76,0.105263,23,0,2,2,0,1
8478851,73,7,15,22,0,0,56,0.125,34,2,0,0,0,0
8478904,71,7,11,18,0,0,70,0.1,16,-2,0,0,2,2
8479318,60,27,26,53,3,1,227,0.118943,18,-4,5,12,0,0
8479339,5,0,1,1,0,0,6,0.0,2,-3,0,0,0,0
8480018,82,29,72,101,2,1,183,0.15847,28,37,11,43,1,1
8480865,80,12,35,47,1,0,158,0.075949,34,5,2,7,0,1
8481122,73,0,6,6,0,0,60,0.0,41,-22,0,0,0,0
8481523,37,8,7,15,0,0,47,0.170213,31,-2,0,2,0,0
8481540,81,51,37,88,12,5,258,0.197674,14,29,11,29,0,0
8481582,78,16,16,32,1,0,127,0.125984,10,-13,2,4,0,0
8481618,42,13,12,25,2,1,61,0.213115,10,9,2,3,0,0
8481711,71,14,25,39,2,0,90,0.155556,16,-23,2,8,0,0
8482087,39,2,9,11,2,0,40,0.05,41,5,0,0,0,0
8482259,78,29,17,46,3,0,183,0.15847,42,-3,4,6,0,0
8482720,79,23,43,66,2,0,140,0.164286,29,-30,6,16,1,1
8482737,78,12,18,30,3,0,101,0.118812,28,-6,3,6,0,0
8482775,82,22,15,37,2,0,131,0.167939,22,4,1,1,1,3
8482964,65,1,3,4,0,0,40,0.025,116,-8,0,0,0,0
8483457,82,12,66,78,3,1,124,0.096774,34,36,2,20,0,0
8483515,82,30,43,73,4,0,180,0.166667,52,9,15,28,0,0
8484984,82,19,43,62,4,0,127,0.149606,34,3,7,20,0,0
8471214,82,32,32,64,5,0,244,0.131148,26,-5,5,19,0,0
8474590,71,14,46,60,1,0,153,0.091503,32,9,2,14,0,0
8475343,75,5,16,21,0,0,66,0.075758,73,-4,0,0,1,1
8476374,82,6,16,22,1,0,110,0.054545,41,0,0,0,0,0
8476854,67,5,21,26,2,0,100,0.05,58,3,1,4,0,0
8476880,72,30,32,62,3,0,153,0.196078,117,15,7,12,1,1
8477496,69,17,31,48,3,0,114,0.149123,38,-7,7,20,0,0
8477507,81,2,20,22,1,0,107,0.018692,152,18,0,0,0,0
8477845,68,3,11,14,2,0,44,0.068182,18,6,0,0,0,0
8477956,77,29,71,100,4,1,261,0.111111,72,4,10,33,0,0
8478042,69,25,29,54,6,0,175,0.142857,24,20,4,9,0,0
8478401,78,30,35,65,4,2,131,0.229008,28,4,11,22,0,0
8478440,80,19,39,58,2,0,143,0.132867,46,2,6,21,0,0
8478463,82,15,13,28,4,0,155,0.096774,30,7,1,1,0,1
8478911,79,2,17,19,0,0,94,0.021277,12,18,0,0,0,0
8479325,69,11,50,61,1,1,111,0.099099,62,13,2,23,0,0
8479345,80,26,34,60,8,2,221,0.117647,62,20,8,18,0,0
8479369,77,5,9,14,0,0,82,0.060976,22,-12,0,0,0,0
8479400,29,5,14,19,0,0,42,0.119048,19,-4,3,6,0,0
8479520,82,4,5,9,0,0,64,0.0625,78,-2,0,0,1,1
8479591,56,8,10,18,1,0,109,0.073394,31,-3,1,4,0,0
8479661,77,6,16,22,1,0,78,0.076923,66,-4,0,1,0,0
8479987,81,39,29,68,6,1,181,0.21547,22,-5,12,24,0,0
8479999,71,15,27,42,2,0,80,0.1875,12,12,2,7,0,0
8480035,41,2,13,15,1,0,40,0.05,14,2,0,2,0,0
8480355,82,12,10,22,4,0,100,0.12,140,6,0,1,1,1
8480796,81,5,22,27,0,0,73,0.068493,39,15,0,0,0,0
8480873,73,5,24,29,1,0,90,0.055556,12,4,0,1,0,0
8481580,78,14,32,46,5,1,142,0.098592,30,8,2,5,0,1
8481656,76,25,27,52,5,0,159,0.157233,20,20,0,1,2,3
8482088,78,15,20,35,1,1,108,0.138889,35,17,3,3,0,0
8482148,74,4,12,16,0,0,53,0.075472,31,0,0,0,0,0
8482177,77,15,18,33,1,1,78,0.192308,16,12,0,1,0,0
8482511,73,7,19,26,0,0,72,0.097222,20,17,2,5,0,0
8483489,82,17,18,35,2,2,116,0.146552,20,21,1,3,0,1
8484186,75,20,25,45,3,0,153,0.130719,47,2,4,14,0,0
8474150,82,17,26,43,3,0,186,0.091398,16,7,1,3,1,5
8474641,65,3,12,15,0,0,91,0.032967,18,-12,0,3,0,2
8475172,77,16,34,50,2,0,213,0.075117,30,-30,5,19,0,0
8475218,82,6,35,41,2,0,131,0.045802,30,32,0,3,0,0
8476399,69,20,15,35,3,0,176,0.113636,49,12,0,1,4,4
8476454,72,20,36,56,2,0,133,0.150376,21,-9,11,29,0,1
8476967,83,1,11,12,0,0,95,0.010526,38,-4,0,0,0,0
8477346,79,4,24,28,0,0,154,0.025974,88,-33,0,6,0,1
8477498,82,7,17,24,0,0,164,0.042683,104,-12,0,0,0,2
8477810,68,0,7,7,0,0,43,0.0,44,-5,0,0,0,0
8477934,65,35,62,97,3,1,186,0.188172,26,13,16,42,1,1
8477953,41,8,9,17,0,0,65,0.123077,14,5,0,0,0,0
8477993,20,1,1,2,1,0,11,0.090909,2,1,0,0,0,0
8478233,62,8,8,16,1,0,58,0.137931,42,-21,0,0,0,0
8478397,81,17,30,47,0,0,178,0.095506,71,4,6,13,1,1
8478402,82,48,90,138,4,1,306,0.156863,44,17,13,54,1,2
8479066,57,4,5,9,1,0,53,0.075472,59,-4,0,0,0,0
8479365,74,4,3,7,1,0,77,0.051948,58,-15,0,0,0,0
8479402,16,1,1,2,0,0,16,0.0625,16,-7,0,0,0,0
8480028,82,22,21,43,3,1,140,0.157143,28,-16,8,16,0,0
8480797,82,20,18,38,2,0,142,0.140845,28,-9,1,3,4,5
8480803,82,21,74,95,5,3,221,0.095023,30,25,7,33,0,2
8480831,29,0,3,3,0,0,18,0.0,35,-16,0,0,0,0
8480834,72,2,10,12,1,0,46,0.043478,23,-1,0,0,0,0
8480860,76,4,14,18,2,0,57,0.070175,47,2,0,1,0,1
8481068,78,15,14,29,1,0,142,0.105634,12,-20,4,7,1,1
8481167,39,1,6,7,0,0,28,0.035714,47,-1,0,0,0,0
8481491,17,2,1,3,0,0,14,0.142857,4,-7,0,0,0,0
8481617,82,19,18,37,5,0,139,0.136691,63,16,1,3,0,0
8482074,74,12,13,25,3,1,110,0.109091,22,-9,2,7,0,0
8482679,80,18,27,45,3,0,197,0.091371,32,-29,7,15,0,0
8483455,29,2,3,5,0,0,36,0.055556,12,-6,0,0,0,0
8483512,82,18,19,37,5,0,138,0.130435,24,6,5,7,2,2
8483609,79,6,12,18,0,0,80,0.075,112,-12,1,2,0,0
8484860,37,6,14,20,0,0,70,0.085714,2,-14,1,7,0,0
8485493,22,3,2,5,0,0,30,0.1,10,-6,0,2,0,0
8475188,63,5,7,12,1,0,81,0.061728,26,2,0,0,0,0
8475191,69,16,10,26,3,1,95,0.168421,4,-9,1,1,1,1
8475913,60,28,45,73,4,2,130,0.215385,9,26,9,27,1,2
8476438,49,3,6,9,0,0,78,0.038462,14,-7,0,0,0,0
8476448,14,4,3,7,1,0,30,0.133333,4,-1,1,1,1,1
8476881,82,24,34,58,4,2,202,0.118812,39,-17,13,25,0,0
8476925,66,6,5,11,2,0,74,0.081081,28,-11,0,2,0,0
8477447,70,10,29,39,3,0,130,0.076923,24,19,2,5,0,0
8477964,82,23,38,61,3,0,133,0.172932,14,20,2,6,0,0
8478396,71,3,25,28,0,0,135,0.022222,14,0,0,7,0,0
8478403,74,27,63,90,6,3,260,0.103846,18,23,1,28,1,3
8478434,82,6,11,17,0,0,67,0.089552,55,-14,0,0,0,1
8478468,68,1,12,13,0,0,73,0.013699,89,-3,0,0,0,0
8478483,81,24,56,80,2,0,165,0.145455,24,17,5,24,0,1
8479353,58,12,10,22,1,0,66,0.181818,41,-9,0,3,0,0
8480727,78,2,15,17,0,0,67,0.029851,30,-6,0,0,0,0
8481527,78,3,13,16,0,0,60,0.05,26,6,0,0,0,0
8481604,82,37,27,64,4,0,230,0.16087,24,-3,20,30,0,0
8481568,81,2,19,21,0,0,86,0.023256,17,-16,0,0,0,1
8481806,78,7,18,25,1,0,114,0.061404,63,-2,0,0,1,2
8475722,62,24,21,45,7,0,128,0.1875,23,-5,10,16,0,0
8477419,5,0,0,0,0,0,1,0.0,12,-1,0,0,0,0
8477949,79,33,33,66,2,1,195,0.169231,57,24,7,9,3,5
8479359,81,7,7,14,0,0,72,0.097222,38,0,0,0,1,1
8479420,81,40,41,81,5,0,272,0.147059,35,-6,6,24,0,1
8479941,4,0,0,0,0,0,2,0.0,2,-2,0,0,0,0
8479982,39,0,8,8,0,0,44,0.0,18,-8,0,0,0,0
8480064,44,13,21,34,3,0,69,0.188406,28,11,2,9,0,0
8480196,50,2,6,8,0,0,22,0.090909,10,-9,0,0,0,0
8480802,81,14,40,54,1,0,90,0.155556,16,25,0,7,5,6
8480807,78,13,28,41,3,1,109,0.119266,28,41,0,0,1,3
8480839,77,19,55,74,0,0,194,0.097938,76,18,6,22,0,0
8481522,82,12,27,39,4,0,93,0.129032,78,13,0,1,0,0
8481524,82,11,31,42,5,1,109,0.100917,48,15,1,7,0,1
8481564,3,0,0,0,0,0,0,0.0,2,0,0,0,0,0
8482097,82,20,31,51,4,0,191,0.104712,18,4,4,11,0,0
8482659,82,25,27,52,4,0,170,0.147059,25,-4,9,17,0,0
8483468,12,3,2,5,0,0,20,0.15,4,-4,0,0,0,0
8474141,67,16,41,57,4,0,169,0.094675,16,-1,2,19,0,0
8474612,26,0,2,2,0,0,21,0.0,29,-11,0,0,0,0
8475279,82,5,10,15,0,0,103,0.048544,75,-9,0,0,0,0
8477429,79,9,34,43,1,1,115,0.078261,24,3,1,8,0,0
8477456,82,11,17,28,1,0,95,0.115789,27,-13,0,1,0,0
8477946,74,34,33,67,9,4,229,0.148472,48,3,14,24,1,1
8478891,65,6,8,14,2,0,63,0.095238,44,-4,0,0,0,1
8479337,82,41,44,85,6,2,287,0.142857,19,8,15,23,0,0
8479992,64,6,8,14,0,0,65,0.092308,8,-10,0,0,1,1
8481542,82,10,50,60,2,1,187,0.053476,57,15,3,28,0,0
8481607,82,3,8,11,1,0,61,0.04918,16,-18,0,0,1,2
8481725,59,7,6,13,1,0,69,0.101449,23,-1,0,0,0,0
8482078,80,25,51,76,5,0,173,0.144509,22,1,7,27,0,0
8482762,72,9,16,25,2,1,88,0.102273,75,12,0,1,0,1
8483464,81,9,10,19,2,0,131,0.068702,33,-20,1,2,0,1
8484223,68,7,14,21,1,0,68,0.102941,18,-20,1,7,0,0
8484471,82,13,17,30,1,0,120,0.108333,6,-10,4,8,0,0
8484794,14,0,1,1,0,0,20,0.0,2,-5,0,0,0,0
8473512,82,14,35,49,3,0,138,0.101449,22,20,1,13,0,0
8474102,65,13,15,28,1,0,93,0.139785,40,-7,3,8,0,0
8474151,48,6,15,21,0,0,39,0.153846,6,14,0,0,0,0
8474189,68,5,10,15,2,0,67,0.074627,12,5,0,0,1,1
8475167,33,1,16,17,0,0,50,0.02,10,-1,0,6,0,0
8475324,61,4,13,17,0,0,36,0.111111,22,-2,0,0,0,0
8476393,81,9,14,23,1,0,79,0.113924,92,8,0,0,0,0
8476453,76,44,86,130,8,2,231,0.190476,50,43,8,37,1,1
8476826,82,9,19,28,2,0,114,0.078947,66,-6,0,0,0,0
8477073,19,0,1,1,0,0,4,0.0,33,-5,0,0,0,0
8477404,81,38,50,88,5,2,220,0.172727,61,13,8,30,2,2
8477416,80,12,20,32,1,0,130,0.092308,16,-14,9,14,0,0
8478010,63,18,32,50,0,0,129,0.139535,14,12,6,11,0,0
8478020,81,15,20,35,2,0,96,0.15625,18,13,0,0,0,1
8478178,73,22,48,70,6,1,212,0.103774,72,21,10,26,0,0
8478416,61,3,8,11,1,0,53,0.056604,74,3,0,0,0,1
8478469,57,7,24,31,0,0,99,0.070707,22,6,2,7,1,2
8478519,71,23,29,52,3,1,125,0.184,48,38,3,4,2,4
8479542,71,36,38,74,6,0,214,0.168224,58,34,5,12,1,1
8480188,82,17,16,33,3,0,132,0.128788,16,-1,5,8,0,0
8480801,60,22,37,59,3,1,221,0.099548,71,4,5,20,1,1
8480876,43,1,3,4,0,0,29,0.034483,108,-3,0,0,0,0
8480995,70,11,11,22,2,0,90,0.122222,31,1,0,0,0,0
8481528,82,28,31,59,3,0,205,0.136585,59,-7,13,29,0,0
8481596,72,23,23,46,2,0,157,0.146497,42,6,5,5,2,4
8481719,35,1,9,10,0,0,46,0.021739,40,7,0,0,0,1
8482070,11,0,1,1,0,0,9,0.0,4,-2,0,0,0,0
8482092,77,13,22,35,2,0,129,0.100775,83,12,1,3,1,1
8482105,67,14,40,54,3,0,147,0.095238,8,16,5,22,0,0
8482116,80,34,49,83,5,2,194,0.175258,39,7,9,29,2,2
8482131,42,0,8,8,0,0,33,0.0,68,-5,0,0,0,0
8482201,74,11,22,33,2,0,77,0.142857,41,26,0,2,0,0
8482245,81,5,25,30,0,0,92,0.054348,57,22,0,0,0,0
8482929,50,4,8,12,2,0,43,0.093023,61,15,0,0,0,0
8483447,14,1,2,3,0,0,10,0.1,8,-3,0,0,0,0
8484321,50,0,5,5,0,0,37,0.0,16,-1,0,0,0,1
8475235,31,0,2,2,0,0,18,0.0,38,-3,0,0,0,0
8476372,80,4,6,10,0,0,94,0.042553,38,1,0,0,0,0
8476461,78,12,24,36,2,0,119,0.10084,30,-5,0,1,0,0
8477903,66,1,2,3,0,0,34,0.029412,59,-6,0,0,0,0
8477948,81,11,26,37,1,1,95,0.115789,20,12,1,3,1,3
8477989,80,18,33,51,2,0,151,0.119205,27,11,3,5,0,1
8478439,77,27,41,68,2,0,168,0.160714,59,14,2,14,1,2
8478454,52,1,9,10,0,0,26,0.038462,15,3,0,0,0,0
8479022,42,3,7,10,0,0,43,0.069767,22,-1,0,0,1,2
8480015,81,28,23,51,2,0,220,0.127273,32,-6,3,7,3,3
8480220,82,18,29,47,4,2,132,0.136364,44,26,3,9,1,1
8480874,5,0,0,0,0,0,2,0.0,0,0,0,0,0,0
8481178,33,0,3,3,0,0,18,0.0,4,6,0,0,0,0
8481533,81,26,41,67,5,1,167,0.155689,62,0,10,23,0,0
8481553,68,15,15,30,3,0,104,0.144231,24,-7,3,7,0,0
8482142,78,8,24,32,3,0,101,0.079208,33,-3,1,9,0,0
8482159,29,13,4,17,2,0,61,0.213115,22,8,3,4,0,0
8484387,81,20,31,51,3,1,163,0.122699,71,0,4,12,0,0
8475151,25,6,12,18,1,0,71,0.084507,8,-2,1,5,1,1
8475231,81,10,8,18,0,0,80,0.125,20,-3,0,0,1,2
8475314,82,19,23,42,4,0,199,0.095477,44,0,5,8,0,0
8476419,74,17,18,35,4,2,81,0.209877,4,0,0,1,3,7
8476429,80,2,13,15,0,0,71,0.028169,83,-11,0,0,0,0
8476917,82,4,12,16,2,0,122,0.032787,50,4,0,0,1,2
8477407,62,12,15,27,2,0,74,0.162162,12,0,4,6,0,0
8477494,64,4,20,24,0,0,86,0.046512,19,-5,1,6,0,0
8477500,68,31,26,57,7,2,226,0.137168,40,8,7,16,1,1
8477506,76,3,24,27,0,0,93,0.032258,16,9,0,1,0,1
8477950,76,5,30,35,1,0,148,0.033784,43,-5,1,7,0,0
8478445,81,19,53,72,4,2,184,0.103261,61,10,2,20,0,0
8480842,13,1,3,4,1,0,22,0.045455,2,4,0,0,1,1
8481014,15,0,1,1,0,0,17,0.0,6,-7,0,0,0,0
8481601,79,19,22,41,5,2,100,0.19,16,4,1,4,2,4
8482476,82,22,9,31,1,0,174,0.126437,18,-13,4,4,0,0
8484958,49,2,2,4,0,0,42,0.047619,6,-17,0,0,0,0
8485366,82,23,36,59,4,2,222,0.103604,38,13,8,18,0,0
8485702,44,5,13,18,0,0,56,0.089286,2,-5,0,5,0,0
8473533,75,20,16,36,4,0,107,0.186916,29,5,4,4,0,1
8474149,24,1,0,1,0,0,21,0.047619,2,-6,0,0,0,0
8475455,82,3,12,15,2,0,55,0.054545,89,-13,0,0,0,1
8475791,80,18,30,48,1,0,137,0.131387,44,6,3,7,0,0
8476292,80,5,10,15,0,0,83,0.060241,14,-11,1,2,0,0
8476462,77,12,27,39,3,0,203,0.059113,50,-2,4,14,0,0
8476822,70,2,7,9,0,0,50,0.04,8,-7,0,0,0,1
8476906,55,13,37,50,1,0,116,0.112069,22,11,6,18,0,0
8476921,77,12,17,29,3,0,109,0.110092,35,6,0,0,3,3
8476958,39,1,7,8,1,1,63,0.015873,4,8,0,0,0,2
8477015,75,18,25,43,1,0,116,0.155172,22,-1,4,8,2,2
8477478,70,7,11,18,2,0,80,0.0875,18,5,0,0,0,0
8477488,37,1,6,7,0,0,45,0.022222,6,-11,0,0,0,0
8477940,82,26,45,71,6,1,207,0.125604,14,8,10,29,0,0
8478399,82,0,16,16,0,0,60,0.0,48,-9,0,0,0,2
8478414,77,24,20,44,5,0,269,0.089219,22,-16,6,10,0,0
8478427,79,27,53,80,4,2,195,0.138462,46,11,7,27,2,6
8478970,72,2,15,17,1,0,100,0.02,18,15,0,0,0,0
8479407,82,22,49,71,4,1,178,0.123596,12,-11,5,20,1,2
8479996,70,19,7,26,3,0,104,0.182692,39,3,1,2,0,0
8480002,82,28,38,66,6,3,211,0.132701,29,-6,11,23,0,1
8480336,81,9,22,31,1,1,179,0.050279,59,6,0,1,0,2
8480762,67,12,6,18,3,0,84,0.142857,8,7,0,0,0,1
8480817,72,8,29,37,1,0,123,0.065041,56,7,1,3,1,3
8480829,42,2,7,9,0,0,42,0.047619,8,3,0,0,0,0
8480830,79,31,39,70,3,0,203,0.152709,66,1,12,29,0,0
8481032,79,9,6,15,2,1,61,0.147541,19,-24,0,1,0,0
8481559,61,27,50,77,5,1,228,0.118421,10,0,4,23,1,2
8481721,66,13,18,31,0,0,149,0.087248,26,-3,2,5,0,0
8482093,71,32,34,66,7,2,224,0.142857,23,6,5,21,4,6
8482100,81,11,22,33,1,1,122,0.090164,33,18,4,10,1,1
8482110,82,20,22,42,1,0,158,0.126582,33,-2,4,7,3,3
8482684,68,6,29,35,1,0,150,0.04,32,-4,2,13,0,0
8482702,81,21,23,44,3,0,166,0.126506,25,12,4,9,0,0
8482809,81,22,31,53,3,1,174,0.126437,40,4,3,12,0,0
8483495,68,11,15,26,3,3,101,0.108911,26,-11,1,2,0,0
8474567,41,2,4,6,0,0,30,0.066667,18,8,0,0,0,0
8474716,79,6,16,22,2,1,90,0.066667,14,2,2,6,0,0
8475149,75,15,34,49,4,1,106,0.141509,12,18,3,9,0,1
8475170,80,18,21,39,2,0,119,0.151261,68,-28,4,9,0,0
8475220,56,8,5,13,0,0,65,0.123077,67,-12,2,2,0,0
8475753,78,16,24,40,3,0,148,0.108108,42,-8,2,9,0,1
8475760,61,6,3,9,1,0,77,0.077922,33,-11,0,0,1,1
8475764,82,4,26,30,1,0,91,0.043956,14,-11,1,9,0,1
8475765,75,23,24,47,4,1,148,0.155405,10,-11,5,13,0,0
8476892,77,4,14,18,0,0,105,0.038095,23,-6,0,0,0,0
8476994,65,6,12,18,2,0,65,0.092308,31,-12,0,2,0,0
8477402,81,20,28,48,4,0,142,0.140845,26,-10,4,15,0,0
8477451,76,23,20,43,4,0,167,0.137725,48,-1,6,7,0,0
8477573,46,4,7,11,1,0,38,0.105263,28,-9,0,0,0,0
8478136,75,2,14,16,0,0,62,0.032258,76,2,0,0,0,0
8478472,51,2,9,11,1,0,36,0.055556,9,-7,0,0,1,1
8478493,70,19,32,51,3,0,194,0.097938,32,16,7,16,0,0
8478508,82,6,17,23,1,0,98,0.061224,38,13,0,0,0,0
8478864,78,45,44,89,7,4,269,0.167286,28,10,19,32,0,0
8479385,72,18,28,46,2,0,173,0.104046,8,-5,4,14,0,0
8480023,64,25,39,64,4,2,102,0.245098,24,22,3,14,2,3
8480281,65,4,7,11,0,0,68,0.058824,28,-11,0,0,1,2
8480459,64,13,16,29,2,0,95,0.136842,20,13,1,4,1,2
8481006,69,3,14,17,0,0,68,0.044118,81,-4,0,0,0,0
8481557,76,42,43,85,3,1,254,0.165354,30,18,11,30,4,4
8481598,81,6,28,34,0,0,98,0.061224,16,14,2,5,0,0
8482077,59,22,29,51,2,1,162,0.135802,20,13,4,8,0,0
8482079,50,12,23,35,2,1,66,0.181818,10,-26,3,14,0,0
8482089,69,15,21,36,2,0,86,0.174419,43,-7,1,7,0,0
8482122,80,15,36,51,1,0,173,0.086705,39,18,1,11,1,2
8482733,67,5,8,13,1,0,81,0.061728,48,-10,0,2,0,0
8483452,9,1,1,2,0,0,13,0.076923,4,-5,0,0,0,0
8483460,26,0,0,0,0,0,16,0.0,16,0,0,0,0,0
8483499,69,8,10,18,0,0,87,0.091954,2,-19,0,0,0,1
8483516,70,21,30,51,5,0,169,0.12426,18,16,5,9,0,0
8484798,76,6,20,26,1,0,73,0.082192,41,-33,3,13,0,0
8474564,82,42,24,66,10,3,206,0.203883,58,-17,14,26,0,0
8474600,68,13,42,55,3,1,181,0.071823,30,-15,4,24,0,0
8475158,81,25,49,74,8,0,154,0.162338,22,8,5,20,2,3
8475287,81,14,24,38,1,0,127,0.110236,64,-15,4,12,1,2
8475745,82,20,38,58,3,0,144,0.138889,14,3,7,13,0,0
8475790,37,1,2,3,0,0,34,0.029412,19,6,0,0,0,0
8476432,67,13,25,38,3,0,132,0.098485,44,3,1,3,0,1
8476539,62,12,19,31,1,0,132,0.090909,30,-18,4,8,0,0
8476869,82,3,23,26,0,0,111,0.027027,40,-7,0,3,1,2
8476887,82,40,35,75,3,1,246,0.162602,34,-2,11,26,0,0
8476923,71,8,24,32,2,0,93,0.086022,45,18,1,4,0,0
8477425,54,8,6,14,1,1,71,0.112676,26,-10,0,0,0,1
8477446,79,8,9,17,1,0,109,0.073394,93,-16,0,0,2,2
8477497,78,13,23,36,3,0,131,0.099237,12,-1,1,10,2,2
8478047,74,14,19,33,1,0,126,0.111111,20,-24,6,10,0,0
8478460,75,22,59,81,2,0,260,0.084615,18,7,4,21,0,1
8478500,82,9,22,31,0,0,158,0.056962,32,14,1,5,0,0
8479370,69,8,8,16,0,0,95,0.084211,30,-21,0,0,1,2
8479371,74,5,6,11,1,0,68,0.073529,33,-16,0,0,0,0
8479671,61,15,11,26,3,0,93,0.16129,101,13,0,0,0,0
8479944,27,1,4,5,0,0,17,0.058824,12,-1,0,0,0,0
8480246,79,3,10,13,0,0,79,0.037975,20,-14,0,0,0,2
8480806,68,4,8,12,0,0,53,0.075472,4,-2,0,0,0,0
8480893,76,27,40,67,7,1,218,0.123853,32,7,6,23,1,1
8481056,66,2,8,10,0,0,56,0.035714,20,-11,0,0,0,1
8481716,63,17,15,32,1,1,110,0.154545,59,-1,7,9,0,0
8482062,63,8,4,12,2,0,69,0.115942,40,-7,0,0,0,1
8482111,52,0,9,9,0,0,31,0.0,17,-1,0,0,0,0
8482482,58,1,15,16,0,0,59,0.016949,29,2,0,0,0,0
8482660,76,7,15,22,0,0,114,0.061404,20,-8,1,2,0,0
8482705,81,8,25,33,1,0,136,0.058824,37,2,0,1,0,0
8482768,70,4,13,17,0,0,70,0.057143,22,-6,0,0,1,1
8483465,16,1,2,3,0,0,12,0.083333,0,2,0,0,0,0
8483485,75,13,18,31,0,0,88,0.147727,8,12,1,3,0,0
8484166,82,24,35,59,3,2,214,0.11215,38,-13,4,13,0,0
8485405,3,0,1,1,0,0,2,0.0,0,0,0,0,0,0
8473604,82,11,18,29,1,0,105,0.104762,38,-20,5,8,0,0
8474568,50,1,6,7,0,0,35,0.028571,43,-12,0,0,0,0
8474679,51,1,11,12,0,0,62,0.016129,10,-8,0,5,0,0
8475168,57,16,29,45,4,0,89,0.179775,8,-3,5,14,0,0
8475794,27,7,10,17,2,0,31,0.225806,2,10,1,4,0,0
8475799,61,8,11,19,2,0,84,0.095238,18,-7,1,5,0,0
8476278,70,4,11,15,1,0,61,0.065574,40,-2,0,0,0,0
8476331,82,3,16,19,0,0,75,0.04,40,7,0,0,0,2
8476460,82,36,67,103,6,1,175,0.205714,43,0,7,22,0,1
8476480,60,8,6,14,1,0,76,0.105263,28,-13,2,2,0,0
8476871,56,7,8,15,2,0,52,0.134615,27,9,0,0,0,0
8476889,58,2,15,17,0,0,38,0.052632,18,2,0,0,1,3
8476902,82,6,26,32,1,0,83,0.072289,20,30,1,2,0,2
8477504,77,14,41,55,2,1,146,0.09589,30,6,2,16,0,0
8477938,38,2,2,4,0,0,26,0.076923,12,-18,0,0,0,0
8478398,82,39,53,92,5,2,274,0.142336,16,-2,5,19,2,3
8478420,64,22,55,77,1,0,139,0.158273,93,0,6,34,0,0
8478449,53,15,29,44,1,1,126,0.119048,18,16,6,19,0,0
8479351,73,12,21,33,5,0,82,0.146341,24,3,1,3,0,0
8479378,76,9,17,26,1,0,96,0.09375,128,3,0,1,0,0
8479414,36,6,1,7,0,0,25,0.24,21,4,0,0,0,0
8480014,82,30,39,69,2,0,150,0.2,24,-12,13,24,0,0
8480027,82,45,51,96,9,1,294,0.153061,32,22,15,41,0,0
8480036,77,9,54,63,3,1,148,0.060811,30,9,2,28,1,1
8480113,79,13,16,29,3,0,114,0.114035,14,3,2,5,0,1
8480145,51,3,9,12,1,0,97,0.030928,37,1,1,2,0,0
8480289,65,11,12,23,2,0,93,0.11828,31,5,0,0,2,2
8480878,52,3,8,11,0,0,46,0.065217,16,12,0,0,0,0
8480950,53,1,8,9,0,0,33,0.030303,40,1,0,0,0,0
8481043,66,8,9,17,1,0,86,0.093023,16,1,0,0,1,1
8481581,70,6,30,36,4,2,113,0.053097,26,3,1,7,0,0
8482145,82,20,21,41,1,0,147,0.136054,22,6,1,5,0,0
8482740,82,45,41,86,4,1,206,0.218447,32,-5,27,42,0,0
8482787,11,0,0,0,0,0,9,0.0,14,0,0,0,0,0
8483425,50,4,4,8,2,0,27,0.148148,37,6,0,0,0,0
8484829,81,14,16,30,1,0,83,0.168675,43,1,2,5,0,0
8474013,82,3,20,23,0,0,62,0.048387,50,16,0,0,0,1
8475461,2,0,0,0,0,0,0,0.0,0,0,0,0,0,0
8476874,43,2,13,15,1,0,34,0.058824,4,-6,0,0,0,0
8477220,82,5,17,22,1,0,86,0.05814,22,31,0,0,0,0
8477951,82,33,41,74,9,1,206,0.160194,28,17,11,20,2,2
8478474,81,24,20,44,4,0,141,0.170213,46,20,1,1,1,2
8478507,80,4,32,36,2,0,55,0.072727,16,42,0,0,1,2
8478831,80,4,14,18,0,0,66,0.060606,24,-9,0,0,1,2
8479293,56,0,3,3,0,0,42,0.0,50,-15,0,0,0,0
8479343,82,26,62,88,6,4,225,0.115556,38,21,3,27,0,0
8479410,78,10,49,59,1,0,159,0.062893,44,2,5,26,0,2
8479977,59,13,10,23,2,0,60,0.216667,14,11,0,0,0,0
8480434,60,5,22,27,2,1,84,0.059524,50,-12,0,4,0,0
8480855,75,9,16,25,1,0,106,0.084906,84,11,0,0,1,2
8482175,82,25,22,47,4,0,159,0.157233,28,6,3,5,0,0
8482699,79,40,33,73,6,3,242,0.165289,28,7,9,24,0,0
8483431,54,24,19,43,3,1,102,0.235294,28,3,6,10,2,2
8484386,28,0,1,1,0,0,26,0.0,23,-11,0,0,0,0
8474574,73,1,10,11,0,0,88,0.011364,52,-23,0,0,0,0
8475169,71,13,18,31,1,0,171,0.076023,92,-20,2,6,0,0
8475762,2,0,0,0,0,0,1,0.0,2,0,0,0,0,0
8477969,82,3,15,18,1,0,66,0.045455,60,-19,0,0,0,0
8478444,75,22,26,48,3,1,166,0.13253,8,-48,6,19,1,1
8478498,81,23,19,42,1,1,219,0.105023,12,-31,19,24,0,0
8478856,71,12,21,33,1,0,137,0.087591,34,-21,2,10,1,1
8479425,82,8,41,49,1,0,137,0.058394,33,-23,4,21,0,2
8480012,74,15,36,51,0,0,132,0.113636,20,-30,4,22,1,1
8480078,12,3,0,3,1,0,24,0.125,6,-7,0,0,0,0
8480748,72,23,13,36,3,1,172,0.133721,50,-20,7,12,1,1
8480800,74,7,69,76,1,0,187,0.037433,32,-4,2,34,0,0
8482055,82,17,12,29,2,0,136,0.125,47,-12,0,0,2,3
8482691,66,4,10,14,1,0,65,0.061538,22,-4,0,0,0,0
8483395,28,1,4,5,0,0,18,0.055556,12,-3,0,1,0,0
8483476,13,2,1,3,0,0,10,0.2,0,-3,0,0,0,0
8483678,70,3,7,10,0,0,46,0.065217,39,-16,0,0,0,0
8485385,3,0,0,0,0,0,0,0.0,0,-2,0,0,0,0
8471817,50,3,0,3,0,0,25,0.12,37,-12,0,0,0,0
8475181,32,1,6,7,0,0,16,0.0625,6,-9,0,0,0,0
8475200,82,3,34,37,0,0,91,0.032967,48,-28,1,18,0,0
8475726,79,19,30,49,2,1,172,0.110465,10,-12,6,15,0,0
8475784,32,6,7,13,0,0,56,0.107143,14,-8,2,4,0,0
8475906,56,10,17,27,2,1,79,0.126582,24,-13,5,9,0,0
8476624,82,5,7,12,0,0,66,0.075758,73,-18,0,0,0,0
8477018,55,6,9,15,1,0,71,0.084507,19,2,0,0,0,0
8477505,80,18,37,55,3,1,93,0.193548,18,-25,8,15,0,1
8478874,66,17,8,25,3,0,96,0.177083,20,-9,3,6,0,0
8479983,82,7,16,23,0,0,94,0.074468,35,-1,0,0,0,0
8480043,47,1,10,11,0,0,40,0.025,29,-7,0,2,0,0
8480798,43,7,13,20,1,1,62,0.112903,16,1,0,2,0,0
8480848,46,2,9,11,0,0,50,0.04,22,-18,0,0,1,2
8482166,50,5,7,12,1,0,49,0.102041,22,-3,0,0,0,0
8482667,78,15,38,53,1,1,176,0.085227,32,-31,3,16,0,0
8484227,69,24,35,59,5,1,166,0.144578,16,1,8,17,0,0
8484801,82,45,70,115,5,2,287,0.156794,44,8,8,33,0,0
8484911,81,21,25,46,4,1,118,0.177966,12,6,0,1,2,3
8473986,82,15,18,33,2,0,148,0.101351,40,-2,3,5,0,1
8474586,80,26,29,55,3,0,168,0.154762,28,2,4,16,0,0
8475184,75,22,28,50,3,1,139,0.158273,34,-4,8,17,0,0
8475462,56,2,11,13,0,0,63,0.031746,67,-2,0,0,0,0
8475768,50,11,15,26,2,0,82,0.134146,8,5,2,3,1,1
8475798,58,19,22,41,2,2,117,0.162393,18,-9,8,12,0,0
8476457,82,7,18,25,1,0,106,0.066038,42,0,0,0,0,0
8476467,78,5,10,15,2,0,77,0.064935,36,9,0,0,0,0
8476885,81,10,25,35,1,1,166,0.060241,31,-1,0,1,0,1
8476905,80,16,33,49,3,0,93,0.172043,14,-24,6,16,0,2
8477527,62,3,11,14,0,0,33,0.090909,107,0,0,0,0,0
8477919,68,7,17,24,0,0,70,0.1,11,-1,1,3,0,0
8477955,52,20,20,40,2,1,117,0.17094,11,-7,7,13,0,0
8477986,64,11,21,32,3,2,174,0.063218,45,-21,2,8,0,0
8478366,50,5,4,9,1,0,79,0.063291,40,-15,0,1,0,0
8478407,81,11,33,44,3,1,179,0.061453,54,-24,2,21,0,0
8478873,61,19,38,57,3,1,161,0.118012,14,11,1,12,2,4
8478975,68,19,26,45,3,0,119,0.159664,56,17,3,7,0,0
8479324,76,2,7,9,1,0,48,0.041667,60,-2,0,0,0,1
8479372,23,1,2,3,1,1,15,0.066667,16,8,0,0,0,0
8480009,78,12,24,36,0,0,141,0.085106,30,-18,5,14,0,0
8480068,75,11,25,36,2,0,94,0.117021,12,8,0,1,2,4
8481563,60,2,13,15,0,0,39,0.051282,20,-4,0,0,0,2
8481605,82,10,48,58,0,0,157,0.063694,19,-2,3,17,1,2
8481789,64,8,14,22,0,0,56,0.142857,38,-6,0,0,0,0
8482118,9,1,0,1,0,0,7,0.142857,4,-3,0,0,0,0
8482665,82,20,30,50,1,0,149,0.134228,23,-8,6,11,0,0
8482745,75,17,24,41,3,0,146,0.116438,42,-15,6,11,0,0
8482751,68,4,14,18,1,0,87,0.045977,15,0,0,0,0,0
8482803,76,7,15,22,1,1,119,0.058824,34,4,1,3,0,0
8483445,76,41,28,69,7,1,285,0.14386,28,-2,11,19,0,0
8483490,73,8,14,22,2,0,79,0.101266,17,-3,0,2,0,1
8483497,28,4,3,7,0,0,33,0.121212,6,-5,1,2,0,0
8483524,74,12,15,27,2,1,97,0.123711,10,6,2,6,0,0
8484153,70,29,38,67,3,1,193,0.150259,33,4,4,18,2,3
8484762,82,23,37,60,2,1,197,0.116751,62,-12,1,13,1,1
8480074,51,8,13,21,1,0,74,0.108108,26,9,0,1,0,0
8484180,18,2,2,4,0,0,22,0.090909,2,1,0,0,0,0
8484768,37,4,5,9,1,0,49,0.081633,8,-9,3,6,0,0
8480887,8,1,2,3,0,0,12,0.083333,0,0,0,0,0,0
8482671,81,8,21,29,0,0,120,0.066667,16,9,0,0,0,3
8482896,46,2,4,6,0,0,30,0.066667,2,-1,0,0,0,1
8480879,63,1,4,5,0,0,41,0.02439,25,0,0,0,0,0
8481013,51,8,14,22,2,0,58,0.137931,12,-5,3,3,0,0
8479772,3,0,0,0,0,0,4,0.0,0,0,0,0,0,0
8482090,44,2,3,5,1,0,26,0.076923,38,2,0,0,0,0
8484304,54,5,10,15,1,0,66,0.075758,30,-13,3,6,0,0
8483553,49,3,4,7,0,0,55,0.054545,10,-3,0,0,0,0
8475810,72,29,36,65,4,0,183,0.15847,26,0,8,24,1,2
8481704,20,2,1,3,0,0,16,0.125,10,4,0,0,0,0
8483733,55,4,10,14,0,0,32,0.125,46,-7,0,0,0,0
8484779,4,0,0,0,0,0,1,0.0,2,-3,0,0,0,0
8482117,29,3,5,8,1,0,24,0.125,6,-2,0,0,0,0
8482146,81,12,44,56,1,0,176,0.068182,28,1,1,17,0,0
8476463,62,4,14,18,1,0,76,0.052632,16,19,0,1,0,0
8482470,30,1,7,8,0,0,23,0.043478,16,0,0,0,0,0
8481754,29,1,8,9,1,0,31,0.032258,8,-2,0,0,0,0
8484806,72,1,13,14,0,0,72,0.013889,22,-5,0,0,0,0
8477380,55,6,10,16,0,0,63,0.095238,12,-1,0,2,0,0
8477947,31,4,4,8,2,0,34,0.117647,4,0,0,0,0,0
8480990,26,1,6,7,0,0,20,0.05,4,3,0,0,0,0
8481525,72,6,12,18,2,1,79,0.075949,38,-1,0,0,0,0
8482623,34,1,3,4,0,0,29,0.034483,38,-7,0,0,0,0
8482655,79,7,22,29,0,0,111,0.063063,69,41,0,1,0,2
8480245,7,1,1,2,1,0,7,0.142857,0,-2,0,0,0,0
8481606,73,7,24,31,1,0,108,0.064815,22,15,0,3,0,0
8482095,70,3,15,18,0,0,90,0.033333,53,2,0,0,0,2
8476525,18,0,2,2,0,0,20,0.0,6,-8,0,1,0,0
8474037,72,15,16,31,1,0,99,0.151515,14,-17,7,11,0,0
8484158,66,11,18,29,1,1,92,0.119565,45,-5,2,6,0,0
8482126,61,2,11,13,0,0,36,0.055556,22,15,0,1,0,0
8481161,40,0,3,3,0,0,26,0.0,8,-7,0,0,0,0
8483531,15,1,1,2,1,0,7,0.142857,9,-1,0,0,0,0
8483768,24,0,3,3,0,0,14,0.0,7,-12,0,0,0,0
8483525,73,12,15,27,2,0,80,0.15,28,-7,1,3,0,0
8479619,79,16,15,31,0,0,147,0.108844,22,4,3,4,0,0
8480849,67,10,15,25,1,0,119,0.084034,54,3,4,6,0,0
8482103,40,1,4,5,0,0,25,0.04,38,-6,0,0,0,0
8478458,69,21,15,36,5,2,141,0.148936,16,-9,4,6,0,0
8479442,64,3,11,14,1,0,64,0.046875,20,-8,0,0,0,0
8481133,59,9,6,15,2,0,49,0.183673,21,-2,0,0,0,0
8482624,1,0,0,0,0,0,0,0.0,0,0,0,0,0,0
8475755,54,2,8,10,0,0,57,0.035088,47,2,0,0,0,0
8476422,42,1,8,9,0,0,63,0.015873,26,11,0,0,1,1
8476873,68,11,10,21,3,0,63,0.174603,16,7,0,2,0,0
8485402,45,9,12,21,1,1,58,0.155172,10,-2,2,4,0,0
8476856,11,1,2,3,0,0,7,0.142857,11,-5,0,0,0,0
8477365,50,2,4,6,1,0,35,0.057143,53,5,0,0,0,0
8480208,79,33,38,71,5,0,167,0.197605,33,-7,13,30,0,0
8484145,65,13,30,43,4,0,116,0.112069,42,27,1,5,1,2
8481593,59,2,10,12,0,0,26,0.076923,58,4,0,0,0,0
8481560,2,0,1,1,0,0,4,0.0,0,0,0,1,0,0
8481237,59,2,5,7,0,0,43,0.046512,40,-6,0,0,0,0
8481546,74,4,22,26,1,0,89,0.044944,28,5,1,7,0,0
8484135,15,0,1,1,0,0,10,0.0,4,-2,0,0,0,0
8482475,72,21,21,42,4,0,140,0.15,10,-2,2,6,0,0
8477454,45,6,2,8,0,0,43,0.139535,19,1,0,0,0,0
8481024,79,15,20,35,1,0,116,0.12931,42,-28,2,4,0,0
8484136,66,13,6,19,0,0,62,0.209677,26,-13,0,1,0,0
8479705,45,3,7,10,0,0,62,0.048387,79,-3,0,0,0,0
8482726,53,5,4,9,0,0,38,0.131579,50,-6,0,0,0,0
8476927,35,9,8,17,1,0,51,0.176471,22,-12,1,1,3,3
8477070,38,3,1,4,0,0,35,0.085714,43,-6,0,0,0,0
8479576,53,1,6,7,1,0,34,0.029412,68,7,0,0,0,0
8482861,27,0,3,3,0,0,15,0.0,12,-4,0,0,0,0
8480871,28,0,4,4,0,0,17,0.0,8,-9,0,1,0,0
8477508,45,4,2,6,1,0,30,0.133333,10,-3,0,0,0,0
8477401,3,0,0,0,0,0,2,0.0,2,-1,0,0,0,0
8479985,23,1,2,3,0,0,22,0.045455,7,1,0,0,0,0
8480813,61,2,3,5,1,0,52,0.038462,19,-12,0,0,0,0
8483424,15,1,0,1,0,0,11,0.090909,6,4,0,0,0,0
8475752,32,2,0,2,0,0,26,0.076923,24,-4,0,0,0,0
8482516,29,2,1,3,1,0,20,0.1,10,1,0,0,0,0
8483565,61,8,16,24,1,0,72,0.111111,10,-10,3,7,0,0
8481556,35,3,4,7,0,0,37,0.081081,31,-6,0,0,1,2
8482947,60,1,9,10,0,0,35,0.028571,14,6,0,0,0,0
8476456,50,10,15,25,2,0,83,0.120482,41,-9,3,7,0,0
8482125,28,3,6,9,0,0,30,0.1,10,-1,0,0,0,0
8482172,53,3,4,7,1,0,47,0.06383,16,-2,0,0,0,0
8482178,67,4,8,12,1,0,66,0.060606,24,-14,0,0,0,1
8480259,28,1,2,3,0,0,26,0.038462,0,-10,0,0,0,0
8484800,66,7,10,17,2,0,78,0.089744,31,-8,1,2,0,0
8484305,43,2,4,6,1,0,24,0.083333,8,16,0,0,0,0
8483471,25,3,3,6,0,0,27,0.111111,6,-5,0,1,0,0
8484428,12,1,1,2,0,0,12,0.083333,15,5,0,0,0,0
8478013,53,8,12,20,1,1,96,0.083333,10,-17,1,2,2,2
8476425,1,0,0,0,0,0,2,0.0,0,-1,0,0,0,0
8480058,31,1,5,6,0,0,22,0.045455,8,-16,0,0,0,0
8482496,2,0,0,0,0,0,1,0.0,0,0,0,0,0,0
8483570,52,7,8,15,2,0,61,0.114754,16,-12,0,0,0,0
8483573,62,12,12,24,0,0,91,0.131868,18,8,2,4,0,0
8470621,72,17,20,37,2,0,113,0.150442,81,0,5,13,0,0
8476474,38,3,4,7,1,0,52,0.057692,33,-12,1,3,0,0
8483500,60,11,16,27,1,0,60,0.183333,14,11,2,6,0,0
8482749,3,0,0,0,0,0,2,0.0,2,0,0,0,0,0
8480828,5,0,0,0,0,0,3,0.0,0,-1,0,0,0,0
8483752,43,7,8,15,0,0,56,0.125,8,4,0,0,0,0
8476897,52,5,12,17,0,0,37,0.135135,26,-18,0,1,0,0
8484241,71,17,13,30,1,0,103,0.165049,14,-3,4,8,1,1
8482911,38,1,9,10,0,0,43,0.023256,6,6,0,0,0,0
8477541,11,1,0,1,0,0,5,0.2,11,-3,0,0,0,0
8479026,39,0,2,2,0,0,42,0.0,22,-10,0,0,0,0
8481569,8,0,3,3,0,0,7,0.0,4,0,0,0,0,0
8476878,74,9,11,20,2,0,89,0.101124,31,1,0,0,0,0
8480426,70,6,23,29,2,0,80,0.075,112,-4,0,2,0,0
8481655,29,5,2,7,0,0,25,0.2,2,2,0,0,0,0
8475795,13,0,0,0,0,0,5,0.0,10,-1,0,0,0,0
8479980,62,3,12,15,1,0,56,0.053571,47,-10,0,0,0,1
8484203,12,3,0,3,0,0,12,0.25,2,1,1,1,0,0
8482072,11,0,2,2,0,0,8,0.0,2,2,0,0,0,0
8480840,72,5,7,12,1,0,42,0.119048,10,10,0,0,1,1
8482747,19,2,1,3,0,0,15,0.133333,11,-8,0,1,0,0
8483503,4,0,0,0,0,0,1,0.0,2,-3,0,0,0,0
8480891,34,0,2,2,0,0,46,0.0,50,0,0,0,0,0
8478424,44,3,5,8,0,0,37,0.081081,28,-6,0,0,0,0
8479393,37,4,5,9,0,0,41,0.097561,26,-10,0,1,0,0
8481219,61,3,10,13,0,0,47,0.06383,43,30,0,1,0,0
8481562,1,0,0,0,0,0,2,0.0,0,-2,0,0,0,0
8478476,33,2,3,5,0,0,18,0.111111,8,1,0,0,0,0
8477996,24,0,2,2,0,0,15,0.0,4,-4,0,0,0,0
8483429,2,0,0,0,0,0,4,0.0,0,-3,0,0,0,0
8484240,70,5,16,21,0,0,59,0.084746,28,-23,0,3,0,0
8478104,21,3,5,8,0,0,18,0.166667,10,2,0,0,0,0
8478413,40,1,5,6,0,0,32,0.03125,29,-10,0,0,0,0
8476907,8,1,3,4,0,0,6,0.166667,12,0,0,0,0,0
8484164,71,12,9,21,0,0,93,0.129032,26,-6,5,7,0,0
8480825,3,0,1,1,0,0,2,0.0,0,1,0,0,0,0
8479421,15,0,0,0,0,0,7,0.0,0,-4,0,0,0,0
8484221,65,13,17,30,4,0,79,0.164557,22,-14,5,11,0,0
8482953,12,0,0,0,0,0,7,0.0,4,0,0,0,0,0
8482765,37,6,4,10,0,0,35,0.171429,0,-5,1,3,0,0
8481848,4,0,0,0,0,0,4,0.0,0,-1,0,0,0,0
8479395,17,0,2,2,0,0,12,0.0,2,-6,0,0,0,0
8481554,65,13,27,40,2,0,78,0.166667,14,14,2,8,0,0
8482206,7,1,0,1,1,0,6,0.166667,2,-3,0,0,0,0
8484197,51,5,14,19,0,0,57,0.087719,19,-15,2,5,0,0
8483039,4,0,1,1,0,0,3,0.0,0,1,0,0,0,0
8476392,70,5,16,21,1,0,71,0.070423,32,-6,0,0,1,2
8476872,64,13,7,20,2,0,95,0.136842,31,-5,1,2,2,2
8478062,3,0,1,1,0,0,5,0.0,0,1,0,0,0,0
8482165,57,4,8,12,1,0,64,0.0625,28,-8,0,0,0,2
8477435,22,1,0,1,0,0,21,0.047619,10,-3,0,0,0,0
8478046,46,6,6,12,0,0,44,0.136364,16,7,0,0,0,0
8479533,13,0,1,1,0,0,7,0.0,2,-2,0,0,0,0
8482094,32,0,6,6,0,0,19,0.0,6,-3,0,0,0,0
8482877,28,4,2,6,1,0,23,0.173913,11,-2,0,0,0,0
8475692,59,15,39,54,5,3,122,0.122951,20,-5,6,21,0,0
8475763,28,4,4,8,1,0,45,0.088889,8,-1,0,0,0,0
8478841,23,0,4,4,0,0,14,0.0,2,2,0,0,0,0
8479336,47,9,4,13,1,0,56,0.160714,19,7,0,0,0,1
8482634,43,9,7,16,0,0,55,0.163636,34,6,1,3,1,1
8482858,67,8,9,17,0,0,46,0.173913,40,5,0,1,1,1
8483432,14,0,1,1,0,0,11,0.0,4,-2,0,0,0,0
8484160,28,2,5,7,0,0,31,0.064516,4,-7,0,3,0,0
8478173,10,0,0,0,0,0,4,0.0,11,-2,0,0,0,0
8480084,40,2,6,8,1,0,35,0.057143,10,4,0,0,0,0
8482149,68,12,20,32,3,1,136,0.088235,20,-9,3,6,0,0
8484210,49,12,15,27,3,0,73,0.164384,10,0,3,6,0,0
8477406,43,1,7,8,0,0,24,0.041667,22,-8,0,0,0,1
8477149,26,1,4,5,0,0,11,0.090909,89,1,0,0,0,0
8479383,3,0,0,0,0,0,0,0.0,0,0,0,0,0,0
8476458,52,8,13,21,1,1,57,0.140351,35,-8,1,2,0,0
8482209,4,0,0,0,0,0,1,0.0,2,-1,0,0,0,0
8483890,54,8,18,26,2,0,75,0.106667,12,-16,2,4,0,0
8480049,66,1,13,14,0,0,87,0.011494,14,5,0,0,0,0
8481715,1,0,0,0,0,0,0,0.0,0,1,0,0,0,0
8481592,5,0,0,0,0,0,4,0.0,0,-1,0,0,0,0
8483728,10,0,1,1,0,0,9,0.0,10,-4,0,0,0,0
8481594,1,0,0,0,0,0,0,0.0,0,0,0,0,0,0
8482941,1,0,0,0,0,0,0,0.0,0,0,0,0,0,0
8475786,58,31,21,52,2,1,159,0.194969,28,13,10,15,0,0
8482859,59,4,3,7,2,0,44,0.090909,45,-11,0,0,0,0
8482666,29,0,6,6,0,0,24,0.0,4,-5,0,2,0,0
8479362,4,1,0,1,0,0,4,0.25,0,-1,1,1,0,0
8481712,4,0,0,0,0,0,4,0.0,0,-3,0,0,0,0
8480144,40,2,4,6,0,0,36,0.055556,12,-13,0,0,0,0
8484901,23,1,2,3,0,0,14,0.071429,2,-5,0,0,0,0
8477463,12,0,1,1,0,0,4,0.0,2,1,0,0,0,0
8483398,42,1,2,3,0,0,33,0.030303,40,5,0,0,0,0
8473994,60,15,21,36,3,0,72,0.208333,53,8,2,6,0,0
8481609,13,1,2,3,1,0,12,0.083333,4,2,0,0,0,0
8484821,3,0,0,0,0,0,3,0.0,10,-1,0,0,0,0
8477426,51,7,8,15,1,0,68,0.102941,32,-15,1,3,0,0
8483433,6,0,0,0,0,0,6,0.0,2,-3,0,0,0,0
8484168,13,0,2,2,0,0,6,0.0,2,2,0,0,0,0
8483676,30,4,7,11,0,0,34,0.117647,2,0,0,3,0,0
8481591,2,0,0,0,0,0,1,0.0,0,-2,0,0,0,0
8476867,25,2,4,6,1,0,29,0.068966,12,-1,0,0,2,2
8484403,5,0,1,1,0,0,4,0.0,7,-1,0,0,0,0
8484529,5,1,0,1,0,0,3,0.333333,13,1,0,0,0,0
8484255,4,0,0,0,0,0,0,0.0,0,1,0,0,0,0
8481477,49,5,6,11,0,0,37,0.135135,16,0,0,0,1,1
8482132,13,0,0,0,0,0,10,0.0,6,-1,0,0,0,0
8476979,2,0,0,0,0,0,3,0.0,2,-2,0,0,0,0
8482698,1,0,0,0,0,0,2,0.0,0,-1,0,0,0,0
8483510,32,1,4,5,0,0,37,0.027027,12,-6,0,1,0,0
8482785,2,0,1,1,0,0,2,0.0,0,0,0,0,0,0
8474090,15,0,2,2,0,0,10,0.0,11,-1,0,0,0,0
8484214,3,0,0,0,0,0,6,0.0,0,-1,0,0,0,0
8483930,9,0,1,1,0,0,4,0.0,2,1,0,0,0,0
8483686,15,0,1,1,0,0,11,0.0,8,2,0,0,0,0
8483567,1,0,0,0,0,0,0,0.0,0,-1,0,0,0,0
8484262,9,1,0,1,0,0,4,0.25,6,0,0,0,0,0
8483513,47,6,2,8,1,0,39,0.153846,17,-12,0,0,0,0
8479291,1,1,0,1,0,0,1,1.0,0,1,0,0,0,0
8478211,3,0,0,0,0,0,4,0.0,2,-3,0,0,0,0
8478147,2,0,0,0,0,0,2,0.0,5,0,0,0,0,0
8483487,24,3,3,6,0,0,37,0.081081,4,-3,0,0,0,0
8483630,24,9,1,10,2,0,42,0.214286,20,-4,4,4,0,0
8480021,19,0,0,0,0,0,16,0.0,4,-6,0,0,0,0
8483472,5,0,1,1,0,0,4,0.0,2,4,0,0,0,0
8484388,29,3,4,7,0,0,43,0.069767,8,1,1,3,0,0
8481599,8,0,1,1,0,0,8,0.0,0,3,0,0,0,0
8483463,5,0,0,0,0,0,6,0.0,0,-6,0,0,0,0
8478502,8,0,1,1,0,0,2,0.0,2,0,0,0,0,0
8481065,8,1,0,1,0,0,4,0.25,4,1,0,0,0,0
8479644,5,1,0,1,0,0,5,0.2,0,-2,0,0,0,0
8481535,38,2,3,5,0,0,35,0.057143,8,-4,0,0,0,0
8482804,3,0,0,0,0,0,1,0.0,0,1,0,0,0,0
8484150,34,2,5,7,0,0,33,0.060606,4,0,0,1,0,0
8481567,4,0,0,0,0,0,4,0.0,0,-1,0,0,0,0
8483841,5,0,0,0,0,0,2,0.0,2,-1,0,0,0,0
8477952,21,2,3,5,1,0,30,0.066667,16,-4,0,0,0,0
8481070,3,1,1,2,0,0,4,0.25,0,0,0,0,0,0
8482479,1,0,0,0,0,0,0,0.0,0,-1,0,0,0,0
8477979,6,0,2,2,0,0,5,0.0,6,1,0,0,0,0
8482641,6,0,1,1,0,0,4,0.0,0,0,0,0,0,1
8482167,2,0,0,0,0,0,1,0.0,0,0,0,0,0,0
8476952,8,0,1,1,0,0,8,0.0,6,0,0,0,0,0
8484185,41,10,5,15,0,0,57,0.175439,10,-18,2,3,0,0
8479368,21,3,2,5,2,0,22,0.136364,9,3,0,0,0,0
8482874,36,2,3,5,0,0,33,0.060606,32,-9,0,0,0,0
8477499,44,1,13,14,0,0,58,0.017241,16,10,0,1,0,2
8481077,11,2,2,4,0,0,11,0.181818,0,-3,0,2,0,0
8481030,20,0,7,7,0,0,17,0.0,6,4,0,0,0,0
8485511,4,1,0,1,1,0,3,0.333333,0,-1,0,0,0,0
8484994,28,9,10,19,2,0,46,0.195652,6,2,3,5,0,0
8484230,32,3,7,10,0,0,31,0.096774,5,3,0,0,0,1
8479388,4,0,0,0,0,0,1,0.0,0,1,0,0,0,0
8482781,1,0,0,0,0,0,1,0.0,0,1,0,0,0,0
8477021,34,7,6,13,0,0,28,0.25,23,0,0,0,0,1
8484142,43,5,12,17,0,0,43,0.116279,16,-6,1,4,0,0
8483491,13,2,1,3,0,0,12,0.166667,2,1,0,0,0,0
8482673,2,0,0,0,0,0,3,0.0,0,-1,0,0,0,0
8482168,2,0,1,1,0,0,1,0.0,0,1,0,0,0,0
8477034,4,0,0,0,0,0,1,0.0,2,-5,0,0,0,0
8475413,2,0,0,0,0,0,1,0.0,0,-1,0,0,0,0
8476988,1,0,0,0,0,0,0,0.0,0,0,0,0,0,0
8484287,3,0,0,0,0,0,1,0.0,0,1,0,0,0,0
8477320,4,0,1,1,0,0,4,0.0,0,1,0,0,0,0
8481517,6,0,0,0,0,0,1,0.0,0,-2,0,0,0,0
8482766,3,0,0,0,0,0,2,0.0,0,-1,0,0,0,0
8481732,7,1,1,2,0,0,5,0.2,0,-2,0,0,0,0
8483406,36,3,4,7,0,0,38,0.078947,7,0,0,0,0,0
8485512,39,2,3,5,0,0,33,0.060606,14,-6,0,0,0,0
8483526,6,0,1,1,0,0,4,0.0,0,3,0,0,0,0
8479639,3,0,0,0,0,0,2,0.0,2,1,0,0,0,0
8482451,5,1,0,1,0,0,6,0.166667,0,-1,0,0,0,0
8483466,13,0,2,2,0,0,7,0.0,4,-4,0,0,0,0
8476391,1,0,0,0,0,0,1,0.0,0,1,0,0,0,0
8483771,19,3,2,5,0,0,15,0.2,4,-1,0,0,0,0
8480192,34,0,8,8,0,0,30,0.0,38,0,0,0,0,0
8483766,2,0,0,0,0,0,0,0.0,0,-1,0,0,0,0
8479550,10,0,5,5,0,0,12,0.0,4,0,0,1,0,0
8481600,19,2,2,4,0,0,12,0.166667,2,1,0,0,0,0
8484797,9,1,3,4,0,0,15,0.066667,0,1,0,0,0,0
8479718,2,0,1,1,0,0,0,0.0,0,0,0,0,0,0
8479314,31,13,21,34,1,0,88,0.147727,48,-6,4,13,0,0
8478967,5,0,0,0,0,0,0,0.0,0,0,0,0,0,0
8482192,3,0,0,0,0,0,3,0.0,2,0,0,0,0,0
8484177,33,2,6,8,0,0,47,0.042553,14,-3,0,0,0,0
8481028,22,1,2,3,0,0,19,0.052632,17,-4,0,0,0,0
8480007,4,0,1,1,0,0,6,0.0,0,-2,0,0,0,0
8483448,4,0,1,1,0,0,2,0.0,0,1,0,0,0,0
8481547,1,0,0,0,0,0,1,0.0,0,1,0,0,0,0
8483756,23,0,4,4,0,0,32,0.0,4,0,0,0,0,0
8484509,24,2,2,4,0,0,9,0.222222,6,2,0,0,0,0
8477971,3,0,0,0,0,0,2,0.0,2,-1,0,0,0,0
8479387,3,0,1,1,0,0,0,0.0,4,-1,0,0,0,0
8483505,3,1,0,1,0,0,8,0.125,4,1,0,0,0,0
8483546,1,0,0,0,0,0,1,0.0,0,0,0,0,0,0
8485251,3,0,0,0,0,0,2,0.0,5,-1,0,0,0,0
8482993,16,5,0,5,0,0,25,0.2,12,-4,0,0,0,0
8484933,4,0,1,1,0,0,3,0.0,0,-1,0,0,0,0
8484938,20,3,2,5,0,0,24,0.125,2,1,0,0,1,1
8481572,5,0,0,0,0,0,7,0.0,4,0,0,0,0,0
8482153,3,0,1,1,0,0,2,0.0,0,-1,0,0,0,0
8482742,25,4,1,5,0,0,32,0.125,21,3,0,1,0,0
8479942,18,3,0,3,0,0,13,0.230769,7,0,0,0,0,0
8482652,3,0,0,0,0,0,2,0.0,0,-1,0,0,0,0
8483675,2,0,0,0,0,0,5,0.0,0,-1,0,0,0,0
8483699,1,1,0,1,0,0,1,1.0,0,1,0,0,0,0
8481534,1,0,0,0,0,0,0,0.0,0,0,0,0,0,0
8477931,21,2,2,4,1,0,8,0.25,4,-8,0,0,0,0
8482715,18,2,9,11,1,0,11,0.181818,6,0,0,2,0,0
8483731,17,5,4,9,1,0,23,0.217391,2,3,0,0,0,0
8475718,9,1,1,2,1,0,7,0.142857,6,5,0,0,0,0
8480870,13,3,2,5,2,0,15,0.2,0,4,0,0,1,1
8484188,17,2,2,4,1,0,20,0.1,6,6,0,0,0,0
8479543,9,0,0,0,0,0,2,0.0,35,-4,0,0,0,0
8480326,5,0,0,0,0,0,2,0.0,0,0,0,0,0,0
8482107,18,2,4,6,0,0,15,0.133333,2,-4,0,1,0,0
8481518,12,1,0,1,0,0,13,0.076923,6,-4,0,0,0,0
8484873,14,3,7,10,0,0,22,0.136364,8,-3,1,6,0,0
8482067,3,0,0,0,0,0,2,0.0,4,-3,0,0,0,0
8475253,3,0,0,0,0,0,3,0.0,5,0,0,0,0,0
8482162,3,0,0,0,0,0,2,0.0,0,-1,0,0,0,0
8486056,6,1,0,1,0,0,5,0.2,2,-2,0,0,0,0
8481575,11,0,3,3,0,0,11,0.0,0,3,0,1,0,0
8483435,2,0,0,0,0,0,1,0.0,0,0,0,0,0,0
8484759,4,1,1,2,0,0,5,0.2,2,-1,0,1,0,0
8485391,12,3,6,9,0,0,36,0.083333,4,-1,0,2,0,0
8481186,13,0,2,2,0,0,13,0.0,4,-1,0,0,0,0
8483669,11,3,1,4,0,0,15,0.2,5,0,0,0,0,0
8484793,7,1,1,2,1,0,6,0.166667,9,-1,0,0,0,0
8484169,9,0,2,2,0,0,3,0.0,4,4,0,0,0,0
8482802,8,0,0,0,0,0,3,0.0,0,-3,0,0,0,0
8478888,3,1,0,1,0,0,2,0.5,0,2,0,0,0,0
8485406,9,4,6,10,1,1,32,0.125,6,4,2,4,0,0
8483444,3,0,0,0,0,0,2,0.0,0,-1,0,0,0,0
8480075,6,0,1,1,0,0,5,0.0,0,0,0,0,0,0
8484406,6,1,0,1,0,0,2,0.5,2,1,0,0,0,0
8483397,7,0,0,0,0,0,0,0.0,0,-2,0,0,0,0
8482731,6,0,0,0,0,0,9,0.0,2,1,0,0,0,0
8482663,1,0,0,0,0,0,1,0.0,0,-1,0,0,0,0
8484234,6,0,1,1,0,0,9,0.0,2,0,0,0,0,0
8484999,4,1,3,4,0,0,7,0.142857,2,1,1,1,0,0
8483687,4,0,3,3,0,0,6,0.0,0,4,0,0,0,0
8483712,4,0,1,1,0,0,3,0.0,0,2,0,1,0,0
8485467,4,0,1,1,0,0,3,0.0,2,-2,0,0,0,0
8480291,4,0,0,0,0,0,2,0.0,2,-2,0,0,0,0
8481004,2,0,0,0,0,0,0,0.0,2,1,0,0,0,0
8477851,1,0,0,0,0,0,0,0.0,0,-1,0,0,0,0
8482174,3,0,0,0,0,0,2,0.0,0,1,0,0,0,0
8484380,3,0,2,2,0,0,4,0.0,4,3,0,0,0,0
8483709,4,0,0,0,0,0,0,0.0,2,0,0,0,0,0
8484220,2,0,1,1,0,0,3,0.0,0,0,0,0,0,0
8485395,2,0,1,1,0,0,2,0.0,2,1,0,0,0,0
8482873,2,0,0,0,0,0,0,0.0,0,1,0,0,0,0
8483467,3,0,2,2,0,0,4,0.0,0,2,0,0,0,0
8482525,2,0,0,0,0,0,1,0.0,2,1,0,0,0,0
8486166,2,0,0,0,0,0,0,0.0,0,1,0,0,0,0
8484152,3,0,0,0,0,0,4,0.0,2,0,0,0,0,0
8484242,3,0,0,0,0,0,2,0.0,2,0,0,0,0,0
8480853,1,0,0,0,0,0,1,0.0,0,0,0,0,0,0
8482187,1,0,0,0,0,0,0,0.0,0,0,0,0,0,0
8484392,1,0,1,1,0,0,0,0.0,0,1,0,0,0,0
8485388,1,0,1,1,0,0,2,0.0,0,0,0,0,0,0
8478409,1,0,0,0,0,0,0,0.0,0,0,0,0,0,0
8483760,1,0,1,1,0,0,0,0.0,4,3,0,0,0,0
8484148,1,1,1,2,0,0,1,1.0,0,1,0,0,0,0
8481093,1,0,0,0,0,0,2,0.0,0,1,0,0,0,0
8486169,1,0,0,0,0,0,0,0.0,0,-2,0,0,0,0
8475857,1,0,0,0,0,0,1,0.0,0,0,0,0,0,0
8483482,1,1,0,1,0,0,2,0.5,0,2,0,0,0,0
8483696,1,0,1,1,0,0,1,0.0,0,1,0,0,0,0
