player_id,games_played,avg_toi,goals,assists,points,gwg,ot_goals,shots,fo_win_pctg,pim,plus_minus,shooting_pctg,pp_goals,pp_points,sh_goals,sh_points
8473419,1152,18:01,451,583,1034,85,22,2949,0.3864,1153,269,0.15289999999999998,90,267,36,59
8473422,1287,15:52,251,361,612,33,3,2229,0.4828,1024,-39,0.11259999999999999,60,145,3,9
8473507,1048,21:23,96,298,394,17,4,1754,0.25,428,-143,0.0547,24,103,2,10
8475179,1037,19:25,50,197,247,9,3,1181,NaN,639,-29,NaN,10,52,1,4
8476473,825,19:20,48,129,177,6,1,1033,0.0,560,-65,0.0464,2,4,3,7
8476882,827,16:55,184,368,552,23,2,1646,0.446,144,54,0.1117,61,194,8,23
8476891,596,18:17,26,161,187,6,1,809,NaN,285,122,NaN,3,45,0,2
8477409,488,16:34,172,185,357,26,3,1281,0.4285,247,38,0.13419999999999999,28,67,1,1
8477444,771,14:21,164,256,420,33,5,1239,0.43329999999999996,183,2,0.1323,29,94,0,0
8477450,566,14:49,75,97,172,11,3,707,0.4764,212,-37,0.106,3,4,1,7
8477479,567,17:10,168,197,365,18,3,1108,0.39840000000000003,341,-92,0.1516,46,97,1,2
8477495,912,23:45,106,367,473,21,12,1993,NaN,326,-142,NaN,32,166,1,8
8477932,804,22:51,122,284,406,29,7,1891,0.0,560,91,0.0645,42,127,2,9
8477933,839,18:55,323,357,680,51,5,2013,0.43060000000000004,183,-67,0.1604,129,238,13,20
8477935,767,15:42,188,206,394,30,4,1766,0.4708,752,-31,0.10640000000000001,39,80,0,2
8477987,565,13:33,123,134,257,10,2,1096,0.4445,229,-61,0.11220000000000001,15,42,0,0
8478043,378,11:35,41,51,92,6,0,408,0.4736,196,-41,0.10039999999999999,0,0,5,6
8478055,557,21:07,59,161,220,8,4,1102,0.0,218,153,0.0535,4,19,1,5
8478421,326,9:47,36,45,81,6,0,357,0.34,448,18,0.1008,2,2,1,1
8478542,616,15:17,107,163,270,9,0,1392,0.45899999999999996,217,-17,0.0768,28,55,1,4
8478859,396,18:41,17,56,73,0,0,429,NaN,310,14,NaN,0,0,1,2
8479316,496,14:14,77,75,152,6,0,761,0.4586,434,-103,0.1011,4,14,2,2
8479981,170,8:21,10,11,21,2,0,148,0.41659999999999997,319,-18,0.0675,0,0,0,0
8480003,387,12:03,50,55,105,9,1,418,0.36369999999999997,60,-20,0.11960000000000001,1,3,1,1
8480185,447,15:07,61,101,162,11,1,572,0.4399,138,24,0.1066,5,10,3,8
8481624,427,15:37,98,103,201,15,0,851,0.2647,76,38,0.1151,5,8,9,12
8482113,359,16:37,78,123,201,11,1,739,0.5075,177,62,0.10550000000000001,8,35,7,13
8482176,175,18:39,10,25,35,1,0,173,NaN,74,-20,NaN,0,0,0,0
8482703,86,11:40,7,13,20,1,0,85,0.38549999999999995,69,-18,0.0823,1,2,0,0
8482713,156,13:50,27,36,63,6,0,301,0.35710000000000003,42,-12,0.0897,8,21,0,0
8482807,45,16:33,2,5,7,0,0,37,NaN,24,-14,NaN,0,0,0,0
8483450,83,16:39,12,17,29,1,0,110,0.425,14,-14,0.109,1,4,1,1
8483493,122,17:12,28,40,68,5,2,231,0.46270000000000006,50,-36,0.12119999999999999,5,16,2,3
8483506,63,19:00,4,15,19,1,0,105,NaN,44,-6,NaN,0,4,0,0
8484144,219,20:19,75,128,203,12,3,627,0.41619999999999996,148,-98,0.11960000000000001,22,71,0,0
8484783,86,19:44,2,28,30,0,0,105,NaN,52,-54,NaN,1,13,0,0
8471215,1269,19:28,533,874,1407,89,14,3958,0.4486,1263,41,0.1346,187,530,4,5
8471675,1420,20:36,654,1107,1761,104,25,4459,0.5295000000000001,898,197,0.1466,194,610,4,11
8471724,1235,24:03,178,628,806,36,13,3050,0.2,843,81,0.0583,57,295,6,16
8474578,1159,25:07,215,721,936,38,12,3150,0.0,508,-115,0.0682,48,331,2,7
8475842,393,11:17,43,46,89,3,1,446,0.5223,439,-34,0.0964,1,2,4,7
8476389,868,19:19,239,392,631,35,4,2164,0.5426,593,-5,0.1104,65,173,16,19
8476459,1011,18:35,348,470,818,45,8,2624,0.4999,271,2,0.1326,136,286,15,35
8476468,939,17:42,277,485,762,55,17,1874,0.5504,529,31,0.1478,74,248,11,25
8476483,862,17:27,260,307,567,34,8,2191,0.44380000000000003,180,-41,0.1186,64,147,1,5
8477369,441,16:42,32,67,99,5,0,468,NaN,282,54,NaN,1,4,2,4
8477511,588,16:05,179,188,367,15,3,1295,0.3942,320,-3,0.1382,40,69,1,1
8477839,655,13:57,131,154,285,22,4,1101,0.4514,142,4,0.1189,14,35,3,3
8478438,285,13:54,65,94,159,8,2,453,0.43119999999999997,46,-8,0.1434,18,40,0,0
8478450,188,18:34,4,42,46,1,0,156,NaN,100,18,NaN,0,0,0,2
8478452,255,16:16,14,42,56,3,2,255,NaN,90,-35,NaN,1,7,0,0
8478550,830,19:47,330,624,954,51,10,2277,0.22030000000000002,242,140,0.1449,79,288,0,1
8478569,585,13:35,81,63,144,13,0,744,0.5141,193,-28,0.10880000000000001,1,3,2,6
8478840,373,17:02,18,65,83,3,0,381,NaN,227,-3,NaN,0,0,1,1
8478854,150,17:02,9,32,41,0,0,108,NaN,42,22,NaN,0,1,0,0
8478882,517,21:36,43,127,170,7,4,671,NaN,244,16,NaN,3,6,1,6
8479323,486,23:09,72,350,422,20,3,907,0.0,194,122,0.0793,16,173,4,13
8479390,373,13:50,52,67,119,3,0,499,0.3455,78,-48,0.1042,11,24,3,3
8479638,159,12:06,33,30,63,8,0,224,0.23070000000000002,34,0,0.14730000000000001,9,12,0,0
8480001,221,16:47,3,43,46,0,0,205,NaN,70,-15,NaN,0,1,0,1
8480980,316,11:50,37,46,83,3,0,373,0.45409999999999995,136,-4,0.09910000000000001,0,1,5,8
8481481,434,12:52,55,90,145,7,0,505,0.5041,205,36,0.10890000000000001,3,4,7,13
8481577,218,12:46,34,61,95,11,0,340,0.366,49,-11,0.1,10,27,0,0
8481726,97,9:15,10,6,16,3,0,78,0.28,31,-2,0.1282,0,0,0,0
8482073,368,17:15,20,67,87,3,1,396,NaN,85,17,NaN,0,1,2,3
8482109,462,15:57,116,134,250,24,3,846,0.3154,176,-13,0.1371,16,31,0,0
8482157,249,14:15,53,51,104,6,1,429,0.41659999999999997,173,-5,0.1235,7,13,2,3
8482460,85,7:58,5,6,11,1,0,57,0.3103,149,4,0.0877,0,0,0,0
8482758,47,13:39,2,12,14,0,0,51,1.0,14,-10,0.0392,1,7,0,0
8483690,74,13:28,9,15,24,1,0,73,0.5075999999999999,31,2,0.1232,3,5,0,0
8484839,9,15:43,1,0,1,0,0,8,NaN,6,-4,NaN,0,0,0,0
8485414,77,15:04,17,18,35,4,0,151,0.436,18,-5,0.1125,4,10,1,2
8470613,1579,22:11,273,672,945,47,16,4223,0.455,887,43,0.0646,88,323,3,17
8471685,1521,20:43,452,864,1316,79,9,3429,0.5355,358,127,0.1318,129,457,14,28
8474563,1279,25:59,165,544,709,34,8,2590,0.3333,829,73,0.0637,80,304,3,11
8475208,788,19:52,30,164,194,3,1,844,1.0,202,94,0.0355,0,5,1,9
8475754,1001,17:12,334,318,652,57,10,2297,0.4827,358,30,0.1454,73,140,5,8
8476312,705,19:07,44,157,201,9,1,947,0.0,691,88,0.0464,0,1,2,8
8476441,685,18:43,37,116,153,3,0,913,0.0,508,60,0.0405,0,4,0,2
8476455,798,19:12,262,344,606,45,7,2161,0.5402,648,106,0.12119999999999999,70,155,5,10
8476469,653,14:32,116,116,232,13,0,1160,0.31329999999999997,222,-10,0.1,8,25,21,27
8476479,786,17:03,131,280,411,20,2,1356,0.5322,349,79,0.0966,10,46,2,15
8476879,953,20:26,53,191,244,11,1,1288,1.0,210,-8,0.041100000000000005,1,13,0,8
8477476,660,16:44,165,171,336,23,2,1425,0.3127,204,86,0.1157,24,50,9,10
8477492,950,20:40,420,722,1142,76,15,3842,0.4678,428,229,0.1093,113,356,2,4
8477501,627,16:25,154,203,357,24,3,1323,0.3095,112,109,0.1164,41,65,6,10
8477942,707,16:46,229,299,528,35,6,1912,0.3214,403,2,0.1197,62,169,1,1
8477960,711,17:07,230,244,474,40,11,1750,0.4054,429,39,0.13140000000000002,40,128,13,19
8477998,581,13:42,117,109,226,26,0,1105,0.46380000000000005,215,36,0.1058,5,7,5,6
8478038,541,23:13,65,237,302,15,5,1059,0.0,158,223,0.0613,9,44,0,2
8478109,448,15:00,118,124,242,24,3,924,0.2413,50,-41,0.1277,43,76,0,1
8479398,608,20:20,37,205,242,6,2,782,1.0,130,23,0.0473,3,61,0,1
8479525,404,12:55,89,87,176,18,0,782,0.5107,182,-1,0.11380000000000001,13,26,0,0
8479675,485,15:50,107,140,247,11,1,1095,0.32689999999999997,110,38,0.0977,7,22,12,16
8479998,425,21:09,21,81,102,5,0,443,NaN,146,77,NaN,1,1,0,4
8480039,519,17:42,162,264,426,33,9,1238,0.4103,184,72,0.1308,49,124,3,6
8480069,470,24:48,136,371,507,28,6,1317,NaN,134,168,NaN,45,208,3,7
8480448,339,11:51,46,43,89,5,0,397,0.4071,186,-3,0.1158,0,0,4,7
8480835,268,12:56,30,52,82,3,0,373,0.5714,102,26,0.08039999999999999,3,10,0,0
8481532,162,10:57,13,30,43,2,0,175,0.5154,54,1,0.0742,1,1,0,0
8481641,349,11:08,38,31,69,2,0,370,0.3882,100,8,0.1027,1,1,2,2
8482124,339,16:54,75,116,191,13,6,620,0.4487,186,40,0.1209,14,34,1,2
8482155,240,16:01,52,57,109,9,0,549,0.4169,84,11,0.0947,5,12,2,2
8482408,71,9:00,3,7,10,0,0,67,0.3125,64,-10,0.0447,0,0,0,0
8482730,185,17:29,15,66,81,3,1,332,NaN,125,17,NaN,4,26,0,0
8483808,271,15:29,85,97,182,15,3,416,0.6666,50,-10,0.2043,34,64,0,0
8484149,57,9:36,6,7,13,4,1,62,0.3823,8,2,0.0967,0,0,0,0
8484258,181,16:29,16,49,65,2,0,310,NaN,44,54,NaN,1,4,0,0
8475166,1266,19:13,525,660,1185,86,20,3941,0.5408,549,-49,0.1332,167,391,3,6
8475171,1137,22:30,156,383,539,36,8,2337,0.0,754,-110,0.0667,61,199,4,7
8475690,878,19:56,36,174,210,10,4,712,NaN,218,161,NaN,2,8,1,6
8475714,774,15:04,143,173,316,19,3,1158,0.4802,163,56,0.1234,17,45,10,16
8475848,911,15:10,246,241,487,27,0,2512,0.42310000000000003,594,26,0.09789999999999999,51,91,1,1
8476853,951,22:03,98,451,549,17,6,1998,0.0,279,-41,0.049,16,179,1,6
8476875,705,22:07,81,221,302,17,5,1385,0.5,394,-23,0.0584,8,64,3,11
8476931,723,20:05,40,160,200,6,1,751,0.0,452,10,0.053200000000000004,3,7,2,4
8476981,688,15:32,160,113,273,26,2,1400,0.4623,641,-40,0.1142,11,22,7,10
8477503,815,15:47,150,336,486,18,6,1526,0.4888,801,-33,0.09820000000000001,23,97,0,1
8477939,750,17:55,292,399,691,51,16,2166,0.4993,200,20,0.1348,81,221,3,4
8478057,296,12:08,50,46,96,11,0,299,0.5077,230,-9,0.1672,3,4,2,2
8478133,418,14:54,52,100,152,8,1,484,0.523,141,-15,0.1074,1,1,7,14
8478443,692,19:45,29,90,119,2,0,875,1.0,381,137,0.0331,0,1,2,8
8478462,443,14:52,76,115,191,15,1,637,0.48450000000000004,194,37,0.1193,11,25,1,4
8478851,369,19:32,20,89,109,3,1,394,0.0,205,31,0.0507,1,5,1,3
8478904,381,10:56,36,44,80,8,0,407,0.4806,67,-22,0.08839999999999999,1,1,4,5
8479318,689,19:57,428,352,780,66,14,2761,0.5389,152,147,0.155,109,215,2,3
8479339,537,17:28,224,198,422,31,6,1512,0.34840000000000004,201,-75,0.1481,85,142,0,0
8480018,537,19:51,167,309,476,20,7,1136,0.49340000000000006,167,-20,0.147,53,165,8,11
8480865,468,21:09,62,215,277,12,2,1030,NaN,152,2,NaN,12,90,0,3
8481122,352,17:05,6,30,36,0,0,290,NaN,240,-40,NaN,0,0,0,1
8481523,306,16:22,51,85,136,6,1,484,0.3652,185,-53,0.10529999999999999,10,35,0,3
8481540,368,18:02,169,138,307,35,13,1188,0.4067,58,-1,0.1422,42,90,0,0
8481582,234,11:52,48,40,88,6,1,385,0.4347,34,-11,0.1246,5,9,0,0
8481618,338,14:42,70,81,151,15,1,501,0.42450000000000004,88,-7,0.13970000000000002,9,23,0,0
8481711,295,15:05,51,118,169,5,1,407,0.38630000000000003,54,-50,0.1253,5,37,0,1
8482087,208,20:36,18,51,69,4,1,254,NaN,171,-16,NaN,0,0,0,1
8482259,218,14:05,64,41,105,8,0,488,0.375,123,20,0.1311,8,13,0,0
8482720,240,16:56,67,93,160,11,1,411,0.125,119,-13,0.163,11,33,1,2
8482737,175,13:04,36,39,75,3,0,259,0.4629,71,14,0.1389,10,18,0,0
8482775,100,13:50,22,17,39,2,0,147,0.4532,24,-1,0.1496,1,2,1,3
8482964,230,14:07,10,23,33,0,0,245,NaN,416,-24,NaN,2,3,0,0
8483457,166,23:15,18,128,146,3,1,218,NaN,68,32,NaN,3,46,0,0
8483515,282,17:09,72,112,184,7,0,507,0.3636,185,-19,0.142,27,54,0,0
8484984,84,15:27,20,44,64,4,0,132,0.0,34,4,0.1515,7,20,0,0
8471214,1573,20:27,929,758,1687,141,27,7108,0.34020000000000006,857,55,0.1306,331,622,5,6
8474590,1159,23:36,170,615,785,33,2,2673,0.1666,396,112,0.0635,49,278,2,9
8475343,657,13:12,89,108,197,18,1,664,0.5073,380,18,0.134,2,10,7,9
8476374,644,13:35,70,105,175,7,1,973,0.5043,384,-47,0.0719,1,3,1,7
8476854,829,22:17,78,261,339,15,3,1394,0.25,499,150,0.0559,15,85,1,5
8476880,907,15:39,209,248,457,31,5,1550,0.4053,1649,47,0.1348,44,77,12,18
8477496,969,18:26,252,400,652,50,6,2061,0.5393,253,4,0.1222,76,205,6,22
8477507,804,18:37,53,137,190,6,1,984,1.0,998,55,0.0538,2,9,0,3
8477845,751,17:26,28,133,161,7,0,844,NaN,229,35,NaN,0,4,0,3
8477956,833,18:33,420,513,933,68,13,3080,0.3184,414,145,0.1363,132,293,0,0
8478042,682,16:19,219,224,443,39,3,1961,0.3588,280,63,0.1116,37,83,11,14
8478401,706,16:34,155,252,407,28,8,1187,0.4939,193,-32,0.1305,45,103,7,12
8478440,598,16:50,165,277,442,20,3,1090,0.5171,212,-43,0.15130000000000002,42,146,0,0
8478463,713,15:06,146,153,299,26,5,1369,0.44409999999999994,149,-11,0.1066,21,43,2,3
8478911,517,19:42,29,120,149,4,0,804,NaN,155,103,NaN,0,5,1,7
8479325,573,23:32,71,290,361,19,8,962,NaN,491,157,NaN,16,99,2,5
8479345,621,21:32,122,201,323,24,5,1519,NaN,422,-32,NaN,41,94,0,0
8479369,386,19:23,16,59,75,1,0,389,NaN,141,-81,NaN,0,0,1,4
8479400,627,17:17,170,257,427,31,8,1341,0.4661,548,27,0.1267,50,110,0,0
8479520,375,11:18,33,37,70,5,0,410,0.3478,410,0,0.08039999999999999,0,0,3,4
8479591,269,11:22,33,41,74,5,0,525,0.38020000000000004,261,8,0.06280000000000001,3,8,0,0
8479661,371,13:18,55,60,115,8,1,447,0.4,469,-13,0.12300000000000001,3,6,2,4
8479987,414,14:15,111,116,227,14,1,673,0.4836,126,6,0.1649,23,52,0,0
8479999,509,15:40,96,182,278,13,2,748,0.4543,118,-62,0.1283,21,71,2,3
8480035,448,19:03,21,91,112,4,1,535,NaN,154,-15,NaN,1,9,0,1
8480355,287,10:07,31,30,61,7,0,311,0.5721,425,-9,0.09960000000000001,0,1,1,1
8480796,380,19:26,27,75,102,3,0,404,NaN,151,28,NaN,0,0,1,5
8480873,382,18:48,25,120,145,6,0,405,NaN,112,15,NaN,1,27,0,0
8481580,315,15:05,67,87,154,13,1,562,0.4296,130,4,0.1192,8,21,1,4
8481656,321,14:51,68,103,171,12,1,531,0.4025,58,53,0.128,0,3,5,9
8482088,82,14:28,16,20,36,2,1,112,0.4593,35,18,0.14279999999999998,3,3,0,0
8482148,158,9:52,13,34,47,1,0,129,0.3843,41,-2,0.1007,0,2,0,0
8482177,168,13:17,21,28,49,1,1,125,0.4481,42,-2,0.168,1,3,0,1
8482511,191,17:58,16,56,72,1,0,207,NaN,54,-28,NaN,4,24,0,0
8483489,107,14:54,20,20,40,3,2,143,0.4875,24,16,0.1398,1,4,0,1
8484186,84,14:23,21,25,46,3,0,170,0.5832999999999999,58,-2,0.1235,4,14,0,0
8474150,1148,17:21,232,374,606,41,8,2762,0.49079999999999996,503,73,0.0839,37,108,19,36
8474641,1058,17:12,278,294,572,44,7,1893,0.5062,322,-22,0.14679999999999999,65,139,17,35
8475172,1062,17:31,323,437,760,46,8,2987,0.4857,790,-80,0.1081,98,230,1,1
8475218,966,21:39,92,309,401,20,4,1655,0.0,458,219,0.0555,14,58,4,13
8476399,693,16:05,170,155,325,28,1,1671,0.4274,516,50,0.1017,12,16,22,30
8476454,1031,19:23,291,513,804,38,5,2388,0.4474,355,-28,0.12179999999999999,88,320,9,22
8476967,663,17:05,29,108,137,4,0,891,NaN,276,2,NaN,0,1,1,5
8477346,629,21:09,63,216,279,9,1,1227,0.5,474,79,0.0513,8,52,1,10
8477498,798,22:30,88,236,324,13,6,1860,NaN,725,66,NaN,3,36,6,12
8477810,314,14:10,5,40,45,1,0,193,NaN,128,5,NaN,0,0,0,0
8477934,855,20:39,434,619,1053,75,20,2333,0.5331,366,100,0.18600000000000003,178,371,10,14
8477953,568,14:21,98,141,239,19,4,918,0.3667,140,-7,0.1067,5,21,7,8
8477993,50,9:18,3,7,10,1,0,26,0.4756,13,4,0.1153,0,0,0,0
8478233,560,14:30,131,128,259,20,0,914,0.355,247,31,0.1433,14,28,5,8
8478397,617,21:50,64,214,278,9,2,1154,NaN,350,-11,NaN,13,82,3,5
8478402,794,21:52,409,811,1220,76,17,2713,0.4792,330,186,0.1507,100,418,9,19
8479066,394,9:51,35,37,72,5,0,465,0.3604,475,-9,0.07519999999999999,1,1,0,1
8479365,412,12:09,59,57,116,12,0,562,0.4639,365,3,0.10490000000000001,3,5,0,1
8479402,277,16:41,16,49,65,2,2,325,NaN,100,-26,NaN,1,10,0,1
8480028,392,15:27,75,115,190,9,1,690,0.5068,114,-55,0.10859999999999999,15,49,1,1
8480797,497,16:11,113,132,245,9,1,942,0.35159999999999997,257,-45,0.1199,8,28,5,6
8480803,429,21:30,76,257,333,17,7,1085,NaN,154,82,NaN,24,116,0,4
8480831,51,15:31,1,3,4,0,0,39,NaN,51,-21,NaN,0,0,0,0
8480834,178,15:51,5,30,35,2,0,139,NaN,47,-10,NaN,0,1,0,1
8480860,297,18:58,11,52,63,3,0,250,NaN,209,-5,NaN,1,2,0,1
8481068,438,16:17,116,110,226,15,3,862,0.3968,71,-79,0.13449999999999998,19,37,10,16
8481167,177,14:22,6,22,28,0,0,160,NaN,194,1,NaN,0,0,0,2
8481491,32,9:32,2,3,5,0,0,31,0.4844,6,-6,0.0645,0,0,0,0
8481617,301,13:22,45,51,96,10,0,429,0.3212,154,15,0.1048,3,6,0,0
8482074,191,15:09,39,47,86,8,2,311,0.4147,58,-4,0.12539999999999998,4,20,0,0
8482679,192,16:18,45,56,101,7,1,439,0.4039,63,-37,0.1025,13,33,0,0
8483455,29,10:19,2,3,5,0,0,36,NaN,12,-6,NaN,0,0,0,0
8483512,87,14:33,18,20,38,5,0,144,0.41859999999999997,24,2,0.125,5,7,2,2
8483609,116,10:10,13,16,29,0,0,128,0.3272,160,-16,0.1015,1,2,0,0
8484860,37,15:10,6,14,20,0,0,70,0.1764,2,-14,0.0857,1,7,0,0
8485493,22,10:46,3,2,5,0,0,30,0.46869999999999995,10,-6,0.1,0,2,0,0
8475188,885,19:04,38,153,191,5,0,967,1.0,567,160,0.0392,1,8,2,9
8475191,988,16:33,242,337,579,38,5,1997,0.3503,238,128,0.1211,49,117,16,26
8475913,766,19:01,259,448,707,46,8,1640,0.4207,238,167,0.15789999999999998,60,189,10,19
8476438,984,16:22,269,269,538,48,5,2180,0.4179,182,36,0.1233,36,69,9,15
8476448,752,17:04,183,270,453,30,2,1455,0.5127,116,132,0.1257,30,82,15,28
8476881,873,17:48,276,331,607,43,10,2016,0.5428999999999999,315,-93,0.1369,78,159,6,10
8476925,756,14:36,101,131,232,15,1,880,0.5389,269,7,0.11470000000000001,6,25,7,13
8477447,634,21:32,88,314,402,21,8,1518,1.0,201,105,0.0579,18,114,1,3
8477964,667,14:50,149,202,351,19,1,846,0.4182,200,75,0.1761,14,29,5,8
8478396,829,20:46,75,278,353,12,2,1541,NaN,215,7,NaN,15,89,1,6
8478403,690,20:16,266,432,698,45,14,2451,0.451,211,19,0.1085,63,233,3,11
8478434,439,11:43,44,76,120,5,0,432,0.415,323,-23,0.1018,1,1,2,5
8478468,384,17:34,15,43,58,1,0,432,NaN,442,-15,NaN,0,0,0,2
8478483,738,20:02,245,576,821,39,7,1829,0.4142,222,145,0.13390000000000002,55,252,10,19
8479353,489,13:35,74,89,163,10,1,530,0.49,246,-18,0.1396,1,7,3,8
8480727,399,18:07,23,65,88,4,0,411,NaN,188,44,NaN,0,0,1,2
8481527,155,15:56,4,33,37,0,0,142,NaN,36,31,NaN,0,1,0,0
8481604,231,15:59,92,57,149,15,0,622,0.22719999999999999,74,11,0.1479,35,51,0,0
8481568,260,21:29,9,61,70,1,0,276,NaN,76,-46,NaN,1,14,0,2
8481806,134,16:55,10,22,32,1,0,160,NaN,77,-24,NaN,0,0,1,2
8475722,832,15:31,241,227,468,41,3,1872,0.3496,417,-4,0.12869999999999998,55,110,3,5
8477419,30,6:29,0,0,0,0,0,13,NaN,89,-7,NaN,0,0,0,0
8477949,615,17:45,200,248,448,37,4,1539,0.4104,263,79,0.12990000000000002,34,86,12,17
8479359,262,11:48,19,29,48,2,0,258,0.4576,103,-16,0.0736,0,0,1,2
8479420,529,16:52,216,190,406,25,2,1567,0.42829999999999996,238,-62,0.1378,55,111,5,6
8479941,187,13:49,31,33,64,3,0,264,0.498,60,-26,0.1174,0,2,1,1
8479982,198,16:21,6,48,54,1,0,194,NaN,82,13,NaN,0,6,0,0
8480064,283,17:30,104,88,192,21,3,572,0.5202,129,-19,0.1818,35,69,3,5
8480196,304,15:25,6,45,51,0,0,151,NaN,60,-47,NaN,1,8,0,3
8480802,379,15:11,66,116,182,7,0,456,0.49520000000000003,72,48,0.1447,2,15,10,17
8480807,290,21:01,20,64,84,5,1,335,NaN,116,44,NaN,0,1,1,4
8480839,586,23:23,102,332,434,13,3,1385,NaN,454,-40,NaN,34,166,0,2
8481522,378,13:39,42,91,133,8,0,382,0.4562,277,-17,0.1099,2,15,2,2
8481524,328,21:19,44,108,152,10,1,422,NaN,220,41,NaN,4,17,1,3
8481564,47,13:48,0,7,7,0,0,38,NaN,18,1,NaN,0,0,0,0
8482097,260,14:54,59,89,148,11,0,502,0.295,59,-22,0.1175,10,34,0,1
8482659,144,14:46,37,43,80,6,0,281,0.3826,33,0,0.1316,12,21,0,0
8483468,75,15:03,18,11,29,3,1,155,0.4459,22,-9,0.1161,0,0,0,0
8474141,1369,19:56,508,892,1400,85,14,4402,0.38670000000000004,470,-1,0.11539999999999999,140,465,0,1
8474612,926,20:39,53,191,244,4,0,1570,0.0,803,-37,0.0337,6,26,2,9
8475279,805,19:25,50,135,185,6,4,1111,NaN,602,-67,NaN,3,5,0,2
8477429,779,15:08,123,220,343,22,3,1144,0.5194,173,76,0.1075,13,40,9,17
8477456,658,17:06,129,173,302,19,3,989,0.47740000000000005,235,-29,0.1304,30,64,8,11
8477946,808,19:32,276,367,643,40,13,2415,0.5274,499,-100,0.1142,86,176,9,12
8478891,465,14:03,63,89,152,12,0,633,0.3833,168,31,0.09949999999999999,3,4,2,5
8479337,696,18:13,294,301,595,38,14,2064,0.41509999999999997,194,-49,0.1424,102,199,1,1
8479992,454,13:56,66,88,154,7,0,617,0.48100000000000004,243,-50,0.1069,6,13,2,5
8481542,410,23:51,39,201,240,7,3,811,NaN,222,-17,NaN,13,105,1,5
8481607,143,16:07,6,14,20,3,0,109,NaN,46,-29,NaN,0,0,1,2
8481725,106,11:51,16,16,32,4,0,137,0.2962,37,1,0.1167,0,0,0,0
8482078,400,18:11,123,207,330,20,6,846,0.3432,110,-75,0.14529999999999998,31,117,1,1
8482762,175,21:10,19,41,60,5,2,192,NaN,158,17,NaN,0,1,0,2
8483464,159,14:36,28,28,56,5,1,277,0.4736,67,-19,0.10099999999999999,3,6,0,1
8484223,68,16:13,7,14,21,1,0,68,NaN,18,-20,NaN,1,7,0,0
8484471,82,15:30,13,17,30,1,0,120,0.4403,6,-10,0.10830000000000001,4,8,0,0
8484794,14,12:31,0,1,1,0,0,20,NaN,2,-5,NaN,0,0,0,0
8473512,1345,19:17,379,786,1165,60,13,3321,0.5657,518,36,0.11410000000000001,101,424,9,21
8474102,1239,16:34,332,480,812,48,9,2577,0.3836,877,-12,0.1288,91,255,4,7
8474151,1058,22:25,86,355,441,15,3,1557,0.4,385,303,0.0552,9,70,5,20
8474189,1184,14:52,193,246,439,30,4,1976,0.5045000000000001,647,-25,0.09759999999999999,17,43,10,18
8475167,1164,23:18,172,639,811,29,8,2472,0.3333,782,192,0.0695,35,291,1,14
8475324,694,18:41,26,146,172,1,0,762,NaN,164,33,NaN,0,2,0,3
8476393,723,12:16,86,132,218,12,1,1047,0.449,445,-12,0.0821,9,21,0,0
8476453,879,19:07,401,723,1124,65,9,2712,0.41659999999999997,436,200,0.1478,104,401,1,1
8476826,684,16:28,142,233,375,30,6,1137,0.4808,520,40,0.12480000000000001,21,48,9,16
8477073,307,8:50,11,21,32,2,0,184,0.6666,424,-34,0.059699999999999996,0,0,0,1
8477404,681,19:22,306,353,659,41,7,1930,0.46509999999999996,317,100,0.1585,74,179,4,5
8477416,704,15:26,184,232,416,19,1,1592,0.3423,136,-53,0.1155,47,104,0,0
8478010,720,19:03,324,361,685,63,12,1758,0.4867,163,89,0.1843,111,212,3,5
8478020,522,12:59,83,91,174,10,0,649,0.4719,107,15,0.1278,6,15,0,1
8478178,249,19:19,35,108,143,8,2,448,NaN,111,24,NaN,13,42,0,0
8478416,502,18:53,26,94,120,3,0,660,NaN,441,96,NaN,1,1,1,5
8478469,569,23:43,78,257,335,5,2,1320,NaN,270,-53,NaN,12,97,2,3
8478519,582,17:25,147,197,344,24,5,1008,0.49219999999999997,297,162,0.1458,15,36,19,27
8479542,446,18:22,161,210,371,21,3,1024,0.37329999999999997,291,66,0.1572,18,52,6,17
8480188,329,15:21,69,80,149,4,1,671,0.4303,77,-29,0.10279999999999999,17,34,1,1
8480801,572,18:11,213,250,463,28,12,2202,0.5018,821,-53,0.0967,62,139,1,1
8480876,43,6:45,1,3,4,0,0,29,0.46149999999999997,108,-3,0.0344,0,0,0,0
8480995,229,12:15,30,41,71,5,0,239,0.4545,94,16,0.1255,1,2,1,1
8481528,444,16:32,110,162,272,8,2,1026,0.485,281,-65,0.1072,28,79,5,7
8481596,282,17:11,74,79,153,10,1,568,0.5053,112,10,0.13019999999999998,15,23,5,9
8481719,53,15:19,1,11,12,0,0,67,NaN,47,5,NaN,0,0,0,1
8482070,109,11:30,16,10,26,2,0,105,0.36,29,-2,0.1523,4,4,0,0
8482092,247,15:56,41,63,104,5,0,375,0.48960000000000004,221,12,0.1093,6,17,4,6
8482105,303,23:34,39,142,181,10,2,632,1.0,55,4,0.0617,15,83,0,4
8482116,447,19:38,149,260,409,18,8,1063,0.4567,218,-58,0.1401,36,145,6,6
8482131,44,14:53,0,8,8,0,0,33,NaN,68,-6,NaN,0,0,0,0
8482201,136,12:55,19,34,53,3,0,138,0.3333,61,33,0.1376,1,4,0,0
8482245,387,20:30,24,90,114,2,0,406,NaN,248,37,NaN,0,1,1,3
8482929,163,16:07,5,31,36,3,0,120,NaN,182,-1,NaN,0,0,0,1
8483447,66,11:49,9,8,17,3,0,70,0.4315,24,-7,0.1285,1,2,0,0
8484321,95,13:58,1,8,9,0,0,82,NaN,36,-2,NaN,0,0,0,1
8475235,708,10:13,53,53,106,7,0,710,0.3469,799,-108,0.0746,0,0,3,5
8476372,453,15:23,15,57,72,2,0,481,NaN,337,16,NaN,0,0,0,5
8476461,952,18:32,218,361,579,37,7,2043,0.5266,377,68,0.1067,31,94,5,15
8477903,672,11:37,76,87,163,15,0,749,0.4337,739,45,0.1014,0,0,6,13
8477948,660,21:45,65,185,250,9,4,1017,NaN,279,-38,NaN,3,20,3,10
8477989,614,16:40,123,177,300,14,1,958,0.5327000000000001,147,-49,0.1283,25,50,2,3
8478439,723,17:27,225,319,544,31,3,1744,0.40130000000000005,522,-29,0.129,39,114,11,18
8478454,209,15:31,4,23,27,0,0,153,NaN,74,-10,NaN,0,0,0,0
8479022,64,10:03,5,10,15,0,0,68,0.5384,26,-11,0.0735,0,0,1,2
8480015,428,15:35,121,115,236,15,3,1157,0.4207,94,-53,0.1045,19,40,3,3
8480220,317,15:56,58,91,149,13,2,450,0.43189999999999995,74,28,0.1288,8,21,2,5
8480874,16,14:36,1,0,1,0,0,8,NaN,2,-1,NaN,0,0,0,0
8481178,188,15:31,8,35,43,2,0,133,NaN,48,-10,NaN,2,9,0,1
8481533,349,17:55,93,160,253,15,4,756,0.3893,265,-48,0.12300000000000001,25,62,0,0
8481553,214,14:41,38,60,98,7,0,308,0.35590000000000005,56,-22,0.1233,8,17,0,0
8482142,295,20:13,25,77,102,5,1,392,NaN,87,-96,NaN,4,31,0,1
8482159,195,17:05,61,39,100,6,0,385,0.2857,111,1,0.15839999999999999,13,21,1,1
8484387,161,15:45,46,68,114,6,4,362,0.37729999999999997,117,-18,0.127,12,29,0,0
8475151,925,16:20,276,269,545,52,6,2220,0.3432,443,-25,0.1243,82,166,3,4
8475231,978,13:14,124,156,280,21,0,1177,0.5193,457,-1,0.10529999999999999,1,7,13,23
8475314,923,16:18,308,241,549,47,1,2318,0.4818,546,21,0.1328,83,134,0,0
8476419,871,16:31,176,225,401,27,5,1457,0.5484,264,14,0.1207,24,45,24,47
8476429,615,18:35,30,110,140,4,0,746,0.0,540,17,0.04019999999999999,0,0,2,5
8476917,642,20:13,30,147,177,4,1,898,NaN,283,83,NaN,0,3,2,11
8477407,669,14:23,165,176,341,19,4,1189,0.344,221,24,0.1387,45,78,2,3
8477494,671,16:35,111,287,398,19,3,1165,0.4432,238,-75,0.09519999999999999,29,131,0,0
8477500,881,19:01,300,318,618,46,13,2240,0.5446,301,-66,0.13390000000000002,88,162,16,19
8477506,636,21:09,56,185,241,10,3,1191,NaN,123,66,NaN,17,49,0,4
8477950,482,19:21,57,207,264,9,4,994,1.0,382,-39,0.057300000000000004,14,100,0,0
8478445,611,19:02,153,381,534,25,7,1456,0.41950000000000004,313,20,0.105,26,153,0,0
8480842,16,12:17,1,3,4,1,0,22,0.0,2,4,0.0454,0,0,1,1
8481014,369,20:08,17,67,84,0,0,512,NaN,163,26,NaN,0,1,0,2
8481601,279,14:50,60,60,120,13,2,307,0.25,38,7,0.1954,3,10,8,15
8482476,148,14:15,32,17,49,1,0,238,0.2758,38,-17,0.1344,7,9,0,0
8484958,126,12:42,12,27,39,1,0,158,0.44179999999999997,45,-13,0.0759,1,3,0,0
8485366,82,24:41,23,36,59,4,2,222,NaN,38,13,NaN,8,18,0,0
8485702,44,13:41,5,13,18,0,0,56,0.0,2,-5,0.0892,0,5,0,0
8473533,1403,17:56,318,429,747,49,6,2717,0.5357,644,67,0.11699999999999999,50,118,21,44
8474149,641,15:33,164,198,362,24,3,1222,0.1714,102,-32,0.13419999999999999,37,74,0,0
8475455,1056,18:39,42,185,227,8,0,1066,NaN,1014,61,NaN,0,1,4,10
8475791,989,17:55,302,485,787,51,13,2906,0.44799999999999995,526,-37,0.1039,85,211,1,2
8476292,905,16:14,182,338,520,34,4,1556,0.2145,266,127,0.11689999999999999,35,109,8,13
8476462,912,20:41,163,377,540,36,9,2598,0.25,574,74,0.06269999999999999,51,177,1,3
8476822,934,13:23,85,90,175,12,0,994,0.5563,316,-91,0.0855,2,3,8,15
8476906,744,20:00,117,345,462,18,7,1594,1.0,277,-63,0.07339999999999999,46,214,2,2
8476921,797,14:19,107,155,262,24,0,1198,0.4514,360,-19,0.08929999999999999,1,3,8,17
8476958,784,22:23,56,251,307,10,4,1349,0.0,98,175,0.0415,7,28,4,20
8477015,676,16:14,125,176,301,13,1,1120,0.3837,132,-11,0.1116,12,38,11,21
8477478,526,10:39,69,67,136,13,0,782,0.447,238,22,0.0882,0,0,0,0
8477488,736,21:04,43,179,222,10,3,1116,0.3333,262,76,0.0385,4,19,1,7
8477940,756,16:27,251,340,591,45,7,2102,0.3333,236,114,0.11939999999999999,50,140,1,1
8478399,449,18:48,10,72,82,2,0,419,NaN,255,23,NaN,1,1,0,3
8478414,698,17:19,241,238,479,36,5,2267,0.4278,402,-74,0.1063,65,114,0,1
8478427,756,19:08,310,401,711,68,18,2068,0.5129,342,132,0.1499,75,217,22,37
8478970,335,16:46,23,52,75,7,0,436,NaN,151,65,NaN,0,0,1,3
8479407,634,17:10,172,346,518,28,3,1408,0.3544,102,-24,0.12210000000000001,35,155,4,10
8479996,322,13:51,54,65,119,8,1,496,0.4974,109,-3,0.10880000000000001,13,25,0,0
8480002,609,18:58,199,289,488,30,9,1496,0.5274,154,15,0.133,51,131,6,13
8480336,476,18:07,40,103,143,3,1,859,NaN,247,-27,NaN,1,11,2,5
8480762,455,12:24,66,75,141,12,0,621,0.2613,77,9,0.10619999999999999,0,0,3,6
8480817,440,21:36,44,125,169,10,2,606,0.0,218,56,0.0726,2,11,1,7
8480829,518,13:29,78,125,203,9,0,771,0.49219999999999997,242,10,0.1011,6,29,1,2
8480830,557,16:51,182,252,434,31,3,1500,0.3492,493,41,0.1213,51,144,0,0
8481032,296,12:12,47,35,82,5,1,338,0.5069,143,-53,0.139,2,5,0,0
8481559,429,19:42,168,260,428,27,9,1497,0.3594,72,-35,0.11220000000000001,39,142,2,4
8481721,66,15:10,13,18,31,0,0,149,0.30760000000000004,26,-3,0.0872,2,5,0,0
8482093,375,17:27,128,151,279,22,4,901,0.41159999999999997,83,62,0.142,27,71,12,17
8482100,81,18:11,11,22,33,1,1,122,NaN,33,18,NaN,4,10,1,1
8482110,410,17:17,103,106,209,14,1,748,0.3922,120,-27,0.1377,18,35,6,8
8482684,223,21:48,23,105,128,4,2,408,0.0,76,-38,0.056299999999999996,6,54,0,0
8482702,183,15:12,41,55,96,8,0,411,0.4474,47,21,0.09970000000000001,7,19,0,0
8482809,162,15:11,39,48,87,9,1,318,0.375,70,12,0.1226,8,19,0,0
8483495,155,18:56,16,33,49,5,3,200,NaN,73,-28,NaN,1,6,0,0
8474567,970,19:39,66,183,249,6,2,1581,0.5,839,-69,0.0417,9,36,3,7
8474716,1012,21:55,123,315,438,25,6,1633,0.3333,174,127,0.0753,36,138,0,6
8475149,1058,16:21,200,366,566,39,6,1615,0.4102,166,-54,0.12380000000000001,45,157,4,6
8475170,1102,17:27,296,428,724,62,13,2186,0.486,660,-71,0.1354,96,214,1,1
8475220,931,14:11,148,188,336,17,1,1090,0.4689,950,35,0.13570000000000002,11,26,5,9
8475753,1058,22:55,146,352,498,36,4,2435,0.0,520,-74,0.0599,49,155,3,9
8475760,821,14:28,163,176,339,21,1,1734,0.48969999999999997,377,-26,0.094,22,56,4,5
8475764,1124,22:59,109,414,523,20,5,1726,0.6666,283,-121,0.06309999999999999,41,191,4,10
8475765,906,16:51,327,382,709,55,12,2560,0.409,213,50,0.1277,75,189,1,2
8476892,800,22:28,81,232,313,20,4,1615,NaN,221,61,NaN,17,44,2,8
8476994,477,12:57,65,114,179,12,0,755,0.402,144,-25,0.086,8,17,0,2
8477402,674,17:34,202,304,506,25,3,1394,0.34659999999999996,279,53,0.1449,48,134,7,15
8477451,725,14:49,162,185,347,32,2,1529,0.45289999999999997,700,51,0.1059,19,43,3,6
8477573,275,11:20,32,35,67,4,0,258,0.5207,150,-9,0.124,0,0,0,1
8478136,381,19:01,24,70,94,1,0,406,NaN,360,18,NaN,0,1,0,3
8478472,471,12:58,61,99,160,10,1,570,0.3814,205,6,0.107,2,5,7,14
8478493,614,17:13,155,195,350,22,2,1542,0.47759999999999997,274,82,0.1005,49,90,3,5
8478508,457,13:36,61,59,120,10,0,662,0.4189,256,32,0.09210000000000002,0,2,4,5
8478864,397,20:45,230,245,475,34,14,1398,0.2325,175,81,0.16449999999999998,81,163,0,0
8479385,488,16:20,168,210,378,21,1,1276,0.3636,116,-21,0.1316,35,98,0,2
8480023,530,17:47,132,328,460,23,5,827,0.5167,172,68,0.15960000000000002,26,110,7,11
8480281,324,12:09,34,37,71,2,0,401,0.37929999999999997,110,-18,0.08470000000000001,0,0,4,5
8480459,428,16:01,95,96,191,15,1,722,0.4628,96,13,0.1315,6,20,5,7
8481006,159,14:09,8,22,30,0,0,139,NaN,209,-8,NaN,0,0,0,1
8481557,361,19:01,144,185,329,27,5,1120,0.47009999999999996,178,42,0.1285,38,112,4,4
8481598,230,18:46,16,60,76,2,1,262,NaN,42,30,NaN,2,8,0,0
8482077,225,14:38,57,75,132,11,2,440,0.4462,86,33,0.1295,11,22,0,0
8482079,235,17:04,57,79,136,7,4,387,0.4661,95,-35,0.1472,12,36,0,0
8482089,280,14:56,71,61,132,11,1,414,0.3258,146,-44,0.1714,16,35,0,0
8482122,242,25:01,33,94,127,3,1,434,NaN,88,17,NaN,6,37,1,3
8482733,75,16:47,7,11,18,1,0,93,NaN,54,-14,NaN,0,2,0,0
8483452,9,10:50,1,1,2,0,0,13,0.44770000000000004,4,-5,0.07690000000000001,0,0,0,0
8483460,85,13:37,2,11,13,1,0,68,NaN,46,-8,NaN,0,0,0,0
8483499,97,12:43,11,14,25,2,0,127,0.409,4,-25,0.0866,0,1,0,1
8483516,77,16:35,22,33,55,5,0,179,0.3333,18,16,0.1229,6,10,0,0
8484798,76,19:35,6,20,26,1,0,73,NaN,41,-33,NaN,3,13,0,0
8474564,1246,19:00,624,632,1256,101,17,3712,0.5069,737,-7,0.1681,242,469,5,8
8474600,1030,24:52,203,576,779,38,10,3021,0.0,429,44,0.06709999999999999,69,285,1,10
8475158,1233,19:37,328,570,898,48,13,2693,0.5562,216,-13,0.1217,101,266,13,24
8475287,840,15:00,167,208,375,23,1,1456,0.5221,447,33,0.11460000000000001,29,65,9,15
8475745,1032,16:51,209,334,543,41,2,1776,0.48869999999999997,369,50,0.1176,32,76,8,18
8475790,842,18:33,35,105,140,5,0,1091,NaN,864,-118,NaN,0,7,0,3
8476432,808,17:26,212,209,421,31,1,1992,0.5397,458,-61,0.10640000000000001,44,73,7,9
8476539,778,17:08,263,311,574,44,11,2323,0.4191,378,-12,0.11320000000000001,62,159,0,0
8476869,773,20:59,81,225,306,10,1,1479,0.5,414,-10,0.0547,7,45,4,12
8476887,862,18:09,358,398,756,60,12,2732,0.3333,379,13,0.131,96,237,6,7
8476923,855,21:00,81,267,348,11,1,1316,0.0,531,-107,0.061500000000000006,13,82,1,6
8477425,567,12:58,99,97,196,11,1,1171,0.3069,576,-83,0.08449999999999999,11,16,1,2
8477446,381,12:12,36,43,79,7,0,463,0.5272,515,-40,0.07769999999999999,0,1,3,4
8477497,896,17:52,276,355,631,57,11,2000,0.5121,213,-34,0.138,84,192,6,10
8478047,418,15:25,109,143,252,12,0,841,0.3958,342,-15,0.12960000000000002,36,66,0,0
8478460,642,24:12,135,330,465,19,7,1846,NaN,164,11,NaN,29,138,2,6
8478500,778,23:53,86,227,313,11,4,1435,0.0,279,-14,0.0599,12,62,1,8
8479370,564,12:52,69,96,165,7,0,825,0.40159999999999996,227,-33,0.0836,10,18,1,3
8479371,451,18:16,30,79,109,5,0,567,NaN,232,13,NaN,2,4,0,0
8479671,311,12:36,46,46,92,10,0,370,0.2988,479,-18,0.1243,1,1,2,3
8479944,416,12:49,49,53,102,5,0,559,0.3553,165,17,0.0876,0,0,3,3
8480246,299,16:38,16,60,76,4,1,313,NaN,72,13,NaN,0,0,0,2
8480806,405,14:07,39,57,96,4,0,369,0.46380000000000005,42,-43,0.1056,0,3,6,6
8480893,292,17:37,102,106,208,11,3,749,0.3611,82,8,0.1361,24,63,1,1
8481056,117,15:52,4,15,19,1,0,91,NaN,30,-4,NaN,0,0,0,2
8481716,211,14:45,58,55,113,4,1,406,0.415,166,10,0.14279999999999998,21,28,0,0
8482062,292,13:12,25,39,64,7,0,318,0.3333,232,-23,0.0786,0,0,1,7
8482111,208,16:42,18,34,52,2,1,217,NaN,76,-27,NaN,2,4,1,1
8482482,81,17:19,2,19,21,0,0,92,NaN,35,5,NaN,0,0,0,0
8482660,274,14:38,53,85,138,8,2,430,0.2916,62,-25,0.1232,10,31,1,3
8482705,367,15:03,51,89,140,7,1,663,0.4568,177,-58,0.07690000000000001,5,10,1,3
8482768,122,12:25,12,22,34,2,1,134,0.40490000000000004,36,-23,0.0895,2,5,1,1
8483465,18,10:24,1,2,3,0,0,20,0.125,0,2,0.05,0,0,0,0
8483485,120,18:45,17,27,44,0,0,132,NaN,28,16,NaN,1,3,0,0
8484166,213,17:37,67,73,140,7,2,520,0.4537,72,-30,0.1288,7,20,1,2
8485405,3,11:25,0,1,1,0,0,2,0.3125,0,0,0.0,0,0,0,0
8473604,1149,19:14,383,529,912,70,16,2800,0.5754,645,128,0.1367,98,237,17,32
8474568,1122,17:10,45,167,212,3,0,1323,0.5,895,-53,0.034,2,3,1,6
8474679,914,16:44,210,333,543,29,6,1849,0.4314,220,-38,0.11349999999999999,48,128,9,11
8475168,1195,18:02,387,549,936,59,13,2810,0.5334,306,-67,0.1377,99,242,2,3
8475794,1016,18:03,367,459,826,64,10,3247,0.5357999999999999,311,99,0.113,95,237,2,6
8475799,1030,14:48,248,251,499,38,2,2010,0.4464,450,74,0.1233,55,104,1,1
8476278,368,12:18,45,61,106,6,0,442,0.47509999999999997,113,-8,0.1018,4,7,4,6
8476331,718,19:00,23,159,182,3,0,772,NaN,343,118,NaN,2,11,2,11
8476460,961,20:10,372,535,907,65,18,2130,0.4678,464,77,0.1746,96,226,2,9
8476480,846,14:42,145,205,350,15,2,1193,0.4291,434,33,0.1215,25,57,8,15
8476871,778,14:26,157,170,327,30,6,1438,0.3591,265,10,0.1091,19,43,4,7
8476889,766,14:40,96,136,232,15,0,988,0.5236999999999999,404,-11,0.0971,6,12,9,16
8476902,766,22:11,60,189,249,8,2,1116,0.0,178,168,0.0537,9,32,4,14
8477504,739,22:57,94,334,428,19,5,1392,0.5,351,86,0.0675,21,133,1,2
8477938,345,15:06,12,36,48,1,0,404,NaN,97,-47,NaN,0,0,0,1
8478398,695,19:49,323,351,674,65,14,2200,0.3333,155,-11,0.14679999999999999,72,185,9,11
8478420,716,20:24,316,466,782,48,5,1979,0.5056,501,91,0.15960000000000002,109,288,0,0
8478449,521,16:48,190,231,421,35,6,1176,0.5392,172,111,0.16149999999999998,51,141,12,15
8479351,491,14:24,61,114,175,11,1,568,0.5018,154,-27,0.1073,2,19,5,8
8479378,278,15:18,14,48,62,2,0,328,NaN,333,29,NaN,0,1,0,1
8479414,312,11:14,39,36,75,4,0,344,0.4057,211,-15,0.1133,4,5,1,1
8480014,352,16:41,120,124,244,23,0,644,0.46520000000000006,88,5,0.1863,45,80,0,0
8480027,456,18:26,213,277,490,40,6,1400,0.43329999999999996,130,117,0.1521,60,157,0,0
8480036,552,24:39,67,279,346,13,3,1246,NaN,172,30,NaN,14,127,1,3
8480113,663,16:29,124,167,291,22,3,1228,0.42460000000000003,115,42,0.1009,32,59,1,4
8480145,587,21:52,47,221,268,9,3,1111,0.0,333,23,0.042300000000000004,14,90,0,3
8480289,321,11:32,41,42,83,7,0,427,0.4771,111,22,0.096,0,2,5,7
8480878,235,15:20,12,43,55,2,1,297,NaN,78,28,NaN,2,7,0,0
8480950,486,16:03,7,63,70,1,1,330,NaN,259,-27,NaN,0,0,1,3
8481043,165,10:28,19,18,37,3,0,192,0.0,35,-3,0.0989,0,0,1,1
8481581,267,21:13,38,101,139,10,7,472,NaN,68,64,NaN,3,31,1,1
8482145,156,14:09,31,35,66,2,0,229,0.4576,30,12,0.1353,2,8,0,0
8482740,328,17:53,134,129,263,14,2,784,0.4886,104,17,0.1709,44,84,6,6
8482787,16,9:52,3,1,4,1,0,18,NaN,14,1,NaN,0,1,0,0
8483425,88,15:20,8,9,17,3,0,66,NaN,78,8,NaN,0,0,0,0
8484829,86,12:59,14,17,31,1,0,86,0.5517,43,2,0.16269999999999998,2,5,0,0
8474013,990,18:02,38,195,233,4,0,1002,NaN,871,168,NaN,0,6,0,3
8475461,53,8:36,3,9,12,0,0,38,0.4876,4,4,0.0789,0,1,1,1
8476874,804,18:23,44,166,210,8,0,946,NaN,182,76,NaN,4,21,1,4
8477220,823,18:55,57,204,261,7,0,1073,0.0,174,137,0.053099999999999994,8,50,0,3
8477951,670,17:52,175,322,497,28,3,1251,0.42469999999999997,154,-8,0.1398,54,129,3,6
8478474,666,14:58,139,120,259,21,0,1127,0.3896,409,-34,0.1233,18,29,6,8
8478507,443,20:41,23,134,157,4,0,416,NaN,130,81,NaN,2,10,1,6
8478831,368,13:19,46,44,90,6,0,417,0.5393,168,-24,0.1103,3,6,6,7
8479293,608,13:18,84,99,183,12,2,782,0.2635,299,27,0.1074,2,3,10,15
8479343,683,18:41,222,374,596,34,11,1791,0.40490000000000004,269,-52,0.12390000000000001,46,190,2,4
8479410,630,21:25,73,296,369,13,2,1146,0.5,358,41,0.0637,20,133,2,6
8479977,374,14:51,73,87,160,11,0,494,0.3846,140,30,0.1477,9,20,2,5
8480434,302,20:28,30,114,144,4,1,494,NaN,237,-30,NaN,7,53,0,1
8480855,316,13:34,44,63,107,6,1,350,0.4667,282,13,0.1257,1,3,1,2
8482175,320,16:03,92,105,197,13,0,686,0.3,116,0,0.1341,14,35,0,0
8482699,227,16:26,91,92,183,20,7,620,0.35200000000000004,78,-5,0.1467,34,72,1,2
8483431,211,16:56,69,83,152,7,2,411,0.42369999999999997,92,-9,0.1678,16,43,3,3
8484386,28,15:06,0,1,1,0,0,26,NaN,23,-11,NaN,0,0,0,0
8474574,1139,21:39,100,306,406,19,4,1782,0.0,913,-12,0.056100000000000004,19,93,7,16
8475169,1001,18:32,339,309,648,47,5,3419,0.4496,1278,-70,0.09910000000000001,54,110,18,25
8475762,552,19:05,19,87,106,5,0,520,0.5,346,23,0.0365,0,1,2,4
8477969,604,19:17,21,159,180,3,1,649,1.0,374,66,0.0323,1,8,0,2
8478444,629,18:25,226,256,482,31,4,1611,0.39840000000000003,150,-81,0.1402,79,165,2,3
8478498,628,16:02,189,167,356,37,6,1500,0.3549,131,5,0.126,63,104,2,3
8478856,556,15:55,134,190,324,21,3,1289,0.3703,246,-3,0.1039,24,72,1,1
8479425,533,23:04,48,239,287,2,0,937,1.0,273,-78,0.0512,14,88,0,3
8480012,545,19:02,200,308,508,33,7,1266,0.4612,108,16,0.15789999999999998,62,172,8,15
8480078,405,14:12,80,93,173,11,1,835,0.42060000000000003,104,-25,0.0958,8,22,0,0
8480748,337,13:40,66,68,134,13,2,584,0.44780000000000003,170,5,0.113,8,16,2,3
8480800,507,24:51,66,419,485,9,3,1112,NaN,207,27,NaN,16,212,0,3
8482055,323,13:41,51,53,104,6,1,523,0.4395,119,-20,0.0975,1,2,4,7
8482691,114,11:09,13,15,28,1,0,115,0.5917,40,-5,0.113,0,1,0,0
8483395,49,9:58,2,4,6,1,0,30,0.25,18,-13,0.0666,0,1,0,0
8483476,37,12:13,5,4,9,0,0,40,0.0,2,-9,0.125,0,2,0,0
8483678,98,14:22,4,9,13,0,0,65,NaN,56,-20,NaN,0,0,0,0
8485385,3,10:47,0,0,0,0,0,0,0.3846,0,-2,NaN,0,0,0,0
8471817,962,8:43,66,74,140,9,0,622,NaN,1137,-61,0.1061,3,3,0,0
8475181,1074,20:39,76,347,423,9,3,1386,0.43270000000000003,209,-45,NaN,19,122,1,3
8475200,949,20:03,79,285,364,19,5,1328,NaN,399,106,0.0594,6,59,1,3
8475726,969,16:12,309,315,624,44,9,2657,0.0,254,54,0.1162,80,155,10,14
8475784,1110,16:36,379,333,712,47,7,3386,0.41009999999999996,491,-137,0.1119,77,168,0,0
8475906,700,22:25,92,351,443,26,8,1341,0.44420000000000004,287,-53,0.06860000000000001,26,169,0,0
8476624,731,13:15,70,119,189,14,0,798,1.0,657,-39,0.0877,1,4,5,12
8477018,575,18:16,30,109,139,4,1,898,0.5029,210,-61,0.0334,3,30,0,2
8477505,869,17:43,119,306,425,25,5,1044,0.0,187,-68,0.1139,32,107,3,8
8478874,367,11:15,63,58,121,10,0,485,0.4635,120,-34,0.1298,12,28,0,0
8479983,490,21:14,24,90,114,2,0,533,0.4421,216,-121,0.045,0,5,0,2
8480043,311,18:13,21,72,93,1,0,370,0.0,131,6,NaN,3,16,1,3
8480798,360,15:30,55,95,150,9,4,511,NaN,91,-128,0.1076,11,36,0,0
8480848,265,13:10,17,44,61,2,0,277,0.4436,181,-51,0.0613,2,3,1,6
8482166,83,17:37,7,15,22,1,0,84,0.49119999999999997,34,-10,NaN,0,3,0,0
8482667,252,18:47,50,113,163,8,4,481,NaN,99,-91,0.1039,17,52,1,4
8484227,143,16:59,42,62,104,6,1,293,0.31829999999999997,34,-14,0.1433,13,29,0,0
8484801,152,20:37,70,108,178,9,3,523,0.3539,72,-23,0.1338,16,55,0,0
8484911,121,16:18,26,33,59,5,1,165,0.48450000000000004,20,-2,0.1575,1,6,3,4
8473986,1032,17:11,250,322,572,46,8,2009,0.3055,605,91,0.1244,46,107,5,12
8474586,1140,17:36,334,449,783,50,6,2585,0.3826,293,-58,0.1292,74,201,3,3
8475184,958,16:57,348,284,632,53,4,2299,0.41340000000000005,609,117,0.15130000000000002,124,197,13,16
8475462,885,18:12,42,169,211,6,1,1373,0.42310000000000003,1124,89,NaN,1,5,1,3
8475768,861,17:32,233,320,553,31,5,1904,NaN,245,28,0.1223,58,115,5,7
8475798,960,18:39,198,453,651,34,8,1820,0.5004,295,-35,0.10869999999999999,47,199,9,13
8476457,1012,21:20,59,207,266,12,3,1291,0.4863,577,50,0.045700000000000005,0,5,1,8
8476467,758,17:30,45,116,161,10,0,816,1.0,523,3,NaN,1,1,0,4
8476885,906,22:17,84,274,358,11,3,1894,NaN,701,47,0.0443,13,58,4,16
8476905,653,16:56,118,252,370,26,1,741,0.0,170,18,0.1592,26,83,10,18
8477527,307,8:52,14,32,46,1,0,149,0.5234000000000001,579,-17,0.09390000000000001,0,0,0,0
8477919,478,14:23,68,108,176,11,1,640,0.375,55,8,0.10619999999999999,12,22,4,8
8477955,720,15:12,204,234,438,26,5,1630,0.48479999999999995,229,9,0.1251,47,109,10,12
8477986,665,21:26,95,230,325,23,6,1539,0.42810000000000004,496,-3,NaN,18,99,3,4
8478366,695,14:53,186,139,325,27,8,1792,NaN,449,-82,0.10369999999999999,32,56,6,7
8478407,623,20:09,86,244,330,14,5,1205,0.3811,393,10,0.0713,21,109,0,1
8478873,488,17:30,135,207,342,22,6,1071,0.5,132,-16,0.126,24,71,2,4
8478975,370,15:21,95,139,234,14,0,725,0.3522,314,81,0.131,17,35,0,0
8479324,481,18:58,16,95,111,3,0,452,0.375,319,97,0.0353,0,0,1,6
8479372,278,14:09,11,46,57,2,1,257,0.0,126,11,NaN,0,3,0,1
8480009,423,14:47,92,98,190,15,1,768,NaN,111,-37,0.1197,19,55,0,0
8480068,358,13:31,54,77,131,5,0,460,0.30879999999999996,52,-31,0.1173,5,8,7,12
8481563,119,16:36,7,22,29,1,0,106,0.4838,69,2,NaN,0,0,0,3
8481605,230,22:04,26,92,118,3,0,347,NaN,71,-27,0.07490000000000001,5,28,1,4
8481789,204,11:13,25,30,55,1,0,221,0.0,118,-21,0.1131,0,0,1,1
8482118,44,12:01,12,2,14,1,0,55,0.4122,8,-7,0.2181,2,2,0,0
8482665,331,18:14,82,114,196,8,2,595,0.29410000000000003,59,-6,0.1378,23,47,0,1
8482745,304,15:51,77,104,181,10,2,629,0.4639,212,-54,0.12240000000000001,23,46,1,2
8482751,89,11:33,4,15,19,1,0,112,0.4857,17,-12,0.035699999999999996,0,0,0,0
8482803,164,18:05,16,35,51,1,1,283,0.11109999999999999,58,-1,NaN,2,10,0,0
8483445,159,15:39,61,53,114,10,3,478,NaN,48,7,0.1276,13,25,0,0
8483490,204,18:17,17,52,69,2,0,236,0.46409999999999996,61,-27,NaN,0,12,0,2
8483497,40,11:36,7,6,13,0,0,55,NaN,10,-8,0.1272,3,5,0,0
8483524,169,13:40,36,42,78,7,1,204,0.4285,30,15,0.1764,9,20,0,0
8484153,201,17:46,61,80,141,8,3,416,0.428,63,-1,0.1466,12,34,3,5
8484762,82,17:27,23,37,60,2,1,197,0.4102,62,-12,0.1167,1,13,1,1
8480074,283,14:20,48,63,111,4,1,422,0.6,118,-6,0.1137,1,6,3,4
8484180,23,12:21,2,2,4,0,0,28,0.35009999999999997,4,0,0.07139999999999999,0,0,0,0
8484768,38,17:14,5,5,10,1,0,51,0.5,10,-6,NaN,3,6,0,0
8480887,172,16:36,10,30,40,0,0,149,NaN,62,-6,NaN,0,1,0,0
8482671,323,22:24,27,113,140,2,1,507,NaN,86,17,NaN,1,20,0,5
8482896,67,11:02,5,6,11,0,0,41,NaN,4,-3,0.1219,1,1,0,1
8480879,207,14:58,7,22,29,0,0,158,0.47740000000000005,82,-1,NaN,0,0,0,1
8481013,205,13:13,37,43,80,3,0,258,NaN,44,-33,0.1434,11,17,0,0
8479772,240,9:18,17,17,34,5,0,252,0.39280000000000004,323,-30,0.0674,0,0,0,0
8482090,45,9:41,2,3,5,1,0,27,0.504,38,3,0.07400000000000001,0,0,0,0
8484304,156,15:15,10,26,36,1,0,180,0.51,65,-20,0.0555,3,10,0,0
8483553,88,9:57,11,5,16,1,0,96,0.0,21,-7,0.11449999999999999,0,0,0,0
8475810,710,17:39,232,270,502,34,8,1742,0.375,231,38,0.1331,43,116,7,14
8481704,157,12:33,22,34,56,3,1,149,0.3161,56,-8,0.1476,3,12,0,0
8483733,62,11:00,4,10,14,0,0,34,0.4567,48,-10,0.1176,0,0,0,0
8484779,8,11:31,0,0,0,0,0,4,0.7142000000000001,4,-6,0.0,0,0,0,0
8482117,198,13:18,23,39,62,2,0,237,0.4827,36,-63,0.09699999999999999,2,7,0,0
8482146,253,15:02,45,97,142,4,0,536,0.40409999999999996,74,6,0.0839,5,34,0,0
8476463,915,22:07,62,216,278,12,1,1213,0.125,280,122,NaN,8,34,1,8
8482470,45,13:46,1,11,12,0,0,39,NaN,22,-6,NaN,0,0,0,1
8481754,61,11:44,7,10,17,1,0,81,NaN,10,-9,0.0864,0,0,0,0
8484806,72,16:45,1,13,14,0,0,72,0.3235,22,-5,NaN,0,0,0,0
8477380,264,10:49,33,38,71,5,0,385,NaN,56,12,0.0857,1,4,0,0
8477947,344,12:38,66,79,145,15,2,423,0.5006,78,-30,0.156,10,26,0,0
8480990,125,16:08,6,22,28,1,0,122,0.5714,32,-8,NaN,3,7,0,0
8481525,74,17:25,6,12,18,2,1,81,NaN,38,2,NaN,0,0,0,0
8482623,50,9:34,1,3,4,0,0,41,NaN,53,-17,0.024300000000000002,0,0,0,0
8482655,338,20:24,25,90,115,2,0,369,0.4672,177,34,NaN,4,18,1,5
8480245,52,10:45,2,11,13,1,0,51,NaN,16,-8,0.0392,0,1,0,0
8481606,253,16:54,15,77,92,2,0,321,0.44439999999999996,52,44,NaN,1,16,0,0
8482095,166,15:36,7,24,31,1,0,186,NaN,84,-11,NaN,0,1,0,2
8476525,590,17:10,43,140,183,6,1,906,NaN,368,-2,0.047400000000000005,10,52,0,1
8474037,1154,15:41,342,354,696,49,1,2830,1.0,431,-87,0.1208,101,176,3,5
8484158,66,14:43,11,18,29,1,1,92,0.42090000000000005,45,-5,0.1195,2,6,0,0
8482126,107,16:02,3,17,20,0,0,88,0.3333,38,9,0.034,0,4,0,0
8481161,152,12:13,2,16,18,0,0,120,0.6666,25,-12,NaN,0,1,0,0
8483531,19,8:21,1,1,2,1,0,11,NaN,9,-2,0.0909,0,0,0,0
8483768,55,14:37,2,9,11,0,0,41,0.0,17,-21,NaN,1,1,0,0
8483525,73,13:18,12,15,27,2,0,80,NaN,28,-7,0.15,1,3,0,0
8479619,236,11:56,50,38,88,4,0,384,0.3921,109,-10,0.13019999999999998,4,8,1,1
8480849,358,15:52,65,90,155,14,2,637,0.377,201,-28,0.102,18,38,0,1
8482103,45,10:17,1,5,6,0,0,29,0.5114,38,-5,0.0344,0,0,0,0
8478458,595,14:23,123,173,296,18,5,966,0.2857,96,-46,0.1273,21,47,3,4
8479442,624,17:38,25,106,131,2,0,773,0.4506,272,-31,0.0323,1,11,1,2
8481133,77,10:05,10,7,17,2,0,63,0.0,38,-6,0.15869999999999998,0,0,0,0
8482624,94,17:26,7,16,23,1,0,135,0.6666,24,-6,NaN,1,5,0,0
8475755,323,16:09,7,53,60,1,0,317,NaN,411,-11,NaN,0,0,0,1
8476422,460,16:54,19,114,133,3,0,762,NaN,190,-3,NaN,2,30,3,4
8476873,482,12:12,79,66,145,13,0,538,NaN,144,14,0.14679999999999999,2,6,11,14
8485402,45,12:49,9,12,21,1,1,58,0.5005,10,-2,0.1551,2,4,0,0
8476856,748,20:00,85,176,261,16,6,1271,0.4576,558,1,0.0668,26,75,0,3
8477365,434,16:44,17,66,83,2,0,438,0.6666,343,48,NaN,0,0,1,5
8480208,470,17:39,149,215,364,22,2,1075,NaN,197,-87,0.1386,58,150,0,0
8484145,211,15:03,34,67,101,5,0,334,0.4349,138,22,0.1017,4,11,1,2
8481593,171,15:01,7,28,35,0,0,120,0.3018,167,3,NaN,0,0,0,0
8481560,204,12:04,38,38,76,3,0,443,NaN,65,-10,0.0857,17,26,0,0
8481237,172,10:11,10,17,27,0,0,130,0.0,65,-16,0.07690000000000001,0,0,0,0
8481546,309,21:19,23,80,103,3,0,364,0.4775,122,-32,NaN,2,20,0,3
8484135,18,9:26,1,1,2,0,0,12,NaN,6,-1,0.0833,0,0,0,0
8482475,247,13:50,55,58,113,9,0,460,0.4545,46,-44,0.1195,7,16,0,0
8477454,424,11:51,47,52,99,7,0,492,0.1562,199,-58,0.0955,5,8,0,1
8481024,106,12:05,18,23,41,2,0,148,0.5142,48,-23,0.1216,3,6,0,0
8484136,95,11:18,16,10,26,0,0,93,0.27690000000000003,26,-12,0.172,0,1,0,0
8479705,99,10:01,6,9,15,0,0,109,0.4225,232,-13,0.055,0,0,0,0
8482726,103,8:18,9,7,16,1,0,67,0.3333,75,-5,0.1343,0,0,0,0
8476927,453,14:34,58,111,169,6,0,604,0.45840000000000003,188,7,0.096,1,1,10,18
8477070,265,9:38,14,25,39,0,0,239,0.49950000000000006,534,-4,0.058499999999999996,0,0,0,0
8479576,218,16:00,2,24,26,1,0,120,0.31420000000000003,198,16,NaN,0,0,0,2
8482861,36,14:38,0,4,4,0,0,24,NaN,12,-3,NaN,0,0,0,0
8480871,272,16:33,27,76,103,3,0,323,NaN,58,-59,NaN,5,36,0,0
8477508,617,11:43,51,80,131,5,0,630,NaN,179,-33,0.0809,1,2,2,7
8477401,272,9:58,18,21,39,3,0,277,0.4929,323,-31,0.0649,0,0,1,1
8479985,100,14:29,2,4,6,0,0,98,0.39409999999999995,15,-4,NaN,0,0,0,0
8480813,367,12:54,40,46,86,3,0,379,NaN,117,-77,0.10550000000000001,5,10,0,1
8483424,28,9:33,1,1,2,0,0,21,0.4717,6,1,0.047599999999999996,0,0,0,0
8475752,452,11:50,58,53,111,6,0,565,0.5640999999999999,126,-10,0.1026,1,2,1,2
8482516,99,14:27,3,10,13,1,0,68,0.3398,32,-3,NaN,0,0,0,0
8483565,176,18:13,18,40,58,5,1,229,NaN,58,-30,0.0786,5,18,0,0
8481556,165,10:54,13,15,28,1,0,119,0.0,81,-21,0.1092,0,0,1,2
8482947,60,7:12,1,9,10,0,0,35,0.5169,14,6,0.0285,0,0,0,0
8476456,962,18:03,263,544,807,37,6,2080,0.4244,501,-8,0.1264,65,254,7,10
8482125,191,11:30,26,29,55,3,0,254,0.406,44,-30,0.1023,4,7,0,0
8482172,102,11:14,6,11,17,2,0,95,0.25920000000000004,43,-8,0.06309999999999999,0,0,0,0
8482178,70,13:40,4,9,13,1,0,70,0.11109999999999999,24,-13,0.0571,0,0,0,1
8480259,56,8:36,1,2,3,0,0,51,0.0,12,-13,0.0196,0,0,0,0
8484800,66,12:56,7,10,17,2,0,78,0.5182,31,-8,0.0897,1,2,0,0
8484305,43,10:58,2,4,6,1,0,24,0.44299999999999995,8,16,NaN,0,0,0,0
8483471,31,11:02,3,5,8,0,0,30,NaN,8,-4,0.1,0,1,0,0
8484428,12,14:18,1,1,2,0,0,12,0.3333,15,5,NaN,0,0,0,0
8478013,320,18:52,40,71,111,7,4,643,NaN,159,-14,NaN,2,17,2,4
8476425,20,7:36,0,1,1,0,0,10,NaN,31,-2,0.0,0,0,0,0
8480058,225,15:06,9,37,46,2,0,248,0.4,119,-34,NaN,1,3,0,0
8482496,132,11:33,8,21,29,1,0,87,NaN,28,-17,0.0919,0,0,0,2
8483570,127,10:35,13,10,23,2,0,118,0.3983,30,-26,0.1101,0,0,0,0
8483573,86,11:51,16,15,31,1,0,114,0.5186999999999999,24,11,0.14029999999999998,2,5,0,0
8470621,1464,16:27,465,507,972,80,6,3573,0.14279999999999998,1568,57,0.1301,129,301,6,10
8476474,482,12:45,83,92,175,19,1,792,0.3111,274,3,0.1047,23,45,0,0
8483500,68,13:34,11,16,27,1,0,64,0.4355,16,5,0.1718,2,6,0,0
8482749,38,11:36,6,5,11,0,0,50,0.3186,4,-8,0.12,0,0,0,0
8480828,22,13:53,1,0,1,0,0,12,0.375,7,-6,NaN,0,0,0,0
8483752,43,12:14,7,8,15,0,0,56,NaN,8,4,0.125,0,0,0,0
8476897,545,13:17,67,114,181,5,0,609,0.5036,231,-40,0.11,11,25,4,8
8484241,77,12:16,17,14,31,1,0,111,0.4399,16,-3,0.1531,4,8,1,1
8482911,38,15:11,1,9,10,0,0,43,0.3971,6,6,NaN,0,0,0,0
8477541,89,14:19,5,9,14,0,0,81,NaN,50,0,NaN,0,0,0,0
8479026,233,16:05,10,33,43,0,0,323,NaN,109,-5,NaN,0,0,0,0
8481569,8,11:29,0,3,3,0,0,7,NaN,4,0,NaN,0,0,0,0
8476878,844,14:03,100,114,214,11,1,1179,NaN,270,-72,0.0848,5,11,7,9
8480426,70,18:45,6,23,29,2,0,80,0.4522,112,-4,NaN,0,2,0,0
8481655,78,9:36,6,9,15,0,0,61,NaN,4,0,0.0983,0,0,0,0
8475795,105,12:36,3,6,9,0,0,68,0.4794,171,-7,NaN,0,0,0,0
8479980,426,17:51,23,75,98,4,1,586,NaN,282,10,NaN,1,4,0,1
8484203,15,13:11,3,1,4,0,0,23,NaN,2,-2,0.1304,1,1,0,0
8482072,22,14:23,1,2,3,0,0,19,0.0,4,-4,NaN,1,1,0,0
8480840,145,12:02,9,19,28,1,0,86,NaN,18,11,0.10460000000000001,0,0,1,2
8482747,44,9:55,2,3,5,0,0,41,0.4938,13,-1,0.0487,0,1,0,0
8483503,29,14:26,1,2,3,0,0,16,0.0,8,-8,NaN,0,0,0,0
8480891,190,16:15,12,43,55,3,1,280,NaN,211,14,NaN,1,3,0,0
8478424,305,9:43,18,27,45,1,0,253,NaN,106,-31,0.0711,0,0,0,0
8479393,330,12:01,40,39,79,5,0,579,0.529,142,-89,0.069,2,7,2,3
8481219,61,16:44,3,10,13,0,0,47,0.3677,43,30,NaN,0,1,0,0
8481562,3,19:10,0,0,0,0,0,7,NaN,2,-2,NaN,0,0,0,0
8478476,107,14:08,7,10,17,2,1,86,NaN,60,-18,NaN,1,2,0,0
8477996,183,11:19,11,17,28,2,0,164,NaN,34,-25,0.067,0,0,1,2
8483429,16,13:19,4,4,8,1,0,16,0.47729999999999995,0,0,NaN,2,3,0,0
8484240,70,16:59,5,16,21,0,0,59,NaN,28,-23,NaN,0,3,0,0
8478104,278,11:06,30,49,79,4,0,261,NaN,132,-4,0.1149,1,2,0,0
8478413,475,14:33,56,109,165,5,0,670,0.3333,365,12,0.08349999999999999,2,9,0,1
8476907,131,8:46,12,12,24,3,0,145,0.3423,67,3,0.0827,0,0,1,1
8484164,73,14:12,12,9,21,0,0,95,0.375,26,-6,0.1263,5,7,0,0
8480825,20,9:11,1,1,2,0,0,17,0.4598,0,-2,0.0588,0,0,0,0
8479421,109,11:58,2,9,11,0,0,69,0.375,18,0,NaN,0,0,0,0
8484221,72,13:24,14,17,31,4,0,90,NaN,22,-21,0.1555,5,11,0,0
8482953,12,6:13,0,0,0,0,0,7,0.369,4,0,0.0,0,0,0,0
8482765,52,10:49,6,5,11,0,0,51,0.0,0,-11,0.1176,1,3,0,0
8481848,8,8:05,0,0,0,0,0,7,0.22219999999999998,0,-1,0.0,0,0,0,0
8479395,173,16:30,13,29,42,2,1,185,0.5405,40,-60,0.0702,5,16,0,0
8481554,444,14:41,84,117,201,13,1,663,1.0,118,16,0.1266,12,38,0,0
8482206,13,11:45,2,0,2,1,0,11,0.4728,4,-5,0.1818,0,0,0,0
8484197,60,12:57,5,18,23,0,0,67,0.5,23,-17,0.0746,2,5,0,0
8483039,4,6:18,0,1,1,0,0,3,0.47409999999999997,0,1,NaN,0,0,0,0
8476392,845,15:08,126,168,294,21,2,1152,NaN,452,44,0.1093,6,22,12,24
8476872,745,14:27,121,168,289,11,3,1218,0.5166,428,-48,0.0993,7,18,12,25
8478062,85,18:51,4,9,13,0,0,88,0.5062,35,-29,NaN,0,0,0,0
8482165,58,19:57,4,8,12,1,0,66,NaN,28,-9,NaN,0,0,0,2
8477435,455,18:11,33,86,119,3,0,650,NaN,223,76,NaN,0,0,0,4
8478046,612,13:30,102,151,253,14,0,919,NaN,147,35,0.1109,13,35,3,3
8479533,33,11:50,1,2,3,0,0,23,0.3554,6,-5,0.0434,0,0,0,0
8482094,45,12:05,0,7,7,0,0,28,0.4391,6,-4,NaN,0,0,0,0
8482877,28,9:09,4,2,6,1,0,23,NaN,11,-2,0.1739,0,0,0,0
8475692,963,18:07,232,512,744,40,9,2045,0.0,363,48,0.1134,57,239,1,2
8475763,805,15:48,185,261,446,27,4,1648,0.384,233,-38,0.11220000000000001,33,85,10,19
8478841,107,13:41,0,14,14,0,0,68,0.4771,24,-18,NaN,0,0,0,0
8479336,339,11:16,52,37,89,9,0,520,NaN,127,-28,0.1,2,5,1,2
8482634,57,11:13,10,9,19,0,0,68,0.3246,34,5,0.147,1,3,1,1
8482858,176,18:47,14,37,51,0,0,149,0.4285,90,-12,NaN,1,9,1,1
8483432,30,11:27,3,7,10,0,0,31,NaN,4,1,0.0967,0,1,0,0
8484160,28,11:03,2,5,7,0,0,31,0.41619999999999996,4,-7,0.0645,0,3,0,0
8478173,19,9:01,1,2,3,0,0,16,0.37670000000000003,27,-5,0.0625,0,0,0,0
8480084,98,14:07,5,16,21,2,0,91,0.5,16,7,NaN,0,0,0,0
8482149,290,14:48,59,98,157,9,1,532,NaN,68,29,0.1109,14,38,0,0
8484210,54,15:51,12,15,27,3,0,78,0.34369999999999995,10,-1,0.15380000000000002,3,6,0,0
8477406,680,14:29,83,138,221,9,2,840,0.4545,227,-24,0.09880000000000001,9,19,10,18
8477149,73,7:31,3,10,13,0,0,47,0.39149999999999996,147,-9,0.0638,0,0,0,0
8479383,179,11:10,15,21,36,3,0,196,0.1666,78,-23,0.0765,0,0,1,2
8476458,916,16:15,174,327,501,25,5,1669,0.36950000000000005,646,-21,0.1042,29,116,2,6
8482209,9,13:27,0,4,4,0,0,4,0.44630000000000003,2,2,0.0,0,1,0,0
8483890,54,14:08,8,18,26,2,0,75,0.375,12,-16,0.1066,2,4,0,0
8480049,282,18:03,10,55,65,2,1,322,0.25,112,68,NaN,0,2,0,2
8481715,1,10:45,0,0,0,0,0,0,NaN,0,1,NaN,0,0,0,0
8481592,91,11:48,11,18,29,3,0,115,NaN,14,2,0.0956,2,3,0,0
8483728,10,8:43,0,1,1,0,0,9,0.42,10,-4,0.0,0,0,0,0
8481594,4,10:04,0,0,0,0,0,3,0.0,0,-1,0.0,0,0,0,0
8482941,1,7:25,0,0,0,0,0,0,0.0,0,0,NaN,0,0,0,0
8475786,711,18:38,261,234,495,37,4,1854,1.0,384,134,0.1407,57,94,8,12
8482859,122,9:48,5,6,11,2,0,75,NaN,90,-20,0.0666,0,0,0,0
8482666,45,15:50,1,11,12,0,0,53,0.4422,4,-4,NaN,0,2,0,0
8479362,28,9:03,3,1,4,1,0,18,0.49229999999999996,10,-7,0.1666,1,1,0,0
8481712,17,9:27,2,0,2,0,0,21,NaN,0,-6,0.09519999999999999,0,0,0,0
8480144,576,14:06,50,99,149,5,0,640,0.5,126,-29,0.0781,0,0,4,10
8484901,24,10:04,1,2,3,0,0,14,0.0,2,-5,0.07139999999999999,0,0,0,0
8477463,136,16:34,5,19,24,0,0,164,0.5146999999999999,59,-7,0.0304,0,0,0,1
8483398,46,14:35,2,2,4,0,0,36,0.41969999999999996,40,8,NaN,0,0,0,0
8473994,1252,17:30,414,578,992,65,12,3113,0.0,932,89,0.1329,111,271,16,30
8481609,87,13:58,5,12,17,2,0,63,NaN,22,-5,NaN,0,0,0,0
8484821,4,10:06,1,0,1,1,0,4,0.5278,10,0,0.25,0,0,0,0
8477426,537,15:22,104,110,214,14,1,929,NaN,214,-35,0.1119,18,31,3,8
8483433,6,8:26,0,0,0,0,0,6,0.6451,2,-3,NaN,0,0,0,0
8484168,13,9:14,0,2,2,0,0,6,0.5224,2,2,0.0,0,0,0,0
8483676,30,8:31,4,7,11,0,0,34,NaN,2,0,0.1176,0,3,0,0
8481591,15,10:06,0,2,2,0,0,8,0.4473,6,-5,0.0,0,1,0,0
8476867,214,10:48,15,20,35,3,0,259,0.38799999999999996,83,-18,0.0579,1,1,2,2
8484403,5,9:36,0,1,1,0,0,4,0.4482,7,-1,NaN,0,0,0,0
8484529,5,7:12,1,0,1,0,0,3,0.5206000000000001,13,1,NaN,0,0,0,0
8484255,13,7:08,1,0,1,0,0,9,NaN,2,2,0.11109999999999999,0,0,0,0
8481477,380,12:25,51,52,103,4,0,458,NaN,102,-39,0.11130000000000001,1,1,5,5
8482132,48,10:40,6,4,10,1,0,69,0.6666,14,-7,0.08689999999999999,0,0,0,0
8476979,517,18:31,47,193,240,6,2,789,0.5632,165,-17,0.059500000000000004,7,73,0,0
8482698,1,11:30,0,0,0,0,0,2,0.4285,0,-1,0.0,0,0,0,0
8483510,32,17:58,1,4,5,0,0,37,0.0,12,-6,NaN,0,1,0,0
8482785,4,10:55,1,2,3,0,0,5,0.5,0,1,0.2,0,0,0,0
8474090,741,16:08,39,107,146,3,0,821,NaN,798,-16,0.0475,3,11,2,5
8484214,3,13:46,0,0,0,0,0,6,0.47609999999999997,0,-1,NaN,0,0,0,0
8483930,49,9:34,5,4,9,0,0,38,0.5,10,-8,0.1315,2,3,0,0
8483686,15,13:03,0,1,1,0,0,11,NaN,8,2,NaN,0,0,0,0
8483567,11,12:18,0,1,1,0,0,10,0.40990000000000004,2,-1,0.0,0,0,0,0
8484262,9,11:32,1,0,1,0,0,4,NaN,6,0,NaN,0,0,0,0
8483513,47,9:38,6,2,8,1,0,39,0.20679999999999998,17,-12,0.15380000000000002,0,0,0,0
8479291,331,11:37,33,28,61,2,0,332,NaN,134,-11,0.0993,0,0,5,7
8478211,238,11:01,18,36,54,3,0,296,0.125,123,-34,0.0608,0,0,0,0
8478147,33,5:54,2,0,2,1,0,16,0.462,52,-1,NaN,0,0,0,0
8483487,32,12:37,4,5,9,0,0,48,0.3,4,-3,0.0833,0,0,0,0
8483630,43,12:14,10,3,13,2,0,66,NaN,26,-8,0.1515,4,4,0,0
8480021,126,10:49,6,10,16,1,0,153,0.44439999999999996,32,-36,0.0392,0,0,0,0
8483472,20,15:45,1,3,4,0,0,21,0.52,44,7,NaN,0,0,0,0
8484388,29,12:28,3,4,7,0,0,43,0.4497,8,1,0.0697,1,3,0,0
8481599,61,15:51,1,11,12,0,0,60,NaN,30,-4,NaN,0,3,0,0
8483463,5,10:24,0,0,0,0,0,6,0.3333,0,-6,0.0,0,0,0,0
8478502,119,12:14,3,18,21,1,0,59,NaN,140,-18,NaN,0,0,0,0
8481065,29,9:37,3,2,5,1,0,33,0.5,8,-3,0.0909,0,0,0,0
8479644,111,10:16,16,12,28,3,0,139,NaN,20,-14,0.1151,1,1,0,0
8481535,331,12:47,60,60,120,8,0,517,0.3333,135,10,0.11599999999999999,2,5,0,0
8482804,3,15:00,0,0,0,0,0,1,0.3125,0,1,NaN,0,0,0,0
8484150,35,16:12,2,5,7,0,0,35,0.4285,6,2,NaN,0,1,0,0
8481567,123,18:37,5,20,25,0,0,111,NaN,46,-49,NaN,2,4,0,0
8483841,5,8:34,0,0,0,0,0,2,NaN,2,-1,NaN,0,0,0,0
8477952,463,14:56,108,113,221,20,1,767,NaN,219,-99,0.1408,26,56,0,0
8481070,9,9:21,1,1,2,0,0,8,NaN,0,-5,0.125,0,0,0,0
8482479,1,5:12,0,0,0,0,0,0,0.4698,0,-1,NaN,0,0,0,0
8477979,310,10:49,32,50,82,3,0,338,0.41659999999999997,208,11,0.0946,2,3,0,0
8482641,45,12:31,2,6,8,0,0,35,NaN,12,-7,NaN,0,0,0,1
8482167,2,10:32,0,0,0,0,0,1,0.3593,0,0,NaN,0,0,0,0
8476952,197,9:07,13,23,36,2,0,139,NaN,85,12,0.0935,0,1,1,4
8484185,41,12:40,10,5,15,0,0,57,NaN,10,-18,0.1754,2,3,0,0
8479368,305,12:34,35,34,69,6,0,461,0.45,238,-54,0.0759,2,6,1,1
8482874,37,9:23,2,3,5,0,0,33,0.5,32,-9,0.060599999999999994,0,0,0,0
8477499,820,22:35,57,261,318,8,5,1513,0.4125,399,-169,0.037599999999999995,15,121,1,7
8481077,81,10:59,8,13,21,1,0,105,1.0,4,-16,0.0761,1,4,0,0
8481030,53,15:39,0,9,9,0,0,40,0.5,25,1,NaN,0,0,0,0
8485511,6,9:48,1,0,1,1,0,4,0.3333,2,-1,0.25,0,0,0,0
8484994,28,15:03,9,10,19,2,0,46,NaN,6,2,NaN,3,5,0,0
8484230,32,13:37,3,7,10,0,0,31,0.0,5,3,0.0967,0,0,0,1
8479388,167,15:28,4,22,26,1,0,157,NaN,111,-19,NaN,0,0,0,0
8482781,1,10:16,0,0,0,0,0,1,0.2857,0,1,NaN,0,0,0,0
8477021,639,14:56,105,200,305,9,0,835,NaN,223,-9,0.1257,14,55,6,12
8484142,43,13:24,5,12,17,0,0,43,NaN,16,-6,0.1162,1,4,0,0
8483491,52,10:33,5,8,13,0,0,56,0.47909999999999997,8,-2,0.0892,0,2,0,0
8482673,2,5:58,0,0,0,0,0,3,0.38880000000000003,0,-1,NaN,0,0,0,0
8482168,2,11:30,0,1,1,0,0,1,0.0,0,1,NaN,0,0,0,0
8477034,197,17:29,4,23,27,0,0,168,NaN,77,-24,NaN,0,0,0,1
8475413,154,10:34,9,17,26,1,0,131,NaN,24,-23,0.0687,0,2,0,0
8476988,465,16:36,17,85,102,2,0,494,NaN,239,-21,NaN,1,7,0,4
8484287,9,13:29,1,0,1,0,0,8,0.4877,0,1,NaN,0,0,0,0
8477320,89,9:34,4,9,13,0,0,87,NaN,43,-13,0.045899999999999996,0,0,0,0
8481517,226,11:44,25,29,54,1,0,267,NaN,54,-31,0.09359999999999999,1,2,2,2
8482766,3,7:17,0,0,0,0,0,2,0.1,0,-1,NaN,0,0,0,0
8481732,26,9:28,2,3,5,1,0,23,0.3333,11,-7,NaN,0,0,0,0
8483406,37,9:37,4,4,8,0,0,42,NaN,7,0,0.09519999999999999,1,1,0,0
8485512,41,11:50,2,3,5,0,0,35,NaN,14,-6,0.0571,0,0,0,0
8483526,6,7:35,0,1,1,0,0,4,0.4545,0,3,0.0,0,0,0,0
8479639,115,13:55,6,16,22,1,0,182,0.5782,28,-9,0.0329,2,4,0,0
8482451,71,12:16,5,6,11,0,0,62,0.36,8,-19,0.0806,0,1,1,1
8483466,105,18:29,6,13,19,2,1,114,0.0,32,-48,NaN,0,7,0,0
8476391,31,8:21,0,2,2,0,0,19,0.4285,6,-2,0.0,0,0,0,0
8483771,19,10:24,3,2,5,0,0,15,NaN,4,-1,0.2,0,0,0,0
8480192,258,17:55,10,43,53,1,0,251,0.3225,193,25,NaN,0,0,0,0
8483766,2,10:45,0,0,0,0,0,0,0.75,0,-1,NaN,0,0,0,0
8479550,56,9:39,3,7,10,0,0,43,NaN,12,-6,0.0697,0,1,0,0
8481600,153,15:49,3,16,19,0,0,116,NaN,32,-22,NaN,0,0,0,0
8484797,9,11:55,1,3,4,0,0,15,0.47950000000000004,0,1,0.0666,0,0,0,0
8479718,72,11:52,12,7,19,0,0,89,NaN,16,-11,0.1348,4,5,0,0
8479314,673,17:56,253,417,670,27,2,1975,0.41659999999999997,738,124,0.1281,80,221,1,2
8478967,76,11:01,4,7,11,0,0,66,0.46,38,-19,0.060599999999999994,0,1,0,0
8482192,59,15:40,2,10,12,0,0,57,0.4012,33,-37,NaN,0,0,0,0
8484177,33,12:11,2,6,8,0,0,47,0.48710000000000003,14,-3,0.0425,0,0,0,0
8481028,166,12:55,13,39,52,1,0,250,NaN,210,13,0.052000000000000005,1,4,0,0
8480007,80,10:24,3,8,11,0,0,87,0.0,8,-9,0.0344,0,0,0,0
8483448,37,15:24,1,5,6,1,0,28,0.42469999999999997,6,-2,NaN,0,0,0,0
8481547,1,16:45,0,0,0,0,0,1,0.1818,0,1,NaN,0,0,0,0
8483756,23,11:26,0,4,4,0,0,32,NaN,4,0,0.0,0,0,0,0
8484509,24,10:34,2,2,4,0,0,9,NaN,6,2,0.22219999999999998,0,0,0,0
8477971,200,12:33,2,18,20,0,0,106,0.0,190,-26,NaN,0,0,0,0
8479387,47,11:18,0,3,3,0,0,46,0.48210000000000003,36,-2,NaN,0,0,0,0
8483505,69,13:12,7,20,27,2,0,77,NaN,18,0,0.0909,0,1,0,0
8483546,3,11:00,0,0,0,0,0,2,NaN,0,1,NaN,0,0,0,0
8485251,3,12:11,0,0,0,0,0,2,0.4413,5,-1,0.0,0,0,0,0
8482993,16,11:10,5,0,5,0,0,25,NaN,12,-4,0.2,0,0,0,0
8484933,4,14:55,0,1,1,0,0,3,0.4642,0,-1,NaN,0,0,0,0
8484938,25,11:14,3,3,6,0,0,29,0.2,2,1,0.10339999999999999,0,0,1,1
8481572,58,14:49,1,11,12,0,0,68,NaN,26,0,NaN,0,1,0,0
8482153,27,11:19,2,7,9,1,0,29,0.5866,2,-9,0.0689,1,2,0,0
8482742,87,12:26,9,11,20,0,0,110,NaN,84,-3,0.0818,0,2,0,0
8479942,27,7:30,3,1,4,0,0,18,0.5,22,-1,0.1666,0,0,0,0
8482652,95,8:56,11,10,21,2,0,93,0.2727,10,-15,0.1182,0,0,0,0
8483675,2,8:40,0,0,0,0,0,5,0.4545,0,-1,0.0,0,0,0,0
8483699,1,12:18,1,0,1,0,0,1,0.1304,0,1,NaN,0,0,0,0
8481534,17,8:50,0,0,0,0,0,14,0.2857,4,-6,0.0,0,0,0,0
8477931,514,12:00,47,73,120,7,0,627,NaN,166,-17,0.07490000000000001,1,2,5,9
8482715,19,13:58,2,9,11,1,0,11,0.0,6,0,NaN,0,2,0,0
8483731,17,12:38,5,4,9,1,0,23,0.5349,2,3,0.2173,0,0,0,0
8475718,405,18:16,14,83,97,5,1,340,NaN,194,64,NaN,0,0,1,4
8480870,78,12:36,4,6,10,2,0,66,0.0,24,-5,0.060599999999999994,0,0,1,1
8484188,17,15:46,2,2,4,1,0,20,NaN,6,6,NaN,0,0,0,0
8479543,209,7:59,15,23,38,1,0,177,0.424,276,-13,0.08470000000000001,0,1,0,0
8480326,127,10:12,16,10,26,1,0,160,NaN,59,-20,0.1,5,6,2,2
8482107,18,16:54,2,4,6,0,0,15,0.4,2,-4,NaN,0,1,0,0
8481518,42,9:50,7,3,10,0,0,43,0.493,6,-1,0.16269999999999998,0,0,0,0
8484873,14,17:27,3,7,10,0,0,22,NaN,8,-3,NaN,1,6,0,0
8482067,45,14:06,4,7,11,0,0,43,0.0909,84,-4,NaN,0,0,0,0
8475253,87,8:22,2,6,8,0,0,94,NaN,47,-4,0.0212,0,0,0,0
8482162,10,7:40,0,1,1,0,0,7,NaN,4,-6,0.0,0,0,0,0
8486056,6,11:02,1,0,1,0,0,5,0.375,2,-2,0.2,0,0,0,0
8481575,29,15:29,0,8,8,0,0,30,0.3333,6,-7,NaN,0,2,0,0
8483435,2,7:02,0,0,0,0,0,1,0.5094,0,0,NaN,0,0,0,0
8484759,4,14:32,1,1,2,0,0,5,NaN,2,-1,NaN,0,1,0,0
8485391,12,17:42,3,6,9,0,0,36,NaN,4,-1,0.0833,0,2,0,0
8481186,356,13:34,45,60,105,7,0,471,NaN,147,33,0.0955,0,0,6,11
8483669,11,11:10,3,1,4,0,0,15,0.3018,5,0,0.2,0,0,0,0
8484793,7,9:15,1,1,2,1,0,6,0.36719999999999997,9,-1,0.1666,0,0,0,0
8484169,9,14:51,0,2,2,0,0,3,0.5,4,4,NaN,0,0,0,0
8482802,9,9:38,0,0,0,0,0,3,0.37770000000000004,0,-3,0.0,0,0,0,0
8478888,5,9:35,1,0,1,0,0,5,NaN,0,0,0.2,0,0,0,0
8485406,9,17:02,4,6,10,1,1,32,0.0,6,4,0.125,2,4,0,0
8483444,3,8:01,0,0,0,0,0,2,0.41659999999999997,0,-1,0.0,0,0,0,0
8480075,8,13:05,0,1,1,0,0,5,0.3333,0,-2,NaN,0,0,0,0
8484406,8,10:43,1,0,1,0,0,3,0.25,4,1,0.3333,0,0,0,0
8483397,35,9:33,6,1,7,0,0,30,NaN,10,-5,0.2,0,0,0,0
8482731,6,15:37,0,0,0,0,0,9,0.41659999999999997,2,1,NaN,0,0,0,0
8482663,3,8:22,1,0,1,0,0,2,0.4,0,-1,NaN,0,0,0,0
8484234,7,12:05,0,1,1,0,0,10,NaN,2,2,NaN,0,0,0,0
8484999,4,15:54,1,3,4,0,0,7,NaN,2,1,0.14279999999999998,1,1,0,0
8483687,4,20:22,0,3,3,0,0,6,NaN,0,4,NaN,0,0,0,0
8483712,4,17:16,0,1,1,0,0,3,0.4523,0,2,NaN,0,1,0,0
8485467,4,13:33,0,1,1,0,0,3,NaN,2,-2,0.0,0,0,0,0
8480291,6,15:32,1,0,1,0,0,3,NaN,4,-5,0.3333,0,0,0,0
8481004,17,12:23,0,1,1,0,0,13,0.30760000000000004,6,1,0.0,0,0,0,0
8477851,409,17:51,23,73,96,1,1,489,0.5735,75,-60,0.047,5,16,0,0
8482174,3,17:20,0,0,0,0,0,2,0.4347,0,1,NaN,0,0,0,0
8484380,3,15:01,0,2,2,0,0,4,1.0,4,3,NaN,0,0,0,0
8483709,4,12:01,0,0,0,0,0,0,NaN,2,0,NaN,0,0,0,0
8484220,2,13:09,0,1,1,0,0,3,NaN,0,0,NaN,0,0,0,0
8485395,2,14:33,0,1,1,0,0,2,NaN,2,1,0.0,0,0,0,0
8482873,2,15:28,0,0,0,0,0,0,NaN,0,1,NaN,0,0,0,0
8483467,5,15:02,0,2,2,0,0,6,1.0,0,3,NaN,0,0,0,0
8482525,2,9:52,0,0,0,0,0,1,NaN,2,1,NaN,0,0,0,0
8486166,2,21:18,0,0,0,0,0,0,NaN,0,1,NaN,0,0,0,0
8484152,9,17:46,0,2,2,0,0,11,NaN,10,-4,NaN,0,1,0,0
8484242,3,10:59,0,0,0,0,0,2,NaN,2,0,0.0,0,0,0,0
8480853,105,11:55,7,15,22,0,0,120,NaN,16,-29,0.0583,0,0,0,0
8482187,1,15:12,0,0,0,0,0,0,0.3157,0,0,NaN,0,0,0,0
8484392,1,14:35,0,1,1,0,0,0,0.25,0,1,NaN,0,0,0,0
8485388,1,15:30,0,1,1,0,0,2,NaN,0,0,NaN,0,0,0,0
8478409,40,10:44,6,8,14,1,0,40,NaN,8,-3,0.15,0,1,0,0
8483760,1,15:11,0,1,1,0,0,0,NaN,4,3,NaN,0,0,0,0
8484148,1,16:28,1,1,2,0,0,1,0.14279999999999998,0,1,NaN,0,0,0,0
8481093,85,14:26,17,14,31,1,0,92,NaN,16,4,0.18469999999999998,4,4,1,2
8486169,1,25:14,0,0,0,0,0,0,NaN,0,-2,NaN,0,0,0,0
8475857,139,14:19,1,14,15,0,0,147,0.3023,16,-9,NaN,1,3,0,0
8483482,14,16:52,2,2,4,0,0,19,NaN,6,-2,NaN,0,0,0,0
8483696,1,11:23,0,1,1,0,0,1,NaN,0,1,NaN,0,0,0,0
