team_id,team_code,game_num,date,goals,pim,shots,pp_perc,ppg,pp_opp,fo_win,blocked,takeaways,giveaways,hits
18,NSH,2022020001,2022-10-07T18:00:00Z,4,13,32,0,0,4,45.5,11,4,3,23
28,SJS,2022020002,2022-10-08T18:00:00Z,2,6,33,25,1,4,50.7,16,6,9,23
3,NYR,2022020003,2022-10-11T23:30:00Z,3,12,39,25,1,4,63.8,12,19,17,24
26,LAK,2022020004,2022-10-12T02:00:00Z,3,10,30,0,0,3,49.2,22,7,16,23
15,WSH,2022020005,2022-10-12T23:00:00Z,2,6,35,0,0,4,37.3,13,7,17,48
12,CAR,2022020006,2022-10-12T23:00:00Z,4,4,43,0,0,2,61,9,18,16,22
8,MTL,2022020007,2022-10-12T23:00:00Z,4,8,23,0,0,4,51,23,8,23,19
21,COL,2022020008,2022-10-13T01:30:00Z,5,11,35,66.7,4,6,38.8,12,4,6,32
24,ANA,2022020009,2022-10-13T02:00:00Z,5,15,27,66.7,2,3,57.1,16,6,10,15
22,EDM,2022020010,2022-10-13T02:00:00Z,5,16,25,75,3,4,47.9,16,11,17,39
5,PIT,2022020011,2022-10-13T23:00:00Z,6,12,53,33.3,2,6,58.5,15,4,6,30
4,PHI,2022020012,2022-10-13T23:00:00Z,5,8,25,33.3,1,3,39.1,28,2,14,28
7,BUF,2022020013,2022-10-13T23:00:00Z,4,8,36,0,0,4,44.9,11,4,9,9
2,NYI,2022020014,2022-10-13T23:30:00Z,1,12,33,33.3,1,3,58.6,25,8,20,37
10,TOR,2022020015,2022-10-13T23:30:00Z,3,10,39,33.3,1,3,53.6,17,10,15,37
18,NSH,2022020016,2022-10-14T00:30:00Z,1,13,32,0,0,5,50,7,7,8,45
30,MIN,2022020017,2022-10-14T00:00:00Z,3,19,36,25,1,4,50,13,9,6,20
20,CGY,2022020018,2022-10-14T01:30:00Z,5,12,27,40,2,5,58.5,10,11,10,26
54,VGK,2022020019,2022-10-14T02:00:00Z,1,4,37,0,0,3,49.1,19,12,11,20
26,LAK,2022020020,2022-10-14T02:30:00Z,1,21,27,20,1,5,57.7,9,2,12,28
29,CBJ,2022020021,2022-10-14T23:00:00Z,2,4,28,0,0,4,71.4,13,3,5,22
17,DET,2022020022,2022-10-14T23:00:00Z,3,6,40,0,0,3,41.5,16,6,12,38
52,WPG,2022020023,2022-10-15T00:00:00Z,4,4,34,33.3,1,3,50.9,13,12,17,28
28,SJS,2022020024,2022-10-15T02:30:00Z,1,11,19,0,0,5,47.5,22,11,6,15
7,BUF,2022020025,2022-10-15T17:00:00Z,3,16,27,0,0,4,52.4,13,9,3,12
4,PHI,2022020026,2022-10-15T20:00:00Z,3,17,31,20,1,5,48.1,14,4,6,23
6,BOS,2022020027,2022-10-15T23:00:00Z,6,13,43,33.3,1,3,55.4,13,9,7,28
1,NJD,2022020028,2022-10-15T23:00:00Z,2,12,39,0,0,3,54.5,11,6,13,19
15,WSH,2022020029,2022-10-15T23:00:00Z,3,13,29,50,1,2,40.4,15,10,10,26
10,TOR,2022020030,2022-10-15T23:00:00Z,3,4,32,50,1,2,49.2,14,12,14,37
5,PIT,2022020031,2022-10-15T23:00:00Z,6,8,45,50,2,4,61.7,13,13,13,41
2,NYI,2022020032,2022-10-15T23:30:00Z,7,10,38,0,0,4,56.9,20,6,19,18
19,STL,2022020033,2022-10-16T00:00:00Z,5,4,25,33.3,1,3,42.6,13,14,5,28
30,MIN,2022020034,2022-10-16T00:00:00Z,6,14,35,50,3,6,46.4,7,5,7,20
25,DAL,2022020035,2022-10-16T00:00:00Z,5,10,22,0,0,2,53.4,14,8,11,13
22,EDM,2022020036,2022-10-16T02:00:00Z,3,10,29,25,1,4,54.5,13,4,19,39
55,SEA,2022020037,2022-10-16T02:00:00Z,2,8,33,50,1,2,34.8,9,4,5,26
28,SJS,2022020038,2022-10-16T02:00:00Z,2,6,26,0,0,3,52.8,3,7,5,16
3,NYR,2022020039,2022-10-17T23:00:00Z,6,2,43,75,3,4,51.7,13,5,5,27
10,TOR,2022020040,2022-10-17T23:00:00Z,2,12,28,20,1,5,59.2,7,9,14,25
6,BOS,2022020041,2022-10-17T23:00:00Z,5,12,34,0,0,3,64.4,22,8,11,18
8,MTL,2022020042,2022-10-17T23:00:00Z,3,6,39,33.3,1,3,48.1,16,12,16,19
15,WSH,2022020043,2022-10-17T23:00:00Z,6,4,30,66.7,2,3,51.7,14,11,7,37
17,DET,2022020044,2022-10-17T23:00:00Z,4,8,33,25,1,4,35.5,15,4,8,29
30,MIN,2022020045,2022-10-18T00:00:00Z,3,10,39,50,2,4,55.2,11,4,5,20
25,DAL,2022020046,2022-10-18T00:30:00Z,4,10,29,25,1,4,54.9,17,5,21,12
55,SEA,2022020047,2022-10-18T02:00:00Z,1,10,23,20,1,5,48.3,15,6,8,18
1,NJD,2022020048,2022-10-18T23:00:00Z,4,15,41,0,0,3,53.7,7,8,5,26
9,OTT,2022020049,2022-10-18T23:00:00Z,7,15,31,0,0,2,50,11,6,11,33
29,CBJ,2022020050,2022-10-18T23:00:00Z,4,11,33,0,0,2,61.7,16,7,9,17
2,NYI,2022020051,2022-10-18T23:30:00Z,5,6,46,0,0,3,52.2,15,7,14,28
18,NSH,2022020052,2022-10-19T01:30:00Z,3,18,32,0,0,5,62.3,17,10,8,31
14,TBL,2022020053,2022-10-18T23:00:00Z,2,14,38,66.7,2,3,62.3,16,15,5,21
22,EDM,2022020054,2022-10-19T01:00:00Z,2,12,48,0,0,3,55.6,11,8,18,28
20,CGY,2022020055,2022-10-19T01:00:00Z,3,8,40,33.3,2,6,53.6,8,14,15,21
13,FLA,2022020056,2022-10-19T23:30:00Z,4,12,36,0,0,3,62.7,9,4,8,12
21,COL,2022020057,2022-10-20T00:00:00Z,3,8,33,100,1,1,53.8,13,5,7,26
55,SEA,2022020058,2022-10-20T02:00:00Z,3,10,35,0,0,1,45.5,6,5,11,17
6,BOS,2022020059,2022-10-20T23:00:00Z,1,8,36,0,0,5,63.6,10,8,7,23
8,MTL,2022020060,2022-10-20T23:00:00Z,6,11,30,0,0,1,46.7,15,4,10,13
10,TOR,2022020061,2022-10-20T23:00:00Z,3,8,43,12.5,1,8,52.1,21,17,14,31
5,PIT,2022020062,2022-10-20T23:00:00Z,6,14,34,33.3,1,3,58.2,20,15,7,35
29,CBJ,2022020063,2022-10-20T23:00:00Z,5,10,42,0,0,3,45.6,20,9,3,28
3,NYR,2022020064,2022-10-20T23:00:00Z,2,6,23,0,0,5,42.1,18,5,8,33
9,OTT,2022020065,2022-10-20T23:00:00Z,5,15,44,50,2,4,64.2,12,4,17,28
2,NYI,2022020066,2022-10-20T23:30:00Z,1,8,17,0,0,2,39.2,19,4,10,39
30,MIN,2022020067,2022-10-21T00:00:00Z,4,11,37,33.3,1,3,51,15,11,7,21
20,CGY,2022020068,2022-10-21T01:30:00Z,3,10,43,0,0,1,43.9,12,6,4,29
22,EDM,2022020069,2022-10-21T01:00:00Z,6,10,33,40,2,5,51.3,20,17,15,24
54,VGK,2022020070,2022-10-21T02:00:00Z,5,2,32,0,0,3,50,10,0,6,23
13,FLA,2022020071,2022-10-21T23:30:00Z,2,18,38,0,0,5,47.1,13,14,9,17
16,CHI,2022020072,2022-10-22T00:30:00Z,4,14,29,0,0,3,61.8,17,10,22,27
21,COL,2022020073,2022-10-22T01:00:00Z,2,15,20,0,0,2,63.2,8,12,7,37
6,BOS,2022020074,2022-10-22T17:00:00Z,4,10,43,20,1,5,61,11,4,7,24
1,NJD,2022020075,2022-10-22T17:00:00Z,2,4,36,33.3,1,3,47.6,17,5,10,25
9,OTT,2022020076,2022-10-22T20:00:00Z,6,19,32,25,1,4,62.5,11,7,12,28
22,EDM,2022020077,2022-10-22T20:00:00Z,0,2,23,0,0,1,41.9,8,7,13,29
8,MTL,2022020078,2022-10-22T23:00:00Z,2,6,34,0,0,4,46.6,14,11,20,26
15,WSH,2022020079,2022-10-22T23:00:00Z,4,2,32,0,0,3,35.7,17,6,9,32
14,TBL,2022020080,2022-10-22T23:00:00Z,5,6,26,0,0,3,57.4,20,13,17,29
29,CBJ,2022020081,2022-10-22T23:00:00Z,3,6,32,0,0,1,46.7,15,10,5,31
52,WPG,2022020082,2022-10-22T23:00:00Z,1,15,31,0,0,3,47.8,18,8,13,29
18,NSH,2022020083,2022-10-23T00:00:00Z,1,14,32,33.3,1,3,71.4,12,4,7,38
23,VAN,2022020084,2022-10-23T02:00:00Z,1,2,30,25,1,4,55.4,14,13,6,40
20,CGY,2022020085,2022-10-23T02:00:00Z,3,8,32,25,1,4,48,15,9,6,26
54,VGK,2022020086,2022-10-23T02:00:00Z,2,4,35,25,1,4,60.7,27,4,7,41
16,CHI,2022020087,2022-10-23T18:00:00Z,5,8,27,66.7,2,3,69.5,15,16,21,40
17,DET,2022020088,2022-10-23T21:00:00Z,5,12,41,60,3,5,49.2,18,6,6,27
3,NYR,2022020089,2022-10-23T21:00:00Z,1,2,31,33.3,1,3,66.7,13,5,10,26
13,FLA,2022020090,2022-10-23T21:00:00Z,3,12,32,0,0,4,51,9,7,8,9
4,PHI,2022020091,2022-10-23T23:00:00Z,0,2,30,0,0,2,56.7,16,4,13,32
9,OTT,2022020092,2022-10-24T23:00:00Z,4,6,32,25,1,4,50,16,9,11,33
1,NJD,2022020093,2022-10-24T23:00:00Z,3,6,41,0,0,4,50.7,11,5,8,13
22,EDM,2022020094,2022-10-25T00:00:00Z,6,10,47,33.3,1,3,54,12,20,15,27
52,WPG,2022020095,2022-10-25T00:00:00Z,4,6,43,0,0,5,39.6,14,6,9,39
54,VGK,2022020096,2022-10-25T02:00:00Z,3,4,33,33.3,1,3,49.1,29,14,4,34
23,VAN,2022020097,2022-10-25T02:30:00Z,2,6,16,50,1,2,40,14,2,4,27
29,CBJ,2022020098,2022-10-25T23:00:00Z,3,16,33,0,0,5,53.7,8,11,10,24
3,NYR,2022020099,2022-10-26T00:00:00Z,2,6,46,0,0,4,56.5,16,5,11,39
6,BOS,2022020100,2022-10-25T23:00:00Z,3,11,29,25,1,4,52.8,11,5,12,28
8,MTL,2022020101,2022-10-25T23:00:00Z,1,10,27,0,0,3,52.1,19,8,22,10
17,DET,2022020102,2022-10-25T23:00:00Z,2,2,22,0,0,3,41.4,12,3,16,29
16,CHI,2022020103,2022-10-26T00:30:00Z,4,14,22,50,1,2,58.3,20,8,10,29
20,CGY,2022020104,2022-10-26T01:00:00Z,4,10,36,33.3,1,3,64.1,14,11,7,18
55,SEA,2022020105,2022-10-26T02:00:00Z,5,8,24,66.7,2,3,32.7,17,10,8,15
26,LAK,2022020106,2022-10-26T02:30:00Z,4,10,33,25,1,4,54.9,22,1,10,28
28,SJS,2022020107,2022-10-26T02:30:00Z,2,2,31,0,0,2,50.8,19,13,6,23
2,NYI,2022020108,2022-10-26T23:30:00Z,3,6,29,0,0,3,51,16,10,10,35
19,STL,2022020109,2022-10-27T00:00:00Z,1,4,38,33.3,1,3,43.3,21,14,5,21
24,ANA,2022020110,2022-10-27T02:00:00Z,2,6,21,0,0,2,54.7,19,5,4,15
6,BOS,2022020111,2022-10-27T23:00:00Z,5,10,33,50,3,6,48.3,9,4,6,26
4,PHI,2022020112,2022-10-27T23:00:00Z,4,12,22,50,1,2,50,32,7,7,34
9,OTT,2022020113,2022-10-27T23:00:00Z,2,20,29,20,1,5,48.4,10,4,12,37
7,BUF,2022020114,2022-10-27T23:00:00Z,2,6,45,25,1,4,43.1,14,9,6,6
18,NSH,2022020115,2022-10-28T00:00:00Z,6,6,42,50,1,2,52.1,9,7,13,35
16,CHI,2022020116,2022-10-28T00:30:00Z,5,18,36,20,2,10,54.7,7,6,13,29
25,DAL,2022020117,2022-10-28T00:30:00Z,2,8,27,0,0,3,68.4,16,6,10,10
55,SEA,2022020118,2022-10-28T02:00:00Z,4,19,36,25,1,4,41.8,8,8,10,13
28,SJS,2022020119,2022-10-28T02:30:00Z,4,10,31,66.7,2,3,50,10,21,14,25
26,LAK,2022020120,2022-10-28T02:30:00Z,4,10,44,25,1,4,66.7,8,4,6,23
54,VGK,2022020121,2022-10-28T22:00:00Z,4,9,22,50,1,2,52.5,18,7,7,20
29,CBJ,2022020122,2022-10-28T23:00:00Z,0,4,30,0,0,3,41.8,17,10,7,18
1,NJD,2022020123,2022-10-28T23:00:00Z,1,12,23,33.3,1,3,70.8,17,14,4,11
12,CAR,2022020124,2022-10-28T23:00:00Z,2,2,35,0,0,3,54,10,17,8,22
23,VAN,2022020125,2022-10-29T02:00:00Z,5,10,29,50,2,4,50.9,19,4,10,23
53,ARI,2022020126,2022-10-29T02:30:00Z,2,12,21,0,0,2,59.3,13,6,18,33
25,DAL,2022020127,2022-10-29T18:00:00Z,3,14,33,0,0,4,46.2,17,5,5,13
13,FLA,2022020128,2022-10-29T20:00:00Z,5,12,58,25,1,4,55.6,13,9,10,30
28,SJS,2022020129,2022-10-29T20:30:00Z,3,4,27,33.3,1,3,45.5,8,9,11,16
4,PHI,2022020130,2022-10-29T23:00:00Z,3,10,29,16.7,1,6,51.5,17,8,7,27
7,BUF,2022020131,2022-10-29T23:00:00Z,4,8,45,66.7,2,3,27.5,12,6,6,7
17,DET,2022020132,2022-10-29T23:00:00Z,2,4,25,50,1,2,45,19,7,12,35
19,STL,2022020133,2022-10-29T23:00:00Z,4,8,30,50,1,2,49.1,5,10,10,28
26,LAK,2022020134,2022-10-29T23:00:00Z,4,8,29,33.3,2,6,56.4,10,5,13,18
2,NYI,2022020135,2022-10-29T23:30:00Z,5,4,44,0,0,3,42.9,15,5,8,26
18,NSH,2022020136,2022-10-30T00:00:00Z,0,6,34,0,0,5,61.3,14,8,4,36
20,CGY,2022020137,2022-10-30T02:00:00Z,2,8,42,0,0,3,48.5,13,6,12,31
55,SEA,2022020138,2022-10-30T02:00:00Z,3,4,30,0,0,2,52.2,14,7,10,25
1,NJD,2022020139,2022-10-30T18:00:00Z,7,6,53,33.3,1,3,55.4,12,7,2,13
16,CHI,2022020140,2022-10-30T23:00:00Z,3,25,26,0,0,0,62.5,14,13,14,28
53,ARI,2022020141,2022-10-31T00:00:00Z,2,6,20,100,1,1,45.6,7,3,11,27
24,ANA,2022020142,2022-10-31T00:00:00Z,4,6,39,0,0,2,50.9,9,7,7,18
54,VGK,2022020143,2022-10-31T00:00:00Z,2,2,48,0,0,3,58.9,20,11,7,21
7,BUF,2022020144,2022-10-31T23:00:00Z,8,4,46,40,2,5,49.2,5,8,2,11
12,CAR,2022020145,2022-10-31T23:00:00Z,2,12,35,16.7,1,6,55,7,8,9,21
19,STL,2022020146,2022-11-01T00:00:00Z,1,6,28,0,0,4,50.9,9,5,11,33
5,PIT,2022020147,2022-11-02T00:00:00Z,5,6,38,0,0,4,44.9,12,14,8,48
14,TBL,2022020148,2022-11-01T23:00:00Z,4,13,34,12.5,1,8,45.1,21,6,8,32
3,NYR,2022020149,2022-11-01T23:00:00Z,1,10,36,0,0,3,42,14,9,16,27
15,WSH,2022020150,2022-11-01T23:00:00Z,2,6,21,50,1,2,58.6,26,9,5,27
30,MIN,2022020151,2022-11-02T00:00:00Z,4,21,31,25,1,4,38,7,8,11,15
16,CHI,2022020152,2022-11-02T00:30:00Z,1,8,22,25,1,4,53.1,17,7,15,25
25,DAL,2022020153,2022-11-02T00:30:00Z,5,6,40,75,3,4,52.3,14,4,14,19
22,EDM,2022020154,2022-11-02T01:00:00Z,7,9,37,33.3,2,6,53.7,10,11,16,27
20,CGY,2022020155,2022-11-02T01:00:00Z,4,13,40,0,0,4,61.5,15,8,12,24
53,ARI,2022020156,2022-11-02T02:00:00Z,3,10,21,50,2,4,43.1,22,7,14,31
23,VAN,2022020157,2022-11-02T02:00:00Z,2,27,23,40,2,5,42.3,11,12,5,22
28,SJS,2022020158,2022-11-02T02:30:00Z,5,15,44,33.3,1,3,44.6,17,10,10,16
10,TOR,2022020159,2022-11-02T23:00:00Z,5,31,44,40,2,5,46.8,8,12,14,31
7,BUF,2022020160,2022-11-02T23:30:00Z,6,8,33,25,1,4,45.8,14,7,7,8
3,NYR,2022020161,2022-11-03T23:30:00Z,2,16,20,0,0,2,39,16,13,12,39
14,TBL,2022020162,2022-11-03T23:00:00Z,3,12,26,40,2,5,38.2,22,19,13,32
9,OTT,2022020163,2022-11-03T23:00:00Z,4,8,46,0,0,3,50,7,5,8,20
17,DET,2022020164,2022-11-03T23:00:00Z,3,10,26,33.3,1,3,36.4,20,3,9,25
52,WPG,2022020165,2022-11-04T00:00:00Z,3,4,36,20,1,5,53.5,6,10,10,35
19,STL,2022020166,2022-11-04T00:00:00Z,2,9,34,33.3,1,3,56.9,8,10,8,25
30,MIN,2022020167,2022-11-04T00:00:00Z,0,4,22,0,0,2,48.9,8,4,7,26
16,CHI,2022020168,2022-11-04T00:30:00Z,2,9,19,0,0,1,39.6,23,9,13,25
20,CGY,2022020169,2022-11-04T01:00:00Z,1,8,30,0,0,3,41.2,13,8,15,41
22,EDM,2022020170,2022-11-04T01:00:00Z,3,6,37,50,1,2,56.2,19,17,21,27
23,VAN,2022020171,2022-11-04T02:00:00Z,8,11,47,66.7,2,3,60.3,13,5,12,20
53,ARI,2022020172,2022-11-04T02:00:00Z,2,8,30,0,0,1,50.8,17,3,17,37
28,SJS,2022020173,2022-11-04T02:30:00Z,3,7,39,50,1,2,42.4,20,15,6,20
12,CAR,2022020174,2022-11-04T23:00:00Z,5,12,33,25,1,4,61.2,11,10,13,20
21,COL,2022020175,2022-11-04T18:00:00Z,6,14,36,40,2,5,35.8,18,4,1,5
52,WPG,2022020176,2022-11-05T19:00:00Z,4,6,37,75,3,4,48.1,10,10,14,24
22,EDM,2022020177,2022-11-05T20:00:00Z,2,6,30,16.7,1,6,50,12,11,7,32
15,WSH,2022020178,2022-11-05T23:00:00Z,2,6,36,33.3,1,3,56.1,12,8,10,24
10,TOR,2022020179,2022-11-05T23:00:00Z,2,6,28,33.3,1,3,54.5,15,11,11,21
14,TBL,2022020180,2022-11-05T23:00:00Z,5,6,30,50,1,2,49.2,17,15,8,43
17,DET,2022020181,2022-11-05T17:00:00Z,3,6,26,20,1,5,39.6,24,6,7,20
9,OTT,2022020182,2022-11-05T23:00:00Z,1,6,34,0,0,5,58.6,19,5,9,33
5,PIT,2022020183,2022-11-05T23:00:00Z,2,6,37,0,0,3,57.1,8,9,8,34
8,MTL,2022020184,2022-11-05T23:00:00Z,4,21,31,100,1,1,43.1,27,11,18,9
29,CBJ,2022020185,2022-11-05T18:00:00Z,1,7,32,100,1,1,43.1,20,1,2,13
23,VAN,2022020186,2022-11-06T02:00:00Z,3,30,45,25,1,4,50.7,16,4,12,22
20,CGY,2022020187,2022-11-06T02:00:00Z,3,14,30,0,0,2,47.8,14,11,15,40
28,SJS,2022020188,2022-11-06T02:30:00Z,4,9,52,20,1,5,55.7,10,14,10,25
26,LAK,2022020189,2022-11-06T02:30:00Z,5,4,39,16.7,1,6,52.2,17,2,7,25
3,NYR,2022020190,2022-11-06T22:00:00Z,2,8,29,50,1,2,47.5,15,5,7,31
12,CAR,2022020191,2022-11-06T22:00:00Z,1,2,30,50,1,2,50,9,13,10,25
24,ANA,2022020192,2022-11-07T02:00:00Z,3,12,35,0,0,2,40,31,4,13,19
2,NYI,2022020193,2022-11-08T00:00:00Z,4,0,32,50,1,2,54.2,18,4,18,33
6,BOS,2022020194,2022-11-08T00:00:00Z,3,8,37,100,2,2,56.6,12,6,11,21
15,WSH,2022020195,2022-11-08T01:00:00Z,5,4,31,80,4,5,52.2,13,6,9,15
7,BUF,2022020196,2022-11-09T00:00:00Z,1,10,33,25,1,4,60.3,6,6,6,12
1,NJD,2022020197,2022-11-09T00:00:00Z,3,13,20,20,1,5,50.8,9,2,7,21
3,NYR,2022020198,2022-11-09T00:00:00Z,3,6,40,50,2,4,57.1,17,9,9,31
4,PHI,2022020199,2022-11-09T00:00:00Z,5,14,35,0,0,1,40,17,10,14,39
9,OTT,2022020200,2022-11-09T00:00:00Z,4,13,41,40,2,5,56.5,10,12,7,25
10,TOR,2022020201,2022-11-09T00:00:00Z,3,4,31,0,0,2,61.2,10,17,17,34
14,TBL,2022020202,2022-11-09T00:30:00Z,2,8,37,0,0,5,53.3,13,8,12,25
17,DET,2022020203,2022-11-09T00:00:00Z,2,4,43,0,0,7,47.3,12,5,10,22
52,WPG,2022020204,2022-11-09T01:00:00Z,5,9,33,0,0,1,49,15,11,14,23
55,SEA,2022020205,2022-11-09T03:00:00Z,5,4,20,0,0,1,41.3,22,10,5,16
26,LAK,2022020206,2022-11-09T03:30:00Z,1,2,30,0,0,4,57.1,12,3,15,25
13,FLA,2022020207,2022-11-10T00:00:00Z,3,6,37,25,1,4,45.3,16,9,8,26
15,WSH,2022020208,2022-11-10T00:30:00Z,1,11,25,0,0,4,49.1,17,9,7,36
8,MTL,2022020209,2022-11-10T00:30:00Z,5,6,29,25,1,4,47.2,15,4,18,9
24,ANA,2022020210,2022-11-10T03:00:00Z,1,57,32,0,0,4,50,13,6,9,18
6,BOS,2022020211,2022-11-11T00:00:00Z,3,17,28,0,0,5,67.9,12,7,7,25
12,CAR,2022020212,2022-11-11T00:00:00Z,7,4,32,25,1,4,55.6,5,8,4,12
1,NJD,2022020213,2022-11-11T00:00:00Z,4,8,41,33.3,1,3,50,11,7,7,6
29,CBJ,2022020214,2022-11-11T00:00:00Z,5,7,29,0,0,2,52.4,18,9,5,12
7,BUF,2022020215,2022-11-11T00:00:00Z,4,4,35,66.7,2,3,41.4,15,5,3,8
2,NYI,2022020216,2022-11-11T00:30:00Z,0,11,24,0,0,3,70.2,18,8,15,36
17,DET,2022020217,2022-11-11T00:00:00Z,2,6,20,0,0,2,51.1,15,4,3,31
19,STL,2022020218,2022-11-11T01:00:00Z,5,0,33,50,1,2,48.5,13,13,10,18
21,COL,2022020219,2022-11-11T02:00:00Z,5,4,35,66.7,2,3,44.9,21,9,8,23
26,LAK,2022020220,2022-11-11T03:30:00Z,2,8,35,0,0,4,31.6,13,3,9,20
10,TOR,2022020221,2022-11-12T00:00:00Z,2,2,30,33.3,1,3,50,13,8,15,14
15,WSH,2022020222,2022-11-12T00:00:00Z,5,38,24,0,0,6,37.8,22,9,7,13
25,DAL,2022020223,2022-11-12T01:30:00Z,4,11,29,0,0,1,52.5,6,6,7,17
55,SEA,2022020224,2022-11-12T03:00:00Z,0,6,28,0,0,4,58,5,12,9,29
4,PHI,2022020225,2022-11-12T18:00:00Z,1,16,38,0,0,3,55.2,14,9,9,59
13,FLA,2022020226,2022-11-12T21:00:00Z,2,10,42,33.3,1,3,46.6,8,9,16,15
1,NJD,2022020227,2022-11-13T00:00:00Z,4,12,26,12.5,1,8,58.2,6,9,3,12
7,BUF,2022020228,2022-11-13T00:00:00Z,1,8,31,0,0,3,52.5,13,11,4,9
8,MTL,2022020229,2022-11-13T00:00:00Z,5,8,42,20,1,5,46,8,2,18,15
10,TOR,2022020230,2022-11-13T00:00:00Z,3,8,34,50,1,2,56.2,19,9,21,30
2,NYI,2022020231,2022-11-13T00:30:00Z,4,4,46,0,0,2,55.7,17,3,12,15
18,NSH,2022020232,2022-11-13T01:00:00Z,2,22,18,0,0,4,49,22,6,4,25
21,COL,2022020233,2022-11-13T02:00:00Z,4,10,28,25,1,4,38,17,5,6,13
24,ANA,2022020234,2022-11-13T03:00:00Z,2,6,41,0,0,2,37.1,7,5,12,18
54,VGK,2022020235,2022-11-13T03:00:00Z,2,8,36,0,0,0,60.3,20,10,10,32
20,CGY,2022020236,2022-11-13T03:00:00Z,3,10,35,0,0,3,46.6,19,13,14,27
26,LAK,2022020237,2022-11-13T03:30:00Z,4,8,21,66.7,2,3,57.7,21,2,10,23
4,PHI,2022020238,2022-11-13T18:00:00Z,1,6,38,0,0,6,25.9,10,5,10,35
3,NYR,2022020239,2022-11-14T00:00:00Z,4,14,27,25,1,4,38.5,17,16,14,31
30,MIN,2022020240,2022-11-13T23:00:00Z,2,6,30,0,0,2,48.2,14,5,2,22
6,BOS,2022020241,2022-11-13T23:00:00Z,5,32,33,33.3,2,6,63.8,13,8,7,15
14,TBL,2022020242,2022-11-14T00:00:00Z,6,22,35,50,2,4,45.3,10,24,12,39
55,SEA,2022020243,2022-11-14T01:00:00Z,2,16,21,25,1,4,56.5,22,12,9,20
9,OTT,2022020244,2022-11-14T22:30:00Z,2,11,38,16.7,1,6,49.2,10,7,12,15
16,CHI,2022020245,2022-11-15T01:30:00Z,0,6,27,0,0,4,61.3,12,4,6,11
20,CGY,2022020246,2022-11-15T01:30:00Z,6,8,30,50,1,2,49.3,12,8,14,22
21,COL,2022020247,2022-11-15T02:00:00Z,2,4,47,20,1,5,48.4,7,7,4,17
14,TBL,2022020248,2022-11-16T00:00:00Z,5,6,38,20,1,5,51.3,10,11,19,36
8,MTL,2022020249,2022-11-16T00:00:00Z,1,4,26,0,0,2,54.8,22,6,21,25
29,CBJ,2022020250,2022-11-16T00:30:00Z,5,6,33,100,1,1,52.5,25,8,7,34
5,PIT,2022020251,2022-11-16T00:00:00Z,2,4,37,0,0,3,54.9,15,7,10,50
7,BUF,2022020252,2022-11-16T00:00:00Z,4,6,32,0,0,3,43.8,14,6,4,5
13,FLA,2022020253,2022-11-16T00:00:00Z,5,12,43,100,1,1,45,17,9,11,23
18,NSH,2022020254,2022-11-16T01:00:00Z,2,24,25,20,1,5,54.7,19,8,10,43
24,ANA,2022020255,2022-11-16T03:00:00Z,3,8,30,20,1,5,44.8,15,4,8,17
54,VGK,2022020256,2022-11-16T03:00:00Z,2,4,26,0,0,3,55.9,23,7,4,27
9,OTT,2022020257,2022-11-17T00:00:00Z,4,18,40,20,1,5,57.1,19,5,16,27
16,CHI,2022020258,2022-11-17T00:30:00Z,2,4,27,33.3,1,3,58,9,8,8,10
22,EDM,2022020259,2022-11-17T03:00:00Z,1,10,23,0,0,1,44.4,8,6,8,39
14,TBL,2022020260,2022-11-18T00:00:00Z,4,8,24,50,1,2,51.4,19,26,14,34
12,CAR,2022020261,2022-11-18T00:00:00Z,2,8,48,0,0,4,68.3,8,20,10,18
13,FLA,2022020262,2022-11-18T00:00:00Z,4,13,44,50,2,4,45.5,16,4,15,30
29,CBJ,2022020263,2022-11-18T00:00:00Z,6,11,29,0,0,1,51.5,18,10,6,18
10,TOR,2022020264,2022-11-18T00:00:00Z,2,4,27,20,1,5,60,12,12,22,23
6,BOS,2022020265,2022-11-18T00:00:00Z,4,8,32,50,2,4,50,9,6,15,22
52,WPG,2022020266,2022-11-18T01:00:00Z,3,19,32,50,1,2,58.5,11,6,12,17
18,NSH,2022020267,2022-11-18T01:00:00Z,5,8,31,33.3,1,3,51.9,22,8,17,18
30,MIN,2022020268,2022-11-18T01:00:00Z,4,10,23,0,0,3,42.4,16,6,6,29
19,STL,2022020269,2022-11-18T01:00:00Z,4,8,24,25,1,4,64.7,16,9,6,14
54,VGK,2022020270,2022-11-18T03:00:00Z,4,13,39,20,1,5,47.2,17,8,9,25
55,SEA,2022020271,2022-11-18T03:00:00Z,3,8,32,0,0,4,55.1,14,9,10,22
28,SJS,2022020272,2022-11-18T03:30:00Z,4,6,25,0,0,1,50.9,13,9,16,15
23,VAN,2022020273,2022-11-19T03:00:00Z,4,4,25,33.3,1,3,50,11,3,8,30
9,OTT,2022020274,2022-11-19T18:00:00Z,1,8,26,0,0,2,59.2,12,4,21,37
13,FLA,2022020275,2022-11-19T21:00:00Z,4,13,35,33.3,1,3,45.9,13,9,12,17
10,TOR,2022020276,2022-11-20T00:00:00Z,5,12,23,66.7,2,3,62,19,11,14,32
6,BOS,2022020277,2022-11-20T00:00:00Z,6,6,43,66.7,2,3,44.4,10,10,10,16
15,WSH,2022020278,2022-11-20T00:00:00Z,0,6,32,0,0,2,59.3,17,16,6,23
29,CBJ,2022020279,2022-11-20T00:00:00Z,1,8,28,0,0,2,58.1,14,2,6,22
8,MTL,2022020280,2022-11-20T00:00:00Z,4,13,32,33.3,1,3,65.4,17,5,26,16
52,WPG,2022020281,2022-11-20T00:00:00Z,0,4,32,0,0,2,52.4,9,15,7,26
19,STL,2022020282,2022-11-20T01:00:00Z,6,15,34,50,1,2,48.3,20,8,12,19
30,MIN,2022020283,2022-11-20T01:00:00Z,2,6,21,0,0,1,61.5,19,3,6,23
25,DAL,2022020284,2022-11-20T01:00:00Z,5,10,35,0,0,2,63.8,17,4,8,16
18,NSH,2022020285,2022-11-20T01:00:00Z,2,12,32,20,1,5,50,22,11,13,35
55,SEA,2022020286,2022-11-20T03:00:00Z,3,2,29,33.3,1,3,58.3,23,12,5,24
22,EDM,2022020287,2022-11-20T03:00:00Z,4,6,23,33.3,1,3,44.4,16,11,24,31
28,SJS,2022020288,2022-11-20T03:30:00Z,1,6,23,0,0,1,60,16,16,11,19
29,CBJ,2022020289,2022-11-20T23:00:00Z,5,6,23,100,2,2,53.3,29,5,6,33
16,CHI,2022020290,2022-11-21T00:00:00Z,3,14,32,0,0,4,45.2,16,6,7,23
14,TBL,2022020291,2022-11-22T00:00:00Z,3,8,35,33.3,1,3,48,10,18,21,43
4,PHI,2022020292,2022-11-22T00:00:00Z,2,11,25,0,0,3,50,15,7,11,31
1,NJD,2022020293,2022-11-22T00:00:00Z,5,8,28,33.3,1,3,46.3,11,2,6,20
52,WPG,2022020294,2022-11-22T00:30:00Z,4,4,23,0,0,3,48.8,20,9,10,16
10,TOR,2022020295,2022-11-22T00:30:00Z,2,11,32,50,1,2,52.5,9,10,18,21
19,STL,2022020296,2022-11-22T01:00:00Z,3,4,27,33.3,1,3,62,12,9,11,23
18,NSH,2022020297,2022-11-22T01:00:00Z,3,11,45,28.6,2,7,54.7,9,10,10,24
25,DAL,2022020298,2022-11-22T01:30:00Z,2,27,24,0,0,1,64.8,17,10,12,17
28,SJS,2022020299,2022-11-22T03:30:00Z,5,9,31,33.3,1,3,43.3,16,14,4,18
23,VAN,2022020300,2022-11-22T03:30:00Z,4,2,29,0,0,1,53.8,12,4,10,25
8,MTL,2022020301,2022-11-23T00:00:00Z,2,17,31,0,0,6,54.7,21,6,15,20
26,LAK,2022020302,2022-11-23T03:30:00Z,3,2,38,100,1,1,52.5,19,7,7,27
12,CAR,2022020303,2022-11-24T00:00:00Z,0,11,36,0,0,4,57.1,11,7,14,21
13,FLA,2022020304,2022-11-24T00:00:00Z,5,12,31,42.9,3,7,41.3,18,13,10,28
5,PIT,2022020305,2022-11-24T00:00:00Z,1,6,39,0,0,3,54.2,13,11,5,39
29,CBJ,2022020306,2022-11-24T00:00:00Z,1,11,31,0,0,3,54.5,14,5,5,15
7,BUF,2022020307,2022-11-24T00:00:00Z,6,8,32,66.7,2,3,53.8,12,9,1,15
1,NJD,2022020308,2022-11-24T00:00:00Z,1,8,35,0,0,3,59,11,2,3,15
30,MIN,2022020309,2022-11-24T00:00:00Z,6,13,39,40,2,5,57.9,18,7,2,27
2,NYI,2022020310,2022-11-24T00:30:00Z,3,10,31,50,1,2,52.1,14,6,21,20
17,DET,2022020311,2022-11-24T00:00:00Z,3,6,29,50,1,2,60.5,23,9,17,29
15,WSH,2022020312,2022-11-24T00:30:00Z,3,8,32,33.3,1,3,57.7,16,11,11,30
25,DAL,2022020313,2022-11-24T01:30:00Z,6,9,39,50,1,2,53.8,13,10,9,23
24,ANA,2022020314,2022-11-24T03:00:00Z,3,8,22,0,0,3,52.2,20,7,6,18
54,VGK,2022020315,2022-11-24T03:00:00Z,4,4,36,25,1,4,55.4,24,10,10,19
55,SEA,2022020316,2022-11-24T03:00:00Z,8,6,27,33.3,1,3,45.6,15,9,6,17
21,COL,2022020317,2022-11-24T03:00:00Z,3,10,36,33.3,2,6,47.2,9,6,6,12
6,BOS,2022020318,2022-11-25T18:00:00Z,3,12,41,16.7,1,6,57.1,3,7,13,25
15,WSH,2022020319,2022-11-25T19:00:00Z,3,4,25,50,1,2,50,17,15,10,36
18,NSH,2022020320,2023-04-15T00:00:00Z,3,8,21,50,1,2,61.2,22,3,10,22
16,CHI,2022020321,2022-11-25T19:00:00Z,2,4,32,25,1,4,56.9,12,15,15,23
30,MIN,2022020322,2022-11-25T19:00:00Z,3,6,28,50,1,2,44.4,10,10,5,22
24,ANA,2022020323,2022-11-25T20:00:00Z,1,21,32,0,0,6,43.7,17,4,8,15
4,PHI,2022020324,2022-11-25T22:30:00Z,1,15,30,0,0,1,37,22,9,11,42
17,DET,2022020325,2022-11-26T01:00:00Z,3,15,36,50,2,4,56.6,9,2,5,17
29,CBJ,2022020326,2022-11-26T01:00:00Z,2,15,26,50,2,4,51.7,21,6,5,27
7,BUF,2022020327,2022-11-26T01:00:00Z,1,2,34,0,0,1,42.9,18,10,9,23
14,TBL,2022020328,2022-11-26T01:00:00Z,5,13,27,50,1,2,45.8,16,19,8,36
54,VGK,2022020329,2022-11-26T01:00:00Z,2,4,22,100,1,1,57.4,24,11,9,28
25,DAL,2022020330,2022-11-26T01:30:00Z,4,6,41,25,1,4,69.2,14,6,6,24
28,SJS,2022020331,2022-11-26T03:30:00Z,2,4,31,0,0,3,47.8,16,19,10,32
3,NYR,2022020332,2022-11-26T18:00:00Z,3,6,23,0,0,3,49.1,12,9,15,21
12,CAR,2022020333,2022-11-26T21:00:00Z,3,8,33,66.7,2,3,42.9,10,10,9,21
13,FLA,2022020334,2022-11-26T23:30:00Z,4,15,37,0,0,2,46,14,24,15,17
5,PIT,2022020335,2022-11-27T00:00:00Z,1,6,26,0,0,2,49.1,13,9,11,57
1,NJD,2022020336,2022-11-27T00:00:00Z,5,10,29,33.3,1,3,51.9,26,12,9,11
2,NYI,2022020337,2022-11-27T00:30:00Z,5,23,23,66.7,2,3,52.4,11,5,9,26
18,NSH,2022020338,2023-01-18T01:00:00Z,2,6,28,0,0,3,49,13,16,11,20
21,COL,2022020339,2022-11-27T02:00:00Z,4,15,36,25,1,4,36.8,13,5,4,36
54,VGK,2022020340,2022-11-27T03:00:00Z,1,20,27,0,0,3,60.3,17,8,5,41
30,MIN,2022020341,2022-11-27T19:00:00Z,4,19,29,33.3,1,3,55.2,9,7,2,22
16,CHI,2022020342,2022-11-28T00:00:00Z,2,12,25,50,1,2,44.9,16,6,13,25
24,ANA,2022020343,2022-11-28T01:00:00Z,4,4,29,75,3,4,58.6,9,7,10,18
28,SJS,2022020344,2022-11-28T01:00:00Z,3,4,35,100,1,1,56.4,27,10,7,26
26,LAK,2022020345,2022-11-28T03:30:00Z,2,4,27,100,2,2,51.5,22,3,7,32
3,NYR,2022020346,2022-11-29T00:00:00Z,3,6,38,20,1,5,40.4,11,9,12,24
7,BUF,2022020347,2022-11-29T00:00:00Z,5,10,37,0,0,1,40,9,6,3,8
17,DET,2022020348,2022-11-29T00:00:00Z,2,4,44,0,0,3,44,5,2,6,25
29,CBJ,2022020349,2022-11-29T00:00:00Z,2,8,28,0,0,2,44.4,14,5,7,14
19,STL,2022020350,2022-11-29T01:00:00Z,1,7,24,0,0,1,36.2,21,13,6,22
22,EDM,2022020351,2022-11-29T02:30:00Z,4,8,40,20,1,5,57.8,9,9,13,17
5,PIT,2022020352,2022-11-30T00:00:00Z,2,4,32,0,0,2,47.4,13,11,10,49
4,PHI,2022020353,2022-11-30T00:30:00Z,3,20,33,0,0,2,49.1,19,4,7,38
8,MTL,2022020354,2022-11-30T00:00:00Z,0,10,28,0,0,6,53.2,9,8,14,11
6,BOS,2022020355,2022-11-30T00:00:00Z,3,4,26,100,1,1,46,17,10,9,26
18,NSH,2022020356,2022-11-30T01:00:00Z,2,0,41,0,0,2,58.2,17,11,9,21
52,WPG,2022020357,2022-11-30T01:00:00Z,5,8,23,50,1,2,63,13,11,7,18
20,CGY,2022020358,2022-11-30T02:00:00Z,6,12,23,25,1,4,62.7,11,9,14,13
23,VAN,2022020359,2022-11-30T03:00:00Z,1,2,32,0,0,3,53.1,11,2,4,18
26,LAK,2022020360,2022-11-30T03:30:00Z,8,8,35,50,2,4,62.9,9,2,6,43
17,DET,2022020361,2022-12-01T00:00:00Z,4,6,45,0,0,7,68.1,12,3,11,25
9,OTT,2022020362,2022-12-01T00:00:00Z,1,6,35,0,0,3,70.6,16,5,16,31
10,TOR,2022020363,2022-12-01T00:00:00Z,3,0,32,0,0,3,60.8,17,15,11,18
16,CHI,2022020364,2022-12-01T02:30:00Z,4,8,25,33.3,2,6,60.9,14,8,13,21
7,BUF,2022020365,2022-12-02T00:00:00Z,4,14,28,28.6,2,7,44.1,6,4,6,13
1,NJD,2022020366,2022-12-02T00:00:00Z,3,2,28,40,2,5,52.5,17,5,14,11
4,PHI,2022020367,2022-12-02T00:00:00Z,1,6,22,0,0,3,34.8,16,2,6,29
5,PIT,2022020368,2022-12-02T00:00:00Z,4,10,47,25,1,4,48.1,10,12,9,41
19,STL,2022020369,2022-12-02T01:00:00Z,4,2,26,66.7,2,3,40.4,8,9,7,27
30,MIN,2022020370,2022-12-02T01:00:00Z,5,6,30,66.7,2,3,47.4,16,2,7,17
25,DAL,2022020371,2022-12-02T01:30:00Z,5,21,41,50,2,4,64.2,15,12,5,15
20,CGY,2022020372,2022-12-02T02:00:00Z,1,6,46,0,0,4,46.4,6,12,12,17
23,VAN,2022020373,2022-12-02T03:00:00Z,1,9,33,0,0,3,54.4,11,3,13,23
55,SEA,2022020374,2022-12-02T03:00:00Z,3,13,25,50,1,2,42.6,9,11,6,26
26,LAK,2022020375,2022-12-02T03:30:00Z,5,8,32,50,2,4,47.4,10,1,7,26
3,NYR,2022020376,2022-12-03T00:00:00Z,2,18,27,0,0,2,48.6,10,9,17,23
2,NYI,2022020377,2022-12-03T00:30:00Z,1,11,49,25,1,4,42.9,10,10,13,28
52,WPG,2022020378,2022-12-03T01:00:00Z,1,6,38,20,1,5,47.8,19,3,12,12
30,MIN,2022020379,2022-12-03T19:00:00Z,4,8,49,50,1,2,53.1,9,7,7,21
6,BOS,2022020380,2022-12-04T00:00:00Z,5,13,40,20,1,5,62.5,14,14,7,24
22,EDM,2022020381,2022-12-04T00:00:00Z,5,6,22,60,3,5,40,13,10,15,31
4,PHI,2022020382,2022-12-04T00:00:00Z,2,6,33,33.3,1,3,40.4,13,12,7,30
9,OTT,2022020383,2022-12-04T00:00:00Z,5,15,39,60,3,5,58.9,11,5,14,25
5,PIT,2022020384,2022-12-04T00:00:00Z,6,4,38,50,2,4,50.9,12,6,9,26
14,TBL,2022020385,2022-12-04T00:00:00Z,4,14,33,33.3,2,6,39.3,11,14,10,20
17,DET,2022020386,2022-12-04T00:00:00Z,1,2,25,33.3,1,3,53.8,16,1,11,19
3,NYR,2022020387,2022-12-04T00:30:00Z,2,25,28,25,1,4,53.7,15,4,9,31
23,VAN,2022020388,2022-12-04T03:00:00Z,3,6,32,25,2,8,59.3,7,5,5,25
55,SEA,2022020389,2022-12-04T03:00:00Z,1,10,36,0,0,2,50,13,10,12,25
20,CGY,2022020390,2022-12-04T03:00:00Z,5,8,36,0,0,3,44.3,10,7,11,22
26,LAK,2022020391,2022-12-04T03:30:00Z,2,6,33,25,1,4,56.9,7,3,3,24
52,WPG,2022020392,2022-12-04T20:00:00Z,5,6,40,25,1,4,52.6,17,6,13,18
25,DAL,2022020393,2022-12-04T20:00:00Z,5,13,35,0,0,4,48.1,11,6,10,13
29,CBJ,2022020394,2022-12-04T23:00:00Z,2,10,34,33.3,1,3,48.3,12,5,10,13
7,BUF,2022020395,2022-12-05T00:00:00Z,6,4,38,50,2,4,43.1,10,4,2,9
2,NYI,2022020396,2022-12-05T00:30:00Z,3,7,40,0,0,2,42.1,15,4,10,19
4,PHI,2022020397,2022-12-06T00:00:00Z,5,10,34,66.7,2,3,48.9,31,7,12,37
3,NYR,2022020398,2022-12-06T00:00:00Z,6,10,24,100,1,1,54.8,13,10,9,25
6,BOS,2022020399,2022-12-06T00:00:00Z,3,6,43,25,1,4,45.9,13,13,10,35
22,EDM,2022020400,2022-12-06T01:30:00Z,2,6,30,0,0,1,48.2,14,7,19,19
20,CGY,2022020401,2022-12-06T02:00:00Z,3,4,27,66.7,2,3,52.6,9,7,16,24
23,VAN,2022020402,2022-12-06T03:30:00Z,7,11,32,50,1,2,52.5,11,8,11,17
1,NJD,2022020403,2022-12-07T00:00:00Z,3,6,29,50,1,2,47.9,11,7,12,7
5,PIT,2022020404,2022-12-07T00:00:00Z,4,10,34,20,1,5,47.4,25,9,8,29
14,TBL,2022020405,2022-12-07T00:00:00Z,2,4,46,0,0,2,56,10,17,16,24
9,OTT,2022020406,2022-12-07T00:00:00Z,2,6,33,50,2,4,57.1,17,8,5,31
2,NYI,2022020407,2022-12-07T00:30:00Z,4,4,40,50,1,2,59,10,7,19,21
52,WPG,2022020408,2022-12-07T01:00:00Z,5,13,31,50,2,4,67.2,12,8,7,20
25,DAL,2022020409,2022-12-07T01:30:00Z,0,4,44,0,0,7,40.4,10,5,9,21
24,ANA,2022020410,2022-12-07T03:00:00Z,4,4,30,0,0,2,44.3,19,4,10,22
55,SEA,2022020411,2022-12-07T03:00:00Z,2,8,33,0,0,3,50,17,12,10,17
29,CBJ,2022020412,2022-12-08T00:30:00Z,4,22,24,0,0,2,59.6,14,7,5,25
4,PHI,2022020413,2022-12-08T00:00:00Z,1,18,30,33.3,1,3,46.4,22,3,4,33
20,CGY,2022020414,2022-12-08T01:00:00Z,5,8,27,33.3,2,6,56.7,13,8,16,13
21,COL,2022020415,2022-12-08T02:00:00Z,0,11,23,0,0,4,53.3,14,8,7,23
22,EDM,2022020416,2022-12-08T02:30:00Z,8,11,35,40,2,5,51,8,14,10,14
54,VGK,2022020417,2022-12-08T03:00:00Z,1,27,26,33.3,1,3,54.1,13,9,7,22
28,SJS,2022020418,2022-12-08T03:30:00Z,5,11,39,33.3,1,3,54.4,17,12,14,20
13,FLA,2022020419,2022-12-09T00:30:00Z,5,8,41,0,0,3,54.4,10,6,11,13
10,TOR,2022020420,2022-12-09T00:00:00Z,5,12,41,33.3,1,3,50,15,9,10,23
14,TBL,2022020421,2022-12-09T00:00:00Z,5,9,33,50,1,2,44.8,16,8,16,35
19,STL,2022020422,2022-12-09T01:00:00Z,2,2,31,0,0,2,53.2,14,11,6,20
25,DAL,2022020423,2022-12-09T01:30:00Z,4,6,32,0,0,2,53.3,24,9,9,21
29,CBJ,2022020424,2022-12-10T00:00:00Z,3,12,27,0,0,7,47.3,18,8,7,14
1,NJD,2022020425,2022-12-10T00:00:00Z,4,23,29,33.3,1,3,42.2,15,3,7,11
7,BUF,2022020426,2022-12-10T00:00:00Z,3,15,31,25,1,4,37.3,13,8,6,13
15,WSH,2022020427,2022-12-10T00:00:00Z,4,4,38,25,1,4,56.8,20,4,4,19
16,CHI,2022020428,2022-12-10T01:30:00Z,1,12,23,0,0,3,64.2,16,10,9,21
22,EDM,2022020429,2022-12-10T02:00:00Z,5,10,38,66.7,2,3,49.4,15,11,14,22
21,COL,2022020430,2022-12-10T02:00:00Z,1,2,42,0,0,1,51,14,9,11,23
53,ARI,2022020431,2022-12-10T02:30:00Z,4,12,16,0,0,4,37.7,14,3,17,39
54,VGK,2022020432,2022-12-10T03:00:00Z,2,0,34,0,0,2,60.6,14,10,6,23
24,ANA,2022020433,2022-12-10T03:00:00Z,1,15,24,0,0,3,48.4,9,5,5,13
18,NSH,2022020434,2022-12-10T18:30:00Z,2,17,29,0,0,4,46.4,17,9,7,33
25,DAL,2022020435,2022-12-10T19:00:00Z,3,4,33,25,1,4,55.2,11,5,12,13
14,TBL,2022020436,2022-12-10T21:30:00Z,4,10,38,0,0,4,47.4,19,16,11,24
5,PIT,2022020437,2022-12-11T00:00:00Z,3,6,31,33.3,1,3,54.9,17,9,8,43
10,TOR,2022020438,2022-12-11T00:00:00Z,5,8,34,50,3,6,50.8,11,8,13,29
8,MTL,2022020439,2022-12-11T00:00:00Z,2,8,22,0,0,3,39.3,11,2,13,24
2,NYI,2022020440,2022-12-11T00:30:00Z,0,4,16,0,0,3,42.5,31,3,12,26
23,VAN,2022020441,2022-12-11T03:00:00Z,0,9,35,0,0,3,49.1,13,2,8,24
19,STL,2022020442,2022-12-11T20:00:00Z,2,6,32,25,1,4,60,12,11,6,26
29,CBJ,2022020443,2022-12-11T23:00:00Z,6,4,26,66.7,2,3,52.3,16,10,5,26
13,FLA,2022020444,2022-12-11T23:00:00Z,2,25,25,0,0,3,65.6,13,8,16,26
53,ARI,2022020445,2022-12-12T00:00:00Z,5,11,29,100,1,1,53.3,18,0,8,28
52,WPG,2022020446,2022-12-12T00:00:00Z,2,14,31,0,0,3,48.1,13,9,9,15
54,VGK,2022020447,2022-12-12T01:00:00Z,1,4,31,25,1,4,46,21,11,3,26
8,MTL,2022020448,2022-12-13T00:00:00Z,1,19,38,0,0,7,50.6,19,9,15,25
5,PIT,2022020449,2022-12-13T00:00:00Z,2,4,25,33.3,1,3,46.6,22,10,11,35
3,NYR,2022020450,2022-12-13T00:00:00Z,4,6,23,50,1,2,41.5,13,10,18,32
9,OTT,2022020451,2022-12-13T00:30:00Z,3,8,38,50,2,4,58.7,21,8,10,23
30,MIN,2022020452,2022-12-13T01:00:00Z,2,10,30,33.3,1,3,39.2,13,5,2,15
19,STL,2022020453,2022-12-13T01:00:00Z,1,8,24,0,0,3,48.9,18,8,6,32
10,TOR,2022020454,2022-12-14T00:00:00Z,7,4,42,0,0,3,57.8,2,11,6,15
13,FLA,2022020455,2022-12-14T00:00:00Z,4,6,26,0,0,3,51.1,15,4,9,15
1,NJD,2022020456,2022-12-14T00:00:00Z,1,2,36,0,0,2,43.8,15,1,9,9
7,BUF,2022020457,2022-12-14T00:00:00Z,6,6,31,50,3,6,50,7,7,3,12
6,BOS,2022020458,2022-12-14T00:00:00Z,3,11,33,50,1,2,58.7,22,3,20,31
14,TBL,2022020459,2022-12-14T00:00:00Z,6,19,30,33.3,1,3,46.9,16,15,17,27
17,DET,2022020460,2022-12-14T00:00:00Z,0,4,27,0,0,3,50.8,15,4,12,16
18,NSH,2022020461,2022-12-14T01:00:00Z,3,4,32,0,0,5,51.7,11,7,11,31
52,WPG,2022020462,2022-12-14T01:00:00Z,5,6,34,50,1,2,50.8,17,14,9,33
16,CHI,2022020463,2022-12-14T02:00:00Z,3,2,29,33.3,1,3,61,21,10,7,25
21,COL,2022020464,2022-12-14T02:00:00Z,3,4,25,0,0,3,50,10,12,5,20
28,SJS,2022020465,2022-12-14T03:30:00Z,3,10,33,0,0,2,55.2,13,12,9,13
9,OTT,2022020466,2022-12-15T00:00:00Z,3,6,31,28.6,2,7,51,12,2,11,33
30,MIN,2022020467,2022-12-15T00:30:00Z,4,11,22,25,1,4,52.8,17,6,5,25
20,CGY,2022020468,2022-12-15T03:00:00Z,3,8,38,25,1,4,50,16,6,18,11
8,MTL,2022020469,2022-12-16T00:00:00Z,2,6,25,25,1,4,50.9,7,10,13,13
14,TBL,2022020470,2022-12-16T00:00:00Z,4,2,29,0,0,3,48.2,17,19,12,23
15,WSH,2022020471,2022-12-16T00:00:00Z,1,4,46,0,0,2,53.1,12,10,6,23
6,BOS,2022020472,2022-12-16T00:00:00Z,2,14,35,16.7,1,6,49.2,16,11,10,22
1,NJD,2022020473,2022-12-16T00:00:00Z,1,20,49,33.3,1,3,47.4,18,8,7,11
13,FLA,2022020474,2022-12-16T00:00:00Z,2,6,34,0,0,3,47.9,4,8,10,12
12,CAR,2022020475,2022-12-16T00:00:00Z,3,4,39,0,0,2,52.9,12,11,10,17
3,NYR,2022020476,2022-12-16T00:00:00Z,3,6,20,100,1,1,51,14,14,9,19
52,WPG,2022020477,2022-12-16T01:00:00Z,2,15,41,0,0,4,46.9,10,8,8,18
16,CHI,2022020478,2022-12-16T01:30:00Z,1,2,25,0,0,2,54.3,10,3,16,23
21,COL,2022020479,2022-12-16T02:00:00Z,2,4,41,0,0,2,69.6,4,9,5,24
22,EDM,2022020480,2022-12-16T02:00:00Z,3,8,27,40,2,5,47.4,14,20,19,14
30,MIN,2022020481,2022-12-17T01:00:00Z,4,12,22,50,1,2,39.3,12,6,5,20
20,CGY,2022020482,2022-12-17T02:00:00Z,2,4,43,0,0,3,47,8,14,17,14
53,ARI,2022020483,2022-12-17T02:30:00Z,5,12,29,0,0,5,48.4,17,2,10,35
6,BOS,2022020484,2022-12-17T18:00:00Z,4,12,39,66.7,2,3,70.4,12,9,7,19
17,DET,2022020485,2022-12-17T18:00:00Z,3,10,32,14.3,1,7,37.3,15,3,7,14
22,EDM,2022020486,2022-12-17T21:00:00Z,3,8,49,33.3,2,6,43.3,9,9,11,24
12,CAR,2022020487,2022-12-18T00:00:00Z,5,14,38,50,2,4,49.3,16,8,7,20
1,NJD,2022020488,2022-12-18T00:30:00Z,2,6,32,0,0,3,45.6,16,3,12,12
4,PHI,2022020489,2022-12-18T00:00:00Z,3,2,32,0,0,4,48.1,11,6,15,22
8,MTL,2022020490,2022-12-18T00:00:00Z,1,19,23,0,0,3,57.7,12,5,8,16
15,WSH,2022020491,2022-12-18T00:00:00Z,5,4,28,0,0,2,39.5,18,5,9,37
53,ARI,2022020492,2022-12-18T02:00:00Z,2,10,31,16.7,1,6,52.5,14,6,15,28
21,COL,2022020493,2022-12-18T02:00:00Z,3,4,30,33.3,1,3,46.2,18,11,7,17
54,VGK,2022020494,2022-12-18T03:00:00Z,2,4,38,66.7,2,3,59.3,13,10,13,14
23,VAN,2022020495,2022-12-18T03:00:00Z,1,4,23,33.3,1,3,58,5,6,6,38
26,LAK,2022020496,2022-12-18T03:30:00Z,2,6,41,25,1,4,49.2,17,2,5,26
30,MIN,2022020497,2022-12-18T19:00:00Z,4,6,23,0,0,3,49,19,6,6,16
12,CAR,2022020498,2022-12-18T22:00:00Z,3,10,29,0,0,3,53.7,10,20,14,18
16,CHI,2022020499,2022-12-19T00:30:00Z,1,2,30,0,0,1,60,7,8,12,24
55,SEA,2022020500,2022-12-19T01:00:00Z,3,8,34,0,0,2,58,12,10,9,22
