,team_id,team_code,game_num,date,goals,pim,shots,pp_perc,ppg,pp_opp,fo_win,blocked,takeaways,giveaways,hits,home_away
0,28,SJS,2022020501,2022-12-19T03:00:00Z,2,13,26,28.6,2.0,7.0,54.8,14,12,10,26,home
1,29,CBJ,2022020502,2022-12-20T00:00:00Z,1,0,28,0.0,0.0,1.0,37.3,26,6,10,33,home
2,15,WSH,2022020503,2022-12-20T00:00:00Z,4,8,42,0.0,0.0,3.0,55.3,17,11,8,17,home
3,6,BOS,2022020504,2022-12-20T00:00:00Z,7,8,26,50.0,2.0,4.0,56.5,15,7,7,9,home
4,18,NSH,2022020505,2022-12-20T01:00:00Z,4,6,35,50.0,1.0,2.0,53.8,15,11,7,20,home
5,21,COL,2022020506,2022-12-20T02:00:00Z,0,2,46,0.0,0.0,2.0,45.3,14,12,8,25,home
6,54,VGK,2022020507,2022-12-20T03:00:00Z,2,2,43,0.0,0.0,3.0,55.6,9,11,6,13,home
7,53,ARI,2022020508,2022-12-20T03:00:00Z,2,4,39,0.0,0.0,2.0,43.3,10,8,9,20,home
8,23,VAN,2022020509,2022-12-20T03:30:00Z,1,8,34,0.0,0.0,4.0,45.5,9,3,6,26,home
9,4,PHI,2022020510,2022-12-21T00:00:00Z,5,2,39,0.0,0.0,1.0,55.8,12,6,11,28,home
10,5,PIT,2022020511,2022-12-21T00:00:00Z,3,6,24,66.7,2.0,3.0,56.1,21,6,17,32,home
11,12,CAR,2022020512,2022-12-21T00:00:00Z,4,8,20,0.0,0.0,4.0,56.4,13,10,5,20,home
12,10,TOR,2022020513,2022-12-21T00:00:00Z,4,6,40,50.0,1.0,2.0,51.1,14,8,9,20,home
13,52,WPG,2022020514,2022-12-21T01:00:00Z,5,4,24,0.0,0.0,1.0,44.9,16,9,14,23,home
14,55,SEA,2022020515,2022-12-21T03:00:00Z,5,6,33,0.0,0.0,3.0,60.4,20,11,4,17,home
15,26,LAK,2022020516,2022-12-21T03:30:00Z,4,12,41,20.0,1.0,5.0,62.5,20,2,6,19,home
16,28,SJS,2022020517,2022-12-21T03:30:00Z,3,9,27,0.0,0.0,3.0,44.8,20,7,8,21,home
17,13,FLA,2022020518,2022-12-22T00:00:00Z,2,41,36,100.0,1.0,1.0,50.9,11,6,7,18,home
18,17,DET,2022020519,2022-12-22T00:00:00Z,7,14,31,0.0,0.0,2.0,37.7,18,5,5,18,home
19,21,COL,2022020520,2022-12-22T01:00:00Z,2,2,36,50.0,1.0,2.0,55.8,15,10,6,26,home
20,16,CHI,2022020521,2022-12-22T01:30:00Z,2,4,39,0.0,0.0,4.0,50.0,17,7,10,27,home
21,25,DAL,2022020522,2022-12-22T02:30:00Z,3,6,27,25.0,1.0,4.0,59.3,15,13,8,22,home
22,54,VGK,2022020523,2022-12-22T03:00:00Z,5,4,34,50.0,2.0,4.0,53.7,14,13,8,17,home
23,24,ANA,2022020524,2022-12-22T03:00:00Z,1,24,22,0.0,0.0,2.0,44.6,18,3,12,16,home
24,10,TOR,2022020525,2022-12-22T19:00:00Z,4,12,34,25.0,1.0,4.0,56.0,16,11,13,23,home
25,5,PIT,2022020526,2022-12-23T00:00:00Z,3,12,27,33.3,1.0,3.0,52.9,26,12,12,38,home
26,3,NYR,2022020527,2022-12-23T00:00:00Z,5,4,34,16.7,1.0,6.0,55.8,13,9,10,17,home
27,9,OTT,2022020528,2022-12-23T00:00:00Z,2,6,25,16.7,1.0,6.0,55.9,16,8,14,30,home
28,6,BOS,2022020529,2022-12-23T00:00:00Z,3,4,39,25.0,1.0,4.0,64.2,10,4,13,20,home
29,23,VAN,2022020530,2022-12-23T03:00:00Z,5,7,37,33.3,1.0,3.0,50.0,21,5,12,26,home
30,26,LAK,2022020531,2022-12-23T03:30:00Z,4,6,32,0.0,0.0,3.0,45.6,21,1,8,22,home
31,28,SJS,2022020532,2022-12-23T03:30:00Z,5,13,25,33.3,2.0,6.0,50.9,14,11,8,16,home
32,1,NJD,2022020533,2022-12-24T00:00:00Z,3,2,40,50.0,1.0,2.0,51.0,15,11,18,13,home
33,9,OTT,2022020534,2023-02-28T00:00:00Z,6,8,42,33.3,2.0,6.0,53.6,16,3,10,34,home
34,12,CAR,2022020535,2022-12-24T00:00:00Z,6,4,37,50.0,2.0,4.0,50.0,10,10,7,11,home
35,7,BUF,2022020536,2023-03-04T17:30:00Z,5,17,34,40.0,2.0,5.0,37.3,13,10,10,17,home
36,15,WSH,2022020537,2022-12-24T00:00:00Z,4,4,27,0.0,0.0,4.0,55.4,16,7,8,18,home
37,2,NYI,2022020538,2022-12-24T00:30:00Z,5,23,43,0.0,0.0,6.0,46.8,16,5,2,16,home
38,18,NSH,2022020539,2022-12-24T01:00:00Z,2,8,39,33.3,1.0,3.0,49.2,21,11,6,27,home
39,16,CHI,2022020540,2022-12-24T01:30:00Z,5,19,38,20.0,1.0,5.0,64.6,15,5,8,19,home
40,25,DAL,2022020541,2022-12-24T01:00:00Z,4,4,36,60.0,3.0,5.0,60.3,9,9,9,16,home
41,22,EDM,2022020542,2022-12-24T02:00:00Z,2,4,33,0.0,0.0,3.0,58.5,16,8,20,28,home
42,53,ARI,2022020543,2022-12-24T02:30:00Z,1,8,24,16.7,1.0,6.0,42.2,10,9,11,39,home
43,24,ANA,2022020544,2022-12-24T03:30:00Z,2,13,23,40.0,2.0,5.0,43.1,16,4,16,11,home
44,54,VGK,2022020545,2022-12-24T03:00:00Z,4,6,32,50.0,1.0,2.0,54.3,17,22,10,23,home
45,9,OTT,2022020546,2022-12-28T00:00:00Z,2,6,32,50.0,1.0,2.0,33.9,24,6,10,42,home
46,29,CBJ,2022020547,2023-04-14T23:30:00Z,2,2,31,0.0,0.0,1.0,42.0,15,5,7,15,home
47,12,CAR,2022020548,2022-12-28T00:00:00Z,3,6,49,0.0,0.0,3.0,44.2,15,7,7,14,home
48,3,NYR,2022020549,2022-12-28T00:00:00Z,0,6,32,0.0,0.0,5.0,44.4,5,11,14,18,home
49,2,NYI,2022020550,2022-12-28T00:30:00Z,5,2,42,0.0,0.0,3.0,51.9,15,6,16,20,home
50,18,NSH,2022020551,2022-12-28T01:00:00Z,2,12,28,0.0,0.0,3.0,55.8,21,5,14,36,home
51,52,WPG,2022020552,2022-12-28T01:00:00Z,1,4,32,0.0,0.0,2.0,59.7,9,8,4,33,home
52,19,STL,2022020553,2022-12-28T01:00:00Z,4,4,34,25.0,1.0,4.0,47.2,9,8,6,36,home
53,53,ARI,2022020554,2022-12-28T02:00:00Z,6,2,33,33.3,1.0,3.0,40.0,17,6,8,22,home
54,20,CGY,2022020555,2022-12-28T02:00:00Z,1,6,47,0.0,0.0,1.0,53.4,6,18,15,20,home
55,23,VAN,2022020556,2022-12-28T03:00:00Z,6,4,25,0.0,0.0,1.0,47.2,20,10,4,29,home
56,26,LAK,2022020557,2022-12-28T03:30:00Z,4,6,25,0.0,0.0,2.0,53.8,18,3,8,22,home
57,1,NJD,2022020558,2022-12-29T00:30:00Z,1,11,31,0.0,0.0,2.0,38.5,8,18,17,15,home
58,14,TBL,2022020559,2022-12-29T00:00:00Z,4,17,38,100.0,1.0,1.0,60.7,13,16,3,26,home
59,5,PIT,2022020560,2022-12-29T00:30:00Z,4,8,31,100.0,2.0,2.0,48.1,20,9,11,26,home
60,55,SEA,2022020561,2022-12-29T03:00:00Z,2,8,31,0.0,0.0,1.0,44.4,9,12,9,25,home
61,24,ANA,2022020562,2022-12-29T03:00:00Z,2,10,27,0.0,0.0,5.0,42.4,19,5,8,18,home
62,7,BUF,2022020563,2022-12-30T00:00:00Z,6,6,35,20.0,1.0,5.0,54.0,7,8,4,9,home
63,13,FLA,2022020564,2022-12-30T00:00:00Z,7,27,41,50.0,3.0,6.0,58.7,12,5,6,24,home
64,14,TBL,2022020565,2022-12-30T00:00:00Z,1,6,40,0.0,0.0,1.0,61.8,17,8,14,40,home
65,15,WSH,2022020566,2022-12-30T00:00:00Z,3,4,23,0.0,0.0,1.0,46.3,12,10,15,36,home
66,2,NYI,2022020567,2022-12-30T00:30:00Z,2,6,36,33.3,1.0,3.0,62.9,16,7,11,13,home
67,19,STL,2022020568,2022-12-30T01:00:00Z,3,4,29,0.0,0.0,3.0,48.8,13,10,8,22,home
68,30,MIN,2022020569,2022-12-30T01:00:00Z,1,18,24,0.0,0.0,2.0,28.1,18,8,5,21,home
69,52,WPG,2022020570,2022-12-30T01:00:00Z,4,6,39,50.0,2.0,4.0,48.1,13,4,13,18,home
70,21,COL,2022020571,2022-12-30T02:00:00Z,4,10,27,20.0,1.0,5.0,47.4,9,16,6,25,home
71,53,ARI,2022020572,2022-12-30T02:00:00Z,6,11,23,66.7,2.0,3.0,54.7,18,5,11,38,home
72,28,SJS,2022020573,2022-12-30T03:30:00Z,3,2,28,33.3,1.0,3.0,46.2,16,15,7,27,home
73,24,ANA,2022020574,2022-12-30T22:00:00Z,1,2,27,0.0,0.0,1.0,48.9,17,6,15,14,home
74,12,CAR,2022020575,2022-12-31T00:30:00Z,4,14,34,60.0,3.0,5.0,55.7,13,7,11,10,home
75,5,PIT,2022020576,2022-12-31T00:00:00Z,2,12,27,0.0,0.0,9.0,45.0,12,10,7,34,home
76,55,SEA,2022020577,2022-12-31T03:00:00Z,2,11,38,0.0,0.0,3.0,55.4,18,14,10,29,home
77,6,BOS,2022020578,2022-12-31T18:00:00Z,3,13,40,20.0,1.0,5.0,55.6,12,9,9,30,home
78,54,VGK,2022020579,2022-12-31T20:00:00Z,5,14,32,0.0,0.0,1.0,49.2,17,15,5,29,home
79,15,WSH,2022020580,2022-12-31T21:00:00Z,9,8,40,50.0,2.0,4.0,50.8,15,5,9,24,home
80,26,LAK,2022020581,2022-12-31T21:00:00Z,2,6,29,20.0,1.0,5.0,61.4,11,3,9,20,home
81,14,TBL,2022020582,2022-12-31T22:00:00Z,5,7,35,66.7,2.0,3.0,65.4,7,6,6,25,home
82,29,CBJ,2022020583,2022-12-31T18:00:00Z,4,10,38,33.3,1.0,3.0,40.6,5,5,4,20,home
83,17,DET,2022020584,2023-01-01T00:00:00Z,4,8,25,0.0,0.0,4.0,53.2,21,4,5,31,home
84,21,COL,2022020585,2023-01-01T00:00:00Z,2,8,28,0.0,0.0,3.0,41.2,10,8,5,24,home
85,25,DAL,2022020586,2023-01-01T01:00:00Z,5,8,31,66.7,2.0,3.0,50.0,17,4,6,32,home
86,20,CGY,2022020587,2023-01-01T03:00:00Z,3,8,30,0.0,0.0,2.0,58.3,10,8,14,15,home
87,22,EDM,2022020588,2023-01-01T03:00:00Z,1,6,32,0.0,0.0,5.0,44.7,7,14,15,36,home
88,19,STL,2022020589,2022-12-31T23:00:00Z,2,16,31,0.0,0.0,4.0,71.4,16,4,6,20,home
89,1,NJD,2022020590,2023-01-01T20:00:00Z,4,10,28,0.0,0.0,3.0,42.1,26,8,29,12,home
90,13,FLA,2022020591,2023-01-01T22:00:00Z,3,8,35,25.0,1.0,4.0,57.1,14,6,7,23,home
91,9,OTT,2022020592,2023-01-02T00:00:00Z,3,6,33,100.0,1.0,1.0,48.3,18,4,5,33,home
92,16,CHI,2022020593,2023-01-02T00:00:00Z,2,6,22,0.0,0.0,3.0,51.0,16,13,13,22,home
93,55,SEA,2022020594,2023-01-02T01:00:00Z,4,4,35,50.0,1.0,2.0,34.5,12,12,6,24,home
94,6,BOS,2022020595,2023-01-02T19:00:00Z,2,6,29,0.0,0.0,3.0,43.8,16,3,9,31,home
95,21,COL,2022020596,2023-01-03T02:00:00Z,2,9,29,0.0,0.0,5.0,45.1,7,7,13,29,home
96,24,ANA,2022020597,2023-01-03T03:00:00Z,1,4,29,0.0,0.0,5.0,46.8,10,2,11,20,home
97,13,FLA,2022020598,2023-01-04T00:00:00Z,5,6,37,50.0,1.0,2.0,58.2,13,6,20,29,home
98,15,WSH,2022020599,2023-01-04T00:00:00Z,4,6,32,0.0,0.0,1.0,69.4,15,4,12,39,home
99,3,NYR,2022020600,2023-01-04T00:00:00Z,5,8,31,60.0,3.0,5.0,52.8,13,6,18,17,home
100,9,OTT,2022020601,2023-01-04T00:00:00Z,4,6,34,33.3,2.0,6.0,52.5,17,15,12,21,home
101,10,TOR,2022020602,2023-01-04T00:00:00Z,5,4,25,33.3,1.0,3.0,62.3,16,12,8,19,home
102,52,WPG,2022020603,2023-01-04T01:00:00Z,3,6,25,0.0,0.0,4.0,45.6,16,9,12,17,home
103,18,NSH,2022020604,2023-01-04T01:00:00Z,6,10,34,50.0,2.0,4.0,57.1,13,14,15,30,home
104,16,CHI,2022020605,2023-01-04T01:30:00Z,1,10,26,20.0,1.0,5.0,55.7,14,19,8,18,home
105,22,EDM,2022020606,2023-01-04T02:00:00Z,2,6,32,33.3,1.0,3.0,61.3,9,9,10,31,home
106,23,VAN,2022020607,2023-01-04T03:00:00Z,2,4,26,33.3,1.0,3.0,59.2,3,6,13,22,home
107,26,LAK,2022020608,2023-01-04T03:00:00Z,3,6,35,33.3,1.0,3.0,56.9,17,1,7,29,home
108,17,DET,2022020609,2023-01-05T00:00:00Z,1,6,33,50.0,1.0,2.0,60.6,13,0,1,18,home
109,30,MIN,2022020610,2023-01-05T02:30:00Z,5,12,33,33.3,1.0,3.0,36.8,15,8,6,21,home
110,24,ANA,2022020611,2023-01-05T03:00:00Z,2,8,27,100.0,1.0,1.0,38.2,27,5,4,23,home
111,4,PHI,2022020612,2023-01-06T00:00:00Z,6,2,34,66.7,2.0,3.0,55.3,15,9,8,21,home
112,8,MTL,2022020613,2023-01-06T00:00:00Z,1,6,18,0.0,0.0,2.0,49.0,17,8,11,21,home
113,12,CAR,2022020614,2023-01-06T00:00:00Z,3,8,67,25.0,1.0,4.0,59.4,15,12,12,18,home
114,10,TOR,2022020615,2023-01-06T00:00:00Z,1,4,27,20.0,1.0,5.0,57.1,13,12,13,27,home
115,1,NJD,2022020616,2023-01-06T00:00:00Z,3,4,39,25.0,1.0,4.0,63.6,9,8,13,8,home
116,29,CBJ,2022020617,2023-01-06T00:00:00Z,2,6,27,0.0,0.0,1.0,34.7,18,1,6,14,home
117,22,EDM,2022020618,2023-01-06T02:00:00Z,4,6,38,25.0,1.0,4.0,47.1,13,8,12,25,home
118,23,VAN,2022020619,2023-01-06T03:00:00Z,4,10,43,14.3,1.0,7.0,57.6,24,3,9,29,home
119,54,VGK,2022020620,2023-01-06T03:00:00Z,5,6,31,100.0,1.0,1.0,51.6,23,13,6,24,home
120,26,LAK,2022020621,2023-01-06T03:30:00Z,2,7,29,0.0,0.0,1.0,55.1,15,7,6,24,home
121,15,WSH,2022020622,2023-01-07T00:00:00Z,2,4,32,0.0,0.0,3.0,40.0,17,10,10,32,home
122,17,DET,2022020623,2023-01-07T00:00:00Z,2,4,31,0.0,0.0,5.0,64.8,7,1,7,20,home
123,52,WPG,2022020624,2023-01-07T01:00:00Z,4,17,20,33.3,2.0,6.0,42.9,17,9,4,31,home
124,16,CHI,2022020625,2023-01-07T01:30:00Z,2,2,32,0.0,0.0,2.0,70.0,12,12,4,21,home
125,20,CGY,2022020626,2023-01-07T02:00:00Z,4,2,21,0.0,0.0,2.0,42.0,8,6,15,19,home
126,24,ANA,2022020627,2023-01-07T03:00:00Z,5,9,29,0.0,0.0,4.0,62.5,9,7,8,18,home
127,1,NJD,2022020628,2023-01-07T18:00:00Z,4,4,43,25.0,1.0,4.0,45.6,13,3,4,21,home
128,29,CBJ,2022020629,2023-01-07T21:00:00Z,3,14,18,40.0,2.0,5.0,40.4,12,1,0,27,home
129,10,TOR,2022020630,2023-01-08T00:00:00Z,4,8,29,20.0,1.0,5.0,51.9,9,8,15,21,home
130,7,BUF,2022020631,2023-01-08T00:00:00Z,6,8,37,66.7,2.0,3.0,48.3,4,5,2,7,home
131,9,OTT,2022020632,2023-01-08T00:00:00Z,4,2,23,33.3,1.0,3.0,59.0,11,7,13,46,home
132,8,MTL,2022020633,2023-01-08T00:00:00Z,5,6,27,25.0,1.0,4.0,44.4,13,3,16,21,home
133,22,EDM,2022020634,2023-01-08T03:00:00Z,2,10,30,40.0,2.0,5.0,54.5,16,7,10,24,home
134,54,VGK,2022020635,2023-01-08T03:00:00Z,1,2,20,0.0,0.0,3.0,39.6,10,15,8,44,home
135,28,SJS,2022020636,2023-01-08T03:30:00Z,2,6,30,0.0,0.0,4.0,42.9,15,11,10,27,home
136,25,DAL,2022020637,2023-01-08T20:30:00Z,5,8,34,50.0,1.0,2.0,51.5,17,7,12,18,home
137,52,WPG,2022020638,2023-01-08T20:00:00Z,7,6,27,0.0,0.0,0.0,49.1,8,6,14,23,home
138,15,WSH,2022020639,2023-01-08T22:00:00Z,1,9,19,0.0,0.0,2.0,62.5,26,7,8,29,home
139,16,CHI,2022020640,2023-01-09T00:00:00Z,4,13,25,0.0,0.0,1.0,46.2,23,9,15,22,home
140,53,ARI,2022020641,2023-01-09T00:00:00Z,1,12,24,0.0,0.0,2.0,50.0,17,4,11,31,home
141,30,MIN,2022020642,2023-01-09T00:00:00Z,0,8,35,0.0,0.0,3.0,51.1,9,7,8,23,home
142,4,PHI,2022020643,2023-01-09T00:00:00Z,2,6,36,0.0,0.0,4.0,44.4,13,6,8,41,home
143,24,ANA,2022020644,2023-01-09T01:30:00Z,1,6,29,0.0,0.0,2.0,46.4,9,7,10,21,home
144,9,OTT,2022020645,2023-01-10T00:30:00Z,0,17,38,0.0,0.0,5.0,57.4,7,8,15,21,home
145,8,MTL,2022020646,2023-01-10T00:30:00Z,0,27,21,0.0,0.0,2.0,45.7,17,0,21,25,home
146,26,LAK,2022020647,2023-01-10T03:30:00Z,6,29,38,57.1,4.0,7.0,57.4,22,2,7,26,home
147,14,TBL,2022020648,2023-01-11T00:00:00Z,6,4,46,75.0,3.0,4.0,66.7,16,9,10,25,home
148,3,NYR,2022020649,2023-01-11T00:00:00Z,3,4,43,0.0,0.0,3.0,56.5,6,7,10,19,home
149,12,CAR,2022020650,2023-01-11T00:00:00Z,3,8,28,0.0,0.0,3.0,54.8,10,14,7,22,home
150,7,BUF,2022020651,2023-01-11T00:00:00Z,3,4,35,25.0,1.0,4.0,44.6,4,4,4,16,home
151,5,PIT,2022020652,2023-01-11T00:00:00Z,5,10,36,40.0,2.0,5.0,63.0,9,12,9,25,home
152,2,NYI,2022020653,2023-01-11T00:30:00Z,1,2,28,33.3,1.0,3.0,51.8,17,10,13,26,home
153,17,DET,2022020654,2023-01-11T00:00:00Z,7,6,23,33.3,1.0,3.0,47.7,23,8,8,23,home
154,19,STL,2022020655,2023-01-11T01:00:00Z,4,4,27,50.0,1.0,2.0,45.3,11,5,11,22,home
155,21,COL,2022020656,2023-01-11T02:30:00Z,4,13,31,0.0,0.0,3.0,44.8,13,4,12,22,home
156,53,ARI,2022020657,2023-01-11T02:00:00Z,2,9,29,0.0,0.0,4.0,48.3,16,9,13,31,home
157,10,TOR,2022020658,2023-01-12T00:30:00Z,2,4,35,20.0,1.0,5.0,53.7,14,13,9,25,home
158,4,PHI,2022020659,2023-01-12T00:00:00Z,5,2,36,33.3,2.0,6.0,55.6,16,5,4,29,home
159,24,ANA,2022020660,2023-01-12T03:00:00Z,2,6,23,0.0,0.0,3.0,46.0,16,6,5,23,home
160,26,LAK,2022020661,2023-01-12T03:00:00Z,4,4,37,0.0,0.0,2.0,47.4,25,2,7,28,home
161,29,CBJ,2022020662,2023-01-13T00:00:00Z,2,10,23,0.0,0.0,3.0,43.8,20,5,8,20,home
162,3,NYR,2022020663,2023-01-13T00:00:00Z,2,2,31,0.0,0.0,4.0,57.1,17,8,18,14,home
163,8,MTL,2022020664,2023-01-13T00:00:00Z,4,15,35,66.7,2.0,3.0,54.9,26,5,17,23,home
164,6,BOS,2022020665,2023-01-13T00:00:00Z,0,6,27,0.0,0.0,1.0,73.2,11,8,10,30,home
165,17,DET,2022020666,2023-01-13T00:00:00Z,4,6,23,40.0,2.0,5.0,54.2,11,6,6,15,home
166,14,TBL,2022020667,2023-01-13T00:00:00Z,5,23,35,66.7,2.0,3.0,48.6,13,7,5,25,home
167,7,BUF,2022020668,2023-01-13T00:00:00Z,2,6,41,0.0,0.0,5.0,48.4,9,4,2,9,home
168,2,NYI,2022020669,2023-01-13T00:30:00Z,1,12,20,0.0,0.0,3.0,40.7,17,4,23,19,home
169,19,STL,2022020670,2023-01-13T01:00:00Z,1,2,26,0.0,0.0,3.0,50.0,14,13,9,25,home
170,16,CHI,2022020671,2023-01-13T01:30:00Z,3,10,30,0.0,0.0,3.0,55.4,18,8,7,31,home
171,53,ARI,2022020672,2023-01-13T02:00:00Z,3,31,29,50.0,1.0,2.0,54.2,13,4,14,38,home
172,54,VGK,2022020673,2023-01-13T03:00:00Z,4,15,33,100.0,1.0,1.0,57.6,25,14,6,36,home
173,5,PIT,2022020674,2023-01-14T00:00:00Z,1,9,23,0.0,0.0,2.0,54.2,15,3,4,38,home
174,24,ANA,2022020675,2023-01-14T03:00:00Z,2,11,33,25.0,1.0,4.0,42.3,7,6,12,21,home
175,28,SJS,2022020676,2023-01-14T03:30:00Z,1,8,26,0.0,0.0,4.0,65.1,11,6,11,29,home
176,25,DAL,2022020677,2023-01-14T19:00:00Z,5,10,33,0.0,0.0,2.0,49.2,17,7,14,29,home
177,17,DET,2022020678,2023-01-15T00:00:00Z,3,2,28,0.0,0.0,2.0,46.9,8,6,9,23,home
178,2,NYI,2022020679,2023-01-15T00:00:00Z,2,4,38,0.0,0.0,2.0,50.9,14,8,13,25,home
179,21,COL,2022020680,2023-01-15T00:00:00Z,7,13,33,50.0,1.0,2.0,41.9,16,12,8,20,home
180,15,WSH,2022020681,2023-01-15T00:00:00Z,1,10,40,0.0,0.0,3.0,54.9,13,4,12,32,home
181,12,CAR,2022020682,2023-01-15T00:00:00Z,2,12,36,0.0,0.0,2.0,56.1,15,8,8,24,home
182,6,BOS,2022020683,2023-01-15T00:00:00Z,4,21,34,0.0,0.0,2.0,50.9,24,5,5,26,home
183,13,FLA,2022020684,2023-01-15T00:00:00Z,4,12,35,66.7,2.0,3.0,50.0,11,7,10,18,home
184,30,MIN,2022020685,2023-01-15T01:00:00Z,2,2,27,50.0,1.0,2.0,57.4,16,8,7,25,home
185,18,NSH,2022020686,2023-01-15T01:00:00Z,3,8,41,33.3,1.0,3.0,54.0,10,5,8,36,home
186,16,CHI,2022020687,2023-01-15T01:00:00Z,5,4,27,100.0,2.0,2.0,48.4,10,15,11,26,home
187,19,STL,2022020688,2023-01-15T01:00:00Z,2,4,25,0.0,0.0,3.0,41.8,19,13,5,20,home
188,54,VGK,2022020689,2023-01-15T03:00:00Z,3,2,30,0.0,0.0,2.0,46.9,12,17,5,36,home
189,26,LAK,2022020690,2023-01-15T03:30:00Z,2,6,37,50.0,2.0,4.0,52.2,19,2,8,21,home
190,3,NYR,2022020691,2023-01-15T22:00:00Z,1,4,39,0.0,0.0,2.0,54.8,8,9,12,24,home
191,12,CAR,2022020692,2023-01-15T22:00:00Z,3,2,32,0.0,0.0,2.0,54.0,11,8,17,16,home
192,52,WPG,2022020693,2023-01-16T00:00:00Z,2,6,24,50.0,1.0,2.0,63.0,9,6,9,14,home
193,7,BUF,2022020694,2023-01-16T18:00:00Z,1,8,29,0.0,0.0,3.0,46.0,14,10,10,13,home
194,6,BOS,2022020695,2023-01-16T18:00:00Z,6,28,29,50.0,1.0,2.0,63.3,16,2,19,12,home
195,21,COL,2022020696,2023-01-16T20:00:00Z,6,6,27,50.0,2.0,4.0,37.7,10,10,7,20,home
196,28,SJS,2022020697,2023-01-16T21:00:00Z,3,4,32,33.3,1.0,3.0,54.7,23,23,10,29,home
197,55,SEA,2022020698,2023-01-16T21:00:00Z,1,4,23,0.0,0.0,3.0,39.5,14,18,8,16,home
198,54,VGK,2022020699,2023-01-16T23:00:00Z,0,4,27,0.0,0.0,2.0,44.6,18,9,7,39,home
199,5,PIT,2022020700,2023-01-17T00:00:00Z,4,8,45,0.0,0.0,4.0,56.9,13,8,12,32,home
200,29,CBJ,2022020701,2023-01-17T00:00:00Z,1,10,25,0.0,0.0,4.0,50.9,21,7,5,21,home
201,2,NYI,2022020702,2023-01-17T00:30:00Z,3,4,30,0.0,0.0,1.0,43.1,18,5,12,38,home
202,18,NSH,2022020703,2023-01-17T01:00:00Z,2,8,29,0.0,0.0,3.0,60.3,14,9,10,30,home
203,19,STL,2022020704,2023-01-17T01:00:00Z,2,7,20,0.0,0.0,2.0,68.5,9,14,9,23,home
204,4,PHI,2022020705,2023-01-18T00:00:00Z,5,11,39,20.0,1.0,5.0,46.2,10,12,10,25,home
205,10,TOR,2022020706,2023-01-18T00:00:00Z,5,12,37,28.6,2.0,7.0,58.3,15,6,19,16,home
206,15,WSH,2022020707,2023-01-18T00:00:00Z,2,6,36,0.0,0.0,3.0,49.1,18,11,6,31,home
207,8,MTL,2022020708,2023-01-18T00:00:00Z,4,9,28,0.0,0.0,3.0,47.1,18,8,19,25,home
208,16,CHI,2022020709,2023-01-18T01:30:00Z,4,4,26,0.0,0.0,1.0,58.1,12,13,12,28,home
209,53,ARI,2022020710,2023-01-18T02:00:00Z,3,6,23,0.0,0.0,2.0,55.6,17,6,14,31,home
210,22,EDM,2022020711,2023-01-18T02:00:00Z,5,8,33,0.0,0.0,3.0,50.0,14,11,11,36,home
211,9,OTT,2022020712,2023-01-19T00:00:00Z,5,10,40,44.4,4.0,9.0,48.3,8,9,18,23,home
212,2,NYI,2022020713,2023-01-19T00:30:00Z,1,8,26,0.0,0.0,6.0,37.3,10,6,13,21,home
213,20,CGY,2022020714,2023-01-19T02:30:00Z,1,16,35,50.0,1.0,2.0,56.4,8,9,10,19,home
214,23,VAN,2022020715,2023-01-19T03:00:00Z,2,2,39,50.0,2.0,4.0,50.9,5,6,7,22,home
215,28,SJS,2022020716,2023-01-19T03:00:00Z,5,6,28,33.3,1.0,3.0,50.0,9,11,5,23,home
216,29,CBJ,2022020717,2023-01-20T00:00:00Z,3,11,33,0.0,0.0,1.0,47.3,11,6,3,20,home
217,3,NYR,2022020718,2023-01-20T00:00:00Z,1,8,32,0.0,0.0,3.0,49.1,11,15,11,22,home
218,4,PHI,2022020719,2023-01-20T00:00:00Z,1,0,38,0.0,0.0,2.0,50.0,16,7,10,22,home
219,8,MTL,2022020720,2023-01-20T00:00:00Z,2,53,25,0.0,0.0,5.0,56.0,14,2,18,25,home
220,12,CAR,2022020721,2023-01-20T00:00:00Z,5,21,29,28.6,2.0,7.0,50.8,15,4,14,9,home
221,7,BUF,2022020722,2023-01-20T00:30:00Z,3,2,45,0.0,0.0,3.0,44.1,10,7,10,9,home
222,10,TOR,2022020723,2023-01-20T00:00:00Z,4,8,27,0.0,0.0,1.0,41.1,16,14,7,24,home
223,19,STL,2022020724,2023-01-20T01:00:00Z,5,13,33,20.0,1.0,5.0,71.4,10,13,7,20,home
224,22,EDM,2022020725,2023-01-20T02:00:00Z,5,20,34,25.0,1.0,4.0,45.0,10,11,5,23,home
225,53,ARI,2022020726,2023-01-20T02:00:00Z,0,8,26,0.0,0.0,3.0,47.2,17,5,15,19,home
226,54,VGK,2022020727,2023-01-20T03:00:00Z,2,2,35,0.0,0.0,0.0,59.3,12,6,5,28,home
227,55,SEA,2022020728,2023-01-20T03:00:00Z,4,6,40,0.0,0.0,1.0,49.2,15,12,8,21,home
228,26,LAK,2022020729,2023-01-20T03:30:00Z,0,8,34,0.0,0.0,4.0,57.7,15,5,7,27,home
229,5,PIT,2022020730,2023-01-21T00:00:00Z,4,18,44,50.0,1.0,2.0,65.6,18,5,11,29,home
230,23,VAN,2022020731,2023-01-21T03:00:00Z,1,8,29,0.0,0.0,4.0,52.6,11,4,8,24,home
231,7,BUF,2022020732,2023-01-21T17:30:00Z,6,7,39,50.0,1.0,2.0,49.1,11,10,7,13,home
232,20,CGY,2022020733,2023-01-21T20:00:00Z,6,21,41,25.0,1.0,4.0,35.5,15,11,10,22,home
233,13,FLA,2022020734,2023-01-21T23:00:00Z,5,19,27,50.0,1.0,2.0,49.1,13,4,9,27,home
234,17,DET,2022020735,2023-01-22T00:00:00Z,1,6,31,0.0,0.0,2.0,59.3,13,2,7,19,home
235,29,CBJ,2022020736,2023-01-22T00:00:00Z,5,7,29,50.0,1.0,2.0,52.6,4,9,4,24,home
236,8,MTL,2022020737,2023-01-22T00:00:00Z,3,6,31,0.0,0.0,4.0,36.7,23,7,21,31,home
237,9,OTT,2022020738,2023-01-22T00:00:00Z,1,53,26,0.0,0.0,4.0,51.9,13,4,10,28,home
238,2,NYI,2022020739,2023-01-22T00:30:00Z,2,10,31,0.0,0.0,2.0,51.7,20,9,18,24,home
239,25,DAL,2022020740,2023-01-22T01:00:00Z,4,6,39,25.0,1.0,4.0,61.2,9,11,8,21,home
240,19,STL,2022020741,2023-01-22T01:00:00Z,3,11,32,25.0,1.0,4.0,52.0,11,13,12,17,home
241,18,NSH,2022020742,2023-01-22T01:00:00Z,5,15,28,100.0,1.0,1.0,54.9,16,6,10,43,home
242,55,SEA,2022020743,2023-01-22T03:00:00Z,1,4,27,0.0,0.0,2.0,53.2,20,13,4,26,home
243,23,VAN,2022020744,2023-01-22T03:00:00Z,2,4,29,0.0,0.0,2.0,45.3,7,5,6,22,home
244,54,VGK,2022020745,2023-01-22T03:00:00Z,6,8,27,0.0,0.0,1.0,57.1,17,15,3,28,home
245,1,NJD,2022020746,2023-01-22T19:00:00Z,2,4,25,50.0,1.0,2.0,52.0,13,1,5,8,home
246,16,CHI,2022020747,2023-01-23T00:00:00Z,1,2,19,0.0,0.0,2.0,60.5,7,15,13,27,home
247,6,BOS,2022020748,2023-01-23T00:00:00Z,4,11,22,25.0,1.0,4.0,46.4,8,12,5,25,home
248,4,PHI,2022020749,2023-01-23T00:00:00Z,3,10,31,50.0,2.0,4.0,50.0,14,7,9,28,home
249,53,ARI,2022020750,2023-01-23T01:00:00Z,4,8,23,0.0,0.0,1.0,37.5,18,9,18,31,home
250,3,NYR,2022020751,2023-01-24T00:00:00Z,6,4,26,100.0,1.0,1.0,50.7,21,10,14,22,home
251,10,TOR,2022020752,2023-01-24T00:00:00Z,5,6,39,50.0,1.0,2.0,45.3,25,10,12,30,home
252,25,DAL,2022020753,2023-01-24T01:30:00Z,2,6,31,100.0,1.0,1.0,62.0,15,8,10,26,home
253,20,CGY,2022020754,2023-01-24T02:30:00Z,4,15,49,0.0,0.0,2.0,57.7,12,12,8,17,home
254,8,MTL,2022020755,2023-01-25T00:00:00Z,2,8,22,33.3,1.0,3.0,55.0,17,4,22,14,home
255,5,PIT,2022020756,2023-01-25T00:00:00Z,7,6,49,60.0,3.0,5.0,58.7,14,9,16,27,home
256,4,PHI,2022020757,2023-01-25T00:00:00Z,3,24,31,0.0,0.0,3.0,33.9,16,4,6,30,home
257,14,TBL,2022020758,2023-01-25T00:00:00Z,4,23,39,20.0,1.0,5.0,54.4,14,18,5,26,home
258,1,NJD,2022020759,2023-01-25T00:30:00Z,3,11,36,100.0,1.0,1.0,64.8,18,16,13,17,home
259,17,DET,2022020760,2023-01-25T00:00:00Z,3,4,35,0.0,0.0,2.0,55.9,23,3,8,19,home
260,19,STL,2022020761,2023-01-25T01:00:00Z,3,6,28,0.0,0.0,2.0,57.4,7,9,5,18,home
261,18,NSH,2022020762,2023-01-25T01:00:00Z,2,13,41,0.0,0.0,2.0,50.0,14,9,13,29,home
262,53,ARI,2022020763,2023-01-25T02:00:00Z,2,27,39,25.0,1.0,4.0,50.8,11,4,5,18,home
263,21,COL,2022020764,2023-01-25T02:00:00Z,3,4,26,0.0,0.0,0.0,52.5,16,10,7,18,home
264,23,VAN,2022020765,2023-01-25T03:00:00Z,5,16,48,0.0,0.0,5.0,47.8,8,4,5,23,home
265,9,OTT,2022020766,2023-01-26T00:00:00Z,2,11,38,33.3,1.0,3.0,44.6,11,11,9,17,home
266,10,TOR,2022020767,2023-01-26T00:00:00Z,3,4,35,0.0,0.0,3.0,50.0,10,9,8,14,home
267,25,DAL,2022020768,2023-01-26T01:30:00Z,2,9,21,0.0,0.0,2.0,41.3,18,6,16,31,home
268,22,EDM,2022020769,2023-01-26T02:30:00Z,2,4,36,100.0,1.0,1.0,56.6,20,10,27,19,home
269,55,SEA,2022020770,2023-01-26T03:00:00Z,6,17,35,66.7,2.0,3.0,55.6,15,13,6,8,home
270,14,TBL,2022020771,2023-01-27T00:00:00Z,3,13,35,33.3,1.0,3.0,54.0,9,14,8,30,home
271,8,MTL,2022020772,2023-01-27T00:00:00Z,3,9,23,0.0,0.0,2.0,52.6,26,6,13,28,home
272,15,WSH,2022020773,2023-01-27T00:00:00Z,2,6,45,33.3,1.0,3.0,46.2,18,10,12,19,home
273,52,WPG,2022020774,2023-01-27T01:00:00Z,2,4,21,33.3,1.0,3.0,44.2,12,9,14,19,home
274,18,NSH,2022020775,2023-01-27T01:00:00Z,6,4,41,50.0,1.0,2.0,41.5,17,7,14,29,home
275,21,COL,2022020776,2023-01-27T02:00:00Z,3,4,44,50.0,1.0,2.0,54.8,12,6,10,14,home
276,20,CGY,2022020777,2023-01-27T02:00:00Z,1,2,35,0.0,0.0,3.0,43.9,6,6,11,12,home
277,30,MIN,2022020778,2023-01-27T01:00:00Z,3,28,23,33.3,1.0,3.0,55.8,16,14,9,19,home
278,53,ARI,2022020779,2023-01-27T02:00:00Z,5,11,25,50.0,1.0,2.0,43.4,17,7,5,27,home
279,2,NYI,2022020780,2023-01-28T00:00:00Z,2,10,29,0.0,0.0,4.0,48.0,10,3,9,27,home
280,13,FLA,2022020781,2023-01-28T00:00:00Z,3,8,48,0.0,0.0,5.0,51.7,13,0,8,14,home
281,10,TOR,2022020782,2023-01-28T00:00:00Z,2,12,33,33.3,1.0,3.0,40.0,7,8,17,22,home
282,12,CAR,2022020783,2023-01-28T00:00:00Z,5,4,36,50.0,1.0,2.0,52.2,12,12,10,14,home
283,3,NYR,2022020784,2023-01-28T00:00:00Z,4,9,40,0.0,0.0,2.0,44.6,9,11,9,29,home
284,25,DAL,2022020785,2023-01-28T01:30:00Z,2,6,35,25.0,1.0,4.0,61.9,12,9,9,11,home
285,55,SEA,2022020786,2023-01-28T03:00:00Z,2,6,30,0.0,0.0,5.0,38.7,15,4,7,18,home
286,23,VAN,2022020787,2023-01-28T03:00:00Z,5,8,34,50.0,2.0,4.0,59.3,10,2,4,28,home
287,21,COL,2022020788,2023-01-28T20:00:00Z,4,10,31,0.0,0.0,2.0,54.2,15,7,3,13,home
288,13,FLA,2022020789,2023-01-28T23:00:00Z,4,10,37,0.0,0.0,1.0,50.0,16,9,10,24,home
289,14,TBL,2022020790,2023-01-29T00:00:00Z,5,14,25,0.0,0.0,2.0,58.6,10,12,4,26,home
290,9,OTT,2022020791,2023-01-29T00:00:00Z,5,6,36,33.3,1.0,3.0,48.9,20,6,7,25,home
291,52,WPG,2022020792,2023-01-29T00:00:00Z,0,6,40,0.0,0.0,3.0,53.4,15,7,11,25,home
292,5,PIT,2022020793,2023-01-29T00:00:00Z,4,9,41,50.0,2.0,4.0,50.8,19,13,11,35,home
293,2,NYI,2022020794,2023-01-29T00:30:00Z,2,4,38,0.0,0.0,1.0,55.9,16,7,8,23,home
294,30,MIN,2022020795,2023-01-29T02:00:00Z,2,2,35,25.0,1.0,4.0,52.6,15,10,6,24,home
295,24,ANA,2022020796,2023-01-29T03:30:00Z,2,20,45,0.0,0.0,4.0,44.3,12,7,7,8,home
296,22,EDM,2022020797,2023-01-29T03:00:00Z,7,11,43,66.7,2.0,3.0,57.4,17,8,11,21,home
297,55,SEA,2022020798,2023-01-29T03:00:00Z,3,4,31,0.0,0.0,2.0,45.2,14,12,5,15,home
298,12,CAR,2022020799,2023-01-29T22:00:00Z,4,14,36,25.0,1.0,4.0,42.4,7,17,12,15,home
299,10,TOR,2022020800,2023-01-29T22:00:00Z,5,10,27,50.0,1.0,2.0,50.0,14,12,10,28,home
300,52,WPG,2022020801,2023-01-31T01:00:00Z,4,4,39,0.0,0.0,6.0,49.2,12,8,10,22,home
301,12,CAR,2022020802,2023-02-01T00:00:00Z,5,4,30,100.0,2.0,2.0,56.9,7,17,18,21,home
302,8,MTL,2022020803,2023-02-01T00:00:00Z,4,6,32,40.0,2.0,5.0,58.9,15,4,17,14,home
303,29,CBJ,2022020804,2023-02-01T00:00:00Z,3,8,34,0.0,0.0,1.0,45.9,18,12,8,37,home
304,7,BUF,2022020805,2023-02-02T00:30:00Z,1,4,30,0.0,0.0,4.0,38.5,16,8,6,8,home
305,10,TOR,2022020806,2023-02-02T00:30:00Z,2,9,35,50.0,1.0,2.0,51.0,10,13,19,26,home
306,4,PHI,2022020807,2023-02-07T00:00:00Z,1,6,26,0.0,0.0,2.0,45.2,17,6,11,32,home
307,13,FLA,2022020808,2023-02-07T00:00:00Z,7,16,49,50.0,1.0,2.0,46.8,14,5,5,19,home
308,3,NYR,2022020809,2023-02-07T00:30:00Z,5,21,33,33.3,1.0,3.0,43.3,17,13,16,25,home
309,1,NJD,2022020810,2023-02-07T00:30:00Z,5,2,34,25.0,1.0,4.0,56.7,18,7,11,15,home
310,25,DAL,2022020811,2023-02-07T01:30:00Z,2,8,41,0.0,0.0,5.0,65.5,10,6,14,13,home
311,53,ARI,2022020812,2023-02-07T02:00:00Z,3,8,36,16.7,1.0,6.0,53.6,15,4,3,21,home
312,5,PIT,2022020813,2023-02-08T00:00:00Z,2,8,38,0.0,0.0,1.0,49.1,15,14,12,38,home
313,14,TBL,2022020814,2023-02-08T00:00:00Z,3,11,37,16.7,1.0,6.0,51.5,7,18,10,20,home
314,17,DET,2022020815,2023-02-08T00:30:00Z,2,14,32,0.0,0.0,5.0,50.9,9,1,7,16,home
315,2,NYI,2022020816,2023-02-08T00:30:00Z,4,2,28,0.0,0.0,1.0,58.8,17,6,14,25,home
316,18,NSH,2022020817,2023-02-08T01:00:00Z,1,6,17,0.0,0.0,2.0,49.0,16,3,15,24,home
317,16,CHI,2022020818,2023-02-08T01:30:00Z,2,4,29,0.0,0.0,2.0,59.6,9,16,8,21,home
318,3,NYR,2022020819,2023-02-09T01:00:00Z,4,2,21,0.0,0.0,3.0,50.0,11,9,20,25,home
319,25,DAL,2022020820,2023-02-09T01:30:00Z,4,6,37,0.0,0.0,1.0,60.0,18,8,11,14,home
320,14,TBL,2022020821,2023-02-10T00:00:00Z,5,14,32,66.7,2.0,3.0,69.4,17,13,7,30,home
321,4,PHI,2022020822,2023-02-10T00:00:00Z,1,0,36,0.0,0.0,3.0,51.9,11,9,10,23,home
322,13,FLA,2022020823,2023-02-10T00:00:00Z,4,11,42,0.0,0.0,1.0,48.4,12,15,6,28,home
323,1,NJD,2022020824,2023-02-10T00:00:00Z,3,6,27,50.0,2.0,4.0,60.3,27,10,14,22,home
324,17,DET,2022020825,2023-02-10T00:00:00Z,2,6,17,20.0,1.0,5.0,48.9,17,8,5,20,home
325,2,NYI,2022020826,2023-02-10T00:30:00Z,5,8,29,66.7,2.0,3.0,53.1,9,6,23,26,home
326,30,MIN,2022020827,2023-02-10T01:00:00Z,1,6,28,50.0,1.0,2.0,48.5,13,8,6,37,home
327,3,NYR,2022020828,2023-02-11T00:00:00Z,6,10,28,66.7,2.0,3.0,59.6,22,14,9,30,home
328,29,CBJ,2022020829,2023-02-11T00:00:00Z,0,18,30,0.0,0.0,3.0,58.9,18,6,4,16,home
329,16,CHI,2022020830,2023-02-11T01:30:00Z,4,4,44,0.0,0.0,2.0,53.8,12,13,5,27,home
330,24,ANA,2022020831,2023-02-11T03:00:00Z,3,10,31,50.0,1.0,2.0,45.5,16,3,6,11,home
331,17,DET,2022020832,2023-02-11T17:00:00Z,5,6,25,33.3,2.0,6.0,46.9,22,2,11,17,home
332,7,BUF,2022020833,2023-02-11T17:30:00Z,2,10,23,33.3,1.0,3.0,50.0,11,8,3,8,home
333,9,OTT,2022020834,2023-02-11T17:30:00Z,3,15,29,25.0,1.0,4.0,49.2,18,9,7,34,home
334,8,MTL,2022020835,2023-02-11T17:30:00Z,4,4,31,0.0,0.0,2.0,44.9,22,5,20,21,home
335,4,PHI,2022020836,2023-02-11T17:30:00Z,1,12,24,0.0,0.0,0.0,38.5,30,5,5,40,home
336,25,DAL,2022020837,2023-02-11T18:00:00Z,1,4,29,0.0,0.0,4.0,50.9,16,11,17,14,home
337,6,BOS,2022020838,2023-02-11T20:30:00Z,1,12,28,0.0,0.0,4.0,55.2,17,5,21,21,home
338,13,FLA,2022020839,2023-02-11T23:00:00Z,3,11,45,0.0,0.0,4.0,53.5,12,9,5,17,home
339,10,TOR,2022020840,2023-02-12T00:00:00Z,3,10,29,100.0,1.0,1.0,49.1,19,14,19,21,home
340,12,CAR,2022020841,2023-02-12T00:00:00Z,2,2,29,0.0,0.0,2.0,56.5,8,3,19,29,home
341,19,STL,2022020842,2023-02-12T01:00:00Z,6,8,37,0.0,0.0,5.0,66.7,13,10,2,22,home
342,30,MIN,2022020843,2023-02-12T01:00:00Z,2,21,24,33.3,1.0,3.0,47.5,12,13,2,32,home
343,52,WPG,2022020844,2023-02-12T03:00:00Z,4,11,28,33.3,1.0,3.0,50.8,21,8,10,14,home
344,26,LAK,2022020845,2023-02-12T03:30:00Z,6,20,31,40.0,2.0,5.0,46.0,22,2,4,19,home
345,8,MTL,2022020846,2023-02-12T17:30:00Z,6,21,30,66.7,2.0,3.0,27.5,24,3,15,9,home
346,15,WSH,2022020847,2023-02-12T18:30:00Z,1,8,21,0.0,0.0,3.0,37.5,25,5,10,24,home
347,4,PHI,2022020848,2023-02-12T18:00:00Z,3,2,18,50.0,1.0,2.0,44.2,24,3,10,36,home
348,54,VGK,2022020849,2023-02-12T20:00:00Z,7,6,39,0.0,0.0,2.0,58.8,12,7,8,20,home
349,9,OTT,2022020850,2023-02-14T00:30:00Z,4,10,25,0.0,0.0,4.0,42.9,28,6,17,37,home
350,18,NSH,2022020851,2023-02-14T01:00:00Z,2,2,31,20.0,1.0,5.0,69.4,8,4,9,34,home
351,30,MIN,2022020852,2023-02-14T01:00:00Z,1,16,28,0.0,0.0,5.0,56.9,22,7,7,10,home
352,23,VAN,2022020853,2023-02-14T03:00:00Z,1,2,30,0.0,0.0,4.0,56.8,11,2,11,22,home
353,26,LAK,2022020854,2023-02-14T03:30:00Z,5,12,28,66.7,2.0,3.0,60.3,19,8,11,12,home
354,15,WSH,2022020855,2023-02-15T00:00:00Z,2,2,36,0.0,0.0,3.0,58.6,15,7,17,16,home
355,8,MTL,2022020856,2023-02-15T00:00:00Z,4,28,31,33.3,1.0,3.0,51.9,14,7,8,13,home
356,29,CBJ,2022020857,2023-02-15T00:30:00Z,2,4,33,33.3,1.0,3.0,53.8,22,5,5,24,home
357,2,NYI,2022020858,2023-02-15T00:30:00Z,2,6,48,16.7,1.0,6.0,48.4,18,6,6,21,home
358,19,STL,2022020859,2023-02-15T01:00:00Z,6,4,28,50.0,1.0,2.0,51.9,22,12,8,15,home
359,52,WPG,2022020860,2023-02-15T01:00:00Z,2,8,40,0.0,0.0,3.0,54.1,16,8,8,13,home
360,25,DAL,2022020861,2023-02-15T01:30:00Z,2,6,31,0.0,0.0,4.0,80.6,20,8,14,28,home
361,21,COL,2022020862,2023-02-15T02:00:00Z,3,13,46,0.0,0.0,2.0,46.3,19,4,6,31,home
362,28,SJS,2022020863,2023-02-15T03:30:00Z,1,6,39,0.0,0.0,2.0,66.7,13,12,15,18,home
363,10,TOR,2022020864,2023-02-16T00:00:00Z,5,6,42,0.0,0.0,3.0,55.8,13,11,7,25,home
364,53,ARI,2022020865,2023-02-16T02:00:00Z,0,10,26,0.0,0.0,2.0,52.1,15,13,10,25,home
365,30,MIN,2022020866,2023-02-16T02:30:00Z,2,7,43,50.0,1.0,2.0,57.7,18,6,5,19,home
366,22,EDM,2022020867,2023-02-16T02:30:00Z,4,4,45,33.3,1.0,3.0,53.8,4,15,12,24,home
367,24,ANA,2022020868,2023-02-16T03:00:00Z,3,24,22,0.0,0.0,2.0,57.9,11,10,9,10,home
368,23,VAN,2022020869,2023-02-16T03:00:00Z,4,2,29,50.0,1.0,2.0,63.2,9,12,11,31,home
369,15,WSH,2022020870,2023-02-17T00:00:00Z,3,6,32,40.0,2.0,5.0,56.1,9,2,11,26,home
370,12,CAR,2022020871,2023-02-17T00:00:00Z,6,6,41,0.0,0.0,3.0,53.6,5,10,17,12,home
371,29,CBJ,2022020872,2023-02-17T00:00:00Z,3,14,24,20.0,1.0,5.0,54.2,19,4,4,19,home
372,18,NSH,2022020873,2023-02-17T01:00:00Z,0,18,28,0.0,0.0,3.0,37.7,15,9,9,36,home
373,19,STL,2022020874,2023-02-17T02:00:00Z,4,4,35,33.3,1.0,3.0,50.0,20,11,6,17,home
374,20,CGY,2022020875,2023-02-17T02:00:00Z,2,8,35,0.0,0.0,2.0,44.1,9,9,13,27,home
375,55,SEA,2022020876,2023-02-17T03:00:00Z,6,11,30,66.7,2.0,3.0,39.0,19,7,8,11,home
376,54,VGK,2022020877,2023-02-17T03:00:00Z,2,2,38,0.0,0.0,7.0,65.1,17,10,3,24,home
377,9,OTT,2022020878,2023-02-18T00:00:00Z,3,6,31,0.0,0.0,3.0,49.2,7,11,13,38,home
378,2,NYI,2022020879,2023-02-18T00:00:00Z,5,2,28,50.0,1.0,2.0,42.9,17,2,8,29,home
379,30,MIN,2022020880,2023-02-18T01:00:00Z,1,12,32,50.0,1.0,2.0,46.6,22,7,8,14,home
380,22,EDM,2022020881,2023-02-18T02:00:00Z,4,8,29,50.0,2.0,4.0,51.6,12,11,11,20,home
381,24,ANA,2022020882,2023-02-18T02:00:00Z,3,16,27,50.0,1.0,2.0,30.8,15,4,4,16,home
382,19,STL,2022020883,2023-02-18T19:00:00Z,1,8,20,0.0,0.0,3.0,56.6,11,13,5,22,home
383,18,NSH,2022020884,2023-02-18T19:00:00Z,7,6,26,66.7,2.0,3.0,50.0,8,7,10,27,home
384,6,BOS,2022020885,2023-02-18T22:00:00Z,6,4,27,33.3,1.0,3.0,54.8,12,10,15,21,home
385,5,PIT,2022020886,2023-02-18T22:30:00Z,2,6,31,20.0,1.0,5.0,51.9,10,9,16,29,home
386,25,DAL,2022020887,2023-02-18T23:00:00Z,1,2,29,0.0,0.0,1.0,46.4,17,6,13,12,home
387,10,TOR,2022020888,2023-02-19T00:00:00Z,5,2,41,33.3,1.0,3.0,60.3,14,11,10,28,home
388,12,CAR,2022020889,2023-02-19T01:00:00Z,4,9,35,25.0,1.0,4.0,50.0,6,13,9,12,home
389,20,CGY,2022020890,2023-02-19T03:00:00Z,3,14,32,33.3,1.0,3.0,48.9,13,17,10,21,home
390,23,VAN,2022020891,2023-02-19T03:00:00Z,6,4,23,50.0,1.0,2.0,60.3,24,7,6,31,home
391,26,LAK,2022020892,2023-02-19T03:30:00Z,5,8,37,25.0,1.0,4.0,51.9,9,5,4,19,home
392,28,SJS,2022020893,2023-02-19T03:30:00Z,2,4,35,0.0,0.0,1.0,48.6,19,9,10,19,home
393,55,SEA,2022020894,2023-02-19T03:30:00Z,4,16,26,0.0,0.0,2.0,54.1,13,10,7,11,home
394,54,VGK,2022020895,2023-02-19T03:30:00Z,5,8,26,0.0,0.0,2.0,45.5,19,16,5,23,home
395,30,MIN,2022020896,2023-02-19T19:00:00Z,4,4,35,20.0,1.0,5.0,46.9,17,8,9,19,home
396,9,OTT,2022020897,2023-02-19T19:00:00Z,7,19,34,25.0,1.0,4.0,56.5,16,4,10,18,home
397,21,COL,2022020898,2023-02-19T20:00:00Z,6,2,42,0.0,0.0,4.0,53.2,22,8,4,16,home
398,16,CHI,2022020899,2023-02-19T23:00:00Z,5,4,28,0.0,0.0,3.0,44.2,21,7,11,27,home
399,1,NJD,2022020900,2023-02-20T00:00:00Z,4,6,29,0.0,0.0,2.0,61.1,18,13,15,13,home
400,53,ARI,2022020901,2023-02-20T01:30:00Z,3,16,25,0.0,0.0,1.0,46.6,15,9,13,29,home
401,13,FLA,2022020902,2023-02-20T18:00:00Z,4,8,55,0.0,0.0,2.0,53.2,10,5,12,23,home
402,6,BOS,2022020903,2023-02-20T18:00:00Z,3,8,32,0.0,0.0,4.0,58.7,14,6,8,30,home
403,20,CGY,2022020904,2023-02-20T21:00:00Z,3,9,35,0.0,0.0,4.0,58.1,7,3,10,15,home
404,28,SJS,2022020905,2023-02-20T21:00:00Z,4,4,23,0.0,0.0,2.0,43.4,15,11,8,22,home
405,5,PIT,2022020906,2023-02-21T00:00:00Z,2,30,46,25.0,1.0,4.0,39.3,23,4,10,30,home
406,3,NYR,2022020907,2023-02-21T00:00:00Z,1,7,51,0.0,0.0,4.0,54.1,9,9,19,20,home
407,14,TBL,2022020908,2023-02-22T00:00:00Z,6,28,44,40.0,2.0,5.0,61.8,7,5,6,25,home
408,15,WSH,2022020909,2023-02-22T00:00:00Z,1,6,27,33.3,1.0,3.0,51.1,13,4,12,26,home
409,1,NJD,2022020910,2023-02-22T00:00:00Z,2,4,40,33.3,1.0,3.0,60.8,9,7,17,16,home
410,12,CAR,2022020911,2023-02-22T00:00:00Z,4,6,36,0.0,0.0,0.0,59.4,5,12,11,10,home
411,7,BUF,2022020912,2023-02-22T00:30:00Z,3,6,32,0.0,0.0,1.0,41.1,7,6,8,17,home
412,30,MIN,2022020913,2023-02-22T01:00:00Z,2,2,20,0.0,0.0,3.0,42.5,22,6,8,18,home
413,18,NSH,2022020914,2023-02-22T01:00:00Z,4,8,26,25.0,1.0,4.0,59.6,24,8,13,25,home
414,16,CHI,2022020915,2023-02-22T01:30:00Z,2,12,39,33.3,1.0,3.0,46.6,17,8,9,23,home
415,22,EDM,2022020916,2023-02-22T02:00:00Z,4,6,27,50.0,2.0,4.0,55.2,13,14,21,28,home
416,2,NYI,2022020917,2023-02-23T00:00:00Z,2,10,22,0.0,0.0,4.0,40.7,17,11,13,23,home
417,25,DAL,2022020918,2023-02-23T02:30:00Z,3,4,32,33.3,1.0,3.0,43.8,11,4,8,13,home
418,53,ARI,2022020919,2023-02-23T02:30:00Z,3,10,14,50.0,1.0,2.0,47.5,23,6,13,31,home
419,15,WSH,2022020920,2023-02-24T00:00:00Z,2,16,43,33.3,1.0,3.0,50.0,20,7,16,21,home
420,14,TBL,2022020921,2023-02-24T00:00:00Z,5,4,41,33.3,1.0,3.0,45.3,13,10,11,42,home
421,5,PIT,2022020922,2023-02-24T00:00:00Z,2,6,24,25.0,1.0,4.0,58.9,11,9,15,36,home
422,1,NJD,2022020923,2023-02-24T00:00:00Z,4,2,32,0.0,0.0,4.0,60.0,8,11,7,21,home
423,29,CBJ,2022020924,2023-02-24T00:00:00Z,0,2,30,0.0,0.0,1.0,71.2,13,5,4,11,home
424,17,DET,2022020925,2023-02-24T00:00:00Z,4,11,23,25.0,1.0,4.0,52.6,22,9,11,22,home
425,19,STL,2022020926,2023-02-24T01:00:00Z,2,13,22,0.0,0.0,3.0,53.1,18,9,13,27,home
426,55,SEA,2022020927,2023-02-24T03:00:00Z,5,6,41,25.0,1.0,4.0,39.7,11,18,3,17,home
427,54,VGK,2022020928,2023-02-24T02:00:00Z,4,8,29,50.0,1.0,2.0,52.7,21,5,7,40,home
428,28,SJS,2022020929,2023-02-24T03:30:00Z,2,8,24,0.0,0.0,5.0,53.4,15,8,9,19,home
429,13,FLA,2022020930,2023-02-25T00:00:00Z,1,10,50,0.0,0.0,3.0,41.2,8,9,15,22,home
430,10,TOR,2022020931,2023-02-25T00:00:00Z,2,2,24,0.0,0.0,2.0,71.2,26,10,14,27,home
431,4,PHI,2022020932,2023-02-25T00:00:00Z,2,19,26,0.0,0.0,0.0,44.6,18,4,6,32,home
432,12,CAR,2022020933,2023-02-25T00:00:00Z,4,10,30,0.0,0.0,2.0,58.7,11,21,9,16,home
433,2,NYI,2022020934,2023-02-25T00:30:00Z,2,4,18,33.3,1.0,3.0,42.1,11,4,3,18,home
434,52,WPG,2022020935,2023-02-25T01:00:00Z,1,6,27,20.0,1.0,5.0,47.5,12,8,7,22,home
435,29,CBJ,2022020936,2023-02-25T17:30:00Z,6,20,26,25.0,1.0,4.0,36.1,16,11,4,14,home
436,15,WSH,2022020937,2023-02-25T18:00:00Z,6,17,27,50.0,1.0,2.0,47.2,17,6,17,16,home
437,12,CAR,2022020938,2023-02-26T00:00:00Z,2,6,53,0.0,0.0,4.0,49.2,6,11,5,11,home
438,23,VAN,2022020939,2023-02-26T00:00:00Z,1,6,27,0.0,0.0,3.0,35.1,13,7,7,22,home
439,8,MTL,2022020940,2023-02-26T00:00:00Z,2,7,32,0.0,0.0,3.0,52.3,16,5,9,12,home
440,1,NJD,2022020941,2023-02-26T00:00:00Z,7,9,36,0.0,0.0,1.0,55.9,14,4,12,10,home
441,17,DET,2022020942,2023-02-26T01:00:00Z,0,4,45,0.0,0.0,4.0,48.1,10,3,7,9,home
442,19,STL,2022020943,2023-02-25T20:30:00Z,2,4,27,0.0,0.0,3.0,46.6,13,8,12,39,home
443,21,COL,2022020944,2023-02-26T03:00:00Z,4,17,22,25.0,1.0,4.0,50.0,24,10,9,18,home
444,54,VGK,2022020945,2023-02-26T03:00:00Z,2,8,43,0.0,0.0,2.0,50.9,17,12,4,38,home
445,28,SJS,2022020946,2023-02-26T03:00:00Z,3,13,48,0.0,0.0,1.0,61.0,11,15,7,32,home
446,7,BUF,2022020947,2023-02-26T18:00:00Z,7,11,37,0.0,0.0,3.0,57.9,9,11,7,5,home
447,30,MIN,2022020948,2023-02-26T19:00:00Z,3,4,44,50.0,1.0,2.0,49.1,17,10,14,31,home
448,52,WPG,2022020949,2023-02-26T20:30:00Z,0,7,23,0.0,0.0,3.0,49.0,9,5,12,19,home
449,3,NYR,2022020950,2023-02-26T22:00:00Z,5,11,21,25.0,1.0,4.0,43.9,17,9,5,19,home
450,5,PIT,2022020951,2023-02-26T23:00:00Z,7,6,36,50.0,1.0,2.0,54.5,16,16,9,32,home
451,53,ARI,2022020952,2023-02-27T00:00:00Z,2,16,27,0.0,0.0,5.0,48.2,13,5,13,26,home
452,55,SEA,2022020953,2023-02-27T00:00:00Z,1,2,27,0.0,0.0,2.0,28.6,10,12,3,22,home
453,22,EDM,2022020954,2023-02-28T01:30:00Z,2,10,24,0.0,0.0,1.0,57.1,20,12,17,22,home
454,25,DAL,2022020955,2023-02-28T01:30:00Z,4,6,38,20.0,1.0,5.0,58.8,9,11,16,15,home
455,21,COL,2022020956,2023-02-28T02:00:00Z,3,6,34,0.0,0.0,1.0,42.9,12,10,4,16,home
456,24,ANA,2022020957,2023-02-28T03:00:00Z,4,8,33,20.0,1.0,5.0,53.6,10,5,6,11,home
457,7,BUF,2022020958,2023-03-01T00:30:00Z,3,2,41,33.3,1.0,3.0,53.3,10,5,11,10,home
458,9,OTT,2022020959,2023-03-01T00:00:00Z,6,27,27,33.3,2.0,6.0,49.2,14,12,7,22,home
459,14,TBL,2022020960,2023-03-01T00:00:00Z,1,4,29,20.0,1.0,5.0,53.8,15,4,8,29,home
460,52,WPG,2022020961,2023-03-01T01:00:00Z,5,10,31,0.0,0.0,3.0,45.9,20,13,9,33,home
461,30,MIN,2022020962,2023-03-01T01:00:00Z,1,5,31,0.0,0.0,1.0,40.5,13,6,4,26,home
462,18,NSH,2022020963,2023-03-01T01:00:00Z,1,6,25,0.0,0.0,2.0,36.4,24,12,10,34,home
463,19,STL,2022020964,2023-03-01T01:00:00Z,3,4,25,0.0,0.0,4.0,42.3,18,4,8,21,home
464,20,CGY,2022020965,2023-03-01T02:00:00Z,3,13,57,0.0,0.0,3.0,47.8,14,6,11,24,home
465,53,ARI,2022020966,2023-03-01T02:00:00Z,4,9,33,0.0,0.0,1.0,43.8,15,7,7,27,home
466,28,SJS,2022020967,2023-03-01T03:30:00Z,1,8,39,0.0,0.0,2.0,51.5,11,7,8,18,home
467,4,PHI,2022020968,2023-03-02T00:30:00Z,2,2,28,33.3,1.0,3.0,41.3,12,7,7,35,home
468,22,EDM,2022020969,2023-03-02T01:00:00Z,5,11,32,25.0,1.0,4.0,43.5,14,12,11,25,home
469,25,DAL,2022020970,2023-03-02T01:30:00Z,4,10,41,25.0,1.0,4.0,64.2,12,3,12,20,home
470,21,COL,2022020971,2023-03-02T02:00:00Z,5,4,31,0.0,0.0,1.0,50.0,16,8,8,23,home
471,54,VGK,2022020972,2023-03-02T03:00:00Z,3,0,20,0.0,0.0,1.0,56.1,20,14,11,29,home
472,24,ANA,2022020973,2023-03-02T03:00:00Z,2,11,23,0.0,0.0,2.0,54.2,9,4,6,16,home
473,6,BOS,2022020974,2023-03-03T00:00:00Z,7,8,42,33.3,1.0,3.0,42.4,13,10,11,27,home
474,13,FLA,2022020975,2023-03-03T00:00:00Z,1,2,31,0.0,0.0,0.0,43.1,10,4,9,18,home
475,3,NYR,2022020976,2023-03-03T00:00:00Z,3,6,32,0.0,0.0,4.0,49.0,9,12,19,20,home
476,14,TBL,2022020977,2023-03-03T00:00:00Z,4,10,31,40.0,2.0,5.0,50.0,12,9,7,31,home
477,17,DET,2022020978,2023-03-03T00:00:00Z,4,15,29,0.0,0.0,3.0,60.3,18,6,8,38,home
478,16,CHI,2022020979,2023-03-03T01:30:00Z,2,6,21,0.0,0.0,2.0,48.1,18,11,16,26,home
479,20,CGY,2022020980,2023-03-03T02:00:00Z,1,4,26,0.0,0.0,2.0,44.4,8,7,12,20,home
480,23,VAN,2022020981,2023-03-03T03:00:00Z,1,15,22,33.3,1.0,3.0,47.5,15,3,6,29,home
481,26,LAK,2022020982,2023-03-03T03:30:00Z,3,6,33,0.0,0.0,4.0,50.9,15,3,2,20,home
482,28,SJS,2022020983,2023-03-03T03:30:00Z,3,6,25,0.0,0.0,1.0,58.9,9,12,11,17,home
483,29,CBJ,2022020984,2023-03-04T00:00:00Z,2,8,23,25.0,1.0,4.0,51.6,19,8,10,20,home
484,22,EDM,2022020985,2023-03-04T02:00:00Z,6,8,33,22.2,2.0,9.0,50.8,9,9,18,11,home
485,53,ARI,2022020986,2023-03-04T02:30:00Z,1,8,18,0.0,0.0,3.0,43.6,16,6,14,29,home
486,24,ANA,2022020987,2023-03-04T03:00:00Z,3,6,33,66.7,2.0,3.0,46.3,10,6,7,14,home
487,54,VGK,2022020988,2023-03-04T03:00:00Z,3,4,27,0.0,0.0,1.0,45.9,29,14,11,37,home
488,2,NYI,2022020989,2023-03-04T17:30:00Z,4,6,36,50.0,1.0,2.0,68.3,14,3,9,22,home
489,7,BUF,2022020990,2023-01-10T00:00:00Z,0,8,28,0.0,0.0,1.0,47.2,14,4,7,8,home
490,6,BOS,2022020991,2023-03-04T18:00:00Z,4,11,24,0.0,0.0,3.0,56.9,9,6,8,25,home
491,13,FLA,2022020992,2023-03-04T23:00:00Z,4,32,42,20.0,1.0,5.0,40.0,12,9,9,23,home
492,28,SJS,2022020993,2023-03-04T23:00:00Z,3,6,41,25.0,1.0,4.0,39.0,22,10,12,23,home
493,9,OTT,2022020994,2023-03-05T00:00:00Z,5,6,39,0.0,0.0,2.0,59.3,16,11,5,27,home
494,52,WPG,2022020995,2023-03-05T00:00:00Z,7,11,39,33.3,1.0,3.0,50.7,19,8,12,29,home
495,23,VAN,2022020996,2023-03-05T00:00:00Z,4,13,24,33.3,1.0,3.0,46.0,16,3,2,23,home
496,25,DAL,2022020997,2023-03-04T20:30:00Z,7,8,29,0.0,0.0,3.0,55.8,20,8,11,23,home
497,16,CHI,2022020998,2023-03-05T01:00:00Z,1,10,28,0.0,0.0,2.0,46.2,11,10,12,27,home
498,20,CGY,2022020999,2023-03-05T03:00:00Z,0,4,31,0.0,0.0,2.0,39.1,15,10,13,23,home
499,26,LAK,2022021000,2023-03-05T03:30:00Z,4,6,38,33.3,1.0,3.0,51.0,15,2,8,16,home
0,20,CGY,2022020501,2022-12-19T03:00:00Z,5,21,25,25.0,1.0,4.0,45.2,6,10,6,23,away
1,25,DAL,2022020502,2022-12-20T00:00:00Z,2,2,34,0.0,0.0,0.0,62.7,12,5,4,9,away
2,17,DET,2022020503,2022-12-20T00:00:00Z,3,8,19,33.3,1.0,3.0,44.7,14,11,7,24,away
3,13,FLA,2022020504,2022-12-20T00:00:00Z,3,10,39,0.0,0.0,3.0,43.5,13,11,10,14,away
4,22,EDM,2022020505,2022-12-20T01:00:00Z,3,4,33,66.7,2.0,3.0,46.2,9,7,5,22,away
5,2,NYI,2022020506,2022-12-20T02:00:00Z,0,4,26,0.0,0.0,1.0,54.7,26,9,2,24,away
6,7,BUF,2022020507,2022-12-20T03:00:00Z,3,6,18,0.0,0.0,1.0,44.4,15,13,10,16,away
7,8,MTL,2022020508,2022-12-20T03:00:00Z,3,4,26,0.0,0.0,2.0,56.7,13,5,12,19,away
8,19,STL,2022020509,2022-12-20T03:30:00Z,5,10,27,66.7,2.0,3.0,54.5,6,1,1,21,away
9,29,CBJ,2022020510,2022-12-21T00:00:00Z,3,2,33,0.0,0.0,1.0,44.2,16,8,7,22,away
10,3,NYR,2022020511,2022-12-21T00:00:00Z,2,6,28,0.0,0.0,3.0,43.9,12,8,6,26,away
11,1,NJD,2022020512,2022-12-21T00:00:00Z,1,8,38,0.0,0.0,4.0,43.6,10,6,2,24,away
12,14,TBL,2022020513,2022-12-21T00:00:00Z,1,6,19,0.0,0.0,1.0,48.9,5,4,11,33,away
13,9,OTT,2022020514,2022-12-21T01:00:00Z,1,2,36,50.0,1.0,2.0,55.1,9,6,12,31,away
14,19,STL,2022020515,2022-12-21T03:00:00Z,2,6,24,33.3,1.0,3.0,39.6,10,6,5,18,away
15,24,ANA,2022020516,2022-12-21T03:30:00Z,1,12,25,20.0,1.0,5.0,37.5,17,4,3,23,away
16,20,CGY,2022020517,2022-12-21T03:30:00Z,7,11,39,0.0,0.0,2.0,55.2,15,9,7,16,away
17,1,NJD,2022020518,2022-12-22T00:00:00Z,4,17,33,33.3,1.0,3.0,49.1,27,8,9,16,away
18,14,TBL,2022020519,2022-12-22T00:00:00Z,4,10,38,0.0,0.0,4.0,62.3,14,3,3,17,away
19,8,MTL,2022020520,2022-12-22T01:00:00Z,1,4,20,0.0,0.0,1.0,44.2,23,7,3,24,away
20,18,NSH,2022020521,2022-12-22T01:30:00Z,4,8,37,50.0,1.0,2.0,50.0,13,6,6,20,away
21,22,EDM,2022020522,2022-12-22T02:30:00Z,6,10,34,50.0,1.0,2.0,40.7,12,6,9,28,away
22,53,ARI,2022020523,2022-12-22T03:00:00Z,2,8,23,0.0,0.0,2.0,46.3,23,13,5,29,away
23,30,MIN,2022020524,2022-12-22T03:00:00Z,4,6,42,16.7,1.0,6.0,55.4,8,5,8,15,away
24,4,PHI,2022020525,2022-12-22T19:00:00Z,3,12,19,20.0,1.0,5.0,44.0,13,4,12,33,away
25,12,CAR,2022020526,2022-12-23T00:00:00Z,4,8,36,0.0,0.0,5.0,47.1,7,8,2,21,away
26,2,NYI,2022020527,2022-12-23T00:00:00Z,3,12,18,0.0,0.0,2.0,44.2,14,5,6,26,away
27,15,WSH,2022020528,2022-12-23T00:00:00Z,3,12,40,33.3,1.0,3.0,44.1,25,1,12,14,away
28,52,WPG,2022020529,2022-12-23T00:00:00Z,2,8,27,0.0,0.0,2.0,35.8,9,10,6,28,away
29,55,SEA,2022020530,2022-12-23T03:00:00Z,5,11,36,0.0,0.0,1.0,50.0,19,7,5,12,away
30,20,CGY,2022020531,2022-12-23T03:30:00Z,3,8,30,50.0,1.0,2.0,54.4,13,3,4,31,away
31,30,MIN,2022020532,2022-12-23T03:30:00Z,2,28,26,0.0,0.0,4.0,49.1,20,7,9,15,away
32,6,BOS,2022020533,2022-12-24T00:00:00Z,4,4,23,0.0,0.0,1.0,49.0,30,9,13,13,away
33,17,DET,2022020534,2023-02-28T00:00:00Z,2,12,24,25.0,1.0,4.0,46.4,16,7,1,31,away
34,4,PHI,2022020535,2022-12-24T00:00:00Z,5,8,31,0.0,0.0,2.0,50.0,16,14,1,17,away
35,14,TBL,2022020536,2023-03-04T17:30:00Z,3,17,36,20.0,1.0,5.0,62.7,12,6,13,28,away
36,52,WPG,2022020537,2022-12-24T00:00:00Z,1,8,26,0.0,0.0,2.0,44.6,16,8,8,30,away
37,13,FLA,2022020538,2022-12-24T00:30:00Z,1,29,23,0.0,0.0,3.0,53.2,20,2,9,15,away
38,21,COL,2022020539,2022-12-24T01:00:00Z,3,6,46,0.0,0.0,4.0,50.8,11,12,8,26,away
39,29,CBJ,2022020540,2022-12-24T01:30:00Z,2,21,29,25.0,1.0,4.0,35.4,12,2,5,17,away
40,8,MTL,2022020541,2022-12-24T01:00:00Z,2,20,24,50.0,1.0,2.0,39.7,21,5,5,27,away
41,23,VAN,2022020542,2022-12-24T02:00:00Z,5,6,30,50.0,1.0,2.0,41.5,20,8,11,24,away
42,26,LAK,2022020543,2022-12-24T02:30:00Z,1,16,27,50.0,1.0,2.0,57.8,18,7,9,22,away
43,20,CGY,2022020544,2022-12-24T03:30:00Z,3,15,45,0.0,0.0,4.0,56.9,15,5,9,13,away
44,19,STL,2022020545,2022-12-24T03:00:00Z,4,4,29,33.3,1.0,3.0,45.7,13,13,3,23,away
45,6,BOS,2022020546,2022-12-28T00:00:00Z,2,4,51,0.0,0.0,3.0,66.1,14,1,9,23,away
46,7,BUF,2022020547,2023-04-14T23:30:00Z,5,2,35,0.0,0.0,1.0,58.0,12,5,3,5,away
47,16,CHI,2022020548,2022-12-28T00:00:00Z,0,6,24,0.0,0.0,3.0,55.8,14,7,7,30,away
48,15,WSH,2022020549,2022-12-28T00:00:00Z,4,10,30,33.3,1.0,3.0,55.6,16,7,7,19,away
49,5,PIT,2022020550,2022-12-28T00:30:00Z,1,6,21,0.0,0.0,1.0,48.1,19,7,15,17,away
50,25,DAL,2022020551,2022-12-28T01:00:00Z,3,6,33,16.7,1.0,6.0,44.2,16,5,7,17,away
51,30,MIN,2022020552,2022-12-28T01:00:00Z,4,6,28,100.0,1.0,1.0,40.3,11,5,5,22,away
52,10,TOR,2022020553,2022-12-28T01:00:00Z,5,8,37,0.0,0.0,2.0,52.8,15,9,4,11,away
53,21,COL,2022020554,2022-12-28T02:00:00Z,3,6,31,100.0,1.0,1.0,60.0,9,3,8,27,away
54,22,EDM,2022020555,2022-12-28T02:00:00Z,2,2,22,33.3,1.0,3.0,46.6,25,12,9,13,away
55,28,SJS,2022020556,2022-12-28T03:00:00Z,2,2,26,50.0,1.0,2.0,52.8,15,2,4,18,away
56,54,VGK,2022020557,2022-12-28T03:30:00Z,2,4,25,33.3,1.0,3.0,46.2,16,2,1,21,away
57,6,BOS,2022020558,2022-12-29T00:30:00Z,3,9,27,0.0,0.0,3.0,61.5,20,3,16,18,away
58,8,MTL,2022020559,2022-12-29T00:00:00Z,1,9,26,0.0,0.0,5.0,39.3,13,9,6,25,away
59,17,DET,2022020560,2022-12-29T00:30:00Z,5,4,46,50.0,2.0,4.0,51.9,14,9,5,30,away
60,20,CGY,2022020561,2022-12-29T03:00:00Z,3,2,44,25.0,1.0,4.0,55.6,14,6,3,21,away
61,54,VGK,2022020562,2022-12-29T03:00:00Z,2,10,51,0.0,0.0,5.0,57.6,19,6,8,19,away
62,17,DET,2022020563,2022-12-30T00:00:00Z,3,10,31,33.3,1.0,3.0,46.0,16,5,3,15,away
63,8,MTL,2022020564,2022-12-30T00:00:00Z,2,41,27,50.0,2.0,4.0,41.3,15,3,4,26,away
64,3,NYR,2022020565,2022-12-30T00:00:00Z,1,2,46,0.0,0.0,3.0,38.2,22,4,5,40,away
65,9,OTT,2022020566,2022-12-30T00:00:00Z,4,4,45,0.0,0.0,1.0,53.7,14,14,0,36,away
66,29,CBJ,2022020567,2022-12-30T00:30:00Z,1,8,21,0.0,0.0,2.0,37.1,13,6,10,16,away
67,16,CHI,2022020568,2022-12-30T01:00:00Z,1,6,22,50.0,1.0,2.0,51.2,10,12,10,17,away
68,25,DAL,2022020569,2022-12-30T01:00:00Z,4,6,43,66.7,2.0,3.0,71.9,17,4,1,11,away
69,23,VAN,2022020570,2022-12-30T01:00:00Z,2,8,22,0.0,0.0,2.0,51.9,17,3,9,20,away
70,26,LAK,2022020571,2022-12-30T02:00:00Z,4,12,27,50.0,2.0,4.0,52.6,22,5,5,24,away
71,10,TOR,2022020572,2022-12-30T02:00:00Z,3,13,32,100.0,2.0,2.0,45.3,10,4,11,27,away
72,4,PHI,2022020573,2022-12-30T03:30:00Z,4,6,26,0.0,0.0,1.0,53.8,8,14,6,28,away
73,18,NSH,2022020574,2022-12-30T22:00:00Z,6,2,43,100.0,1.0,1.0,51.1,9,5,5,23,away
74,13,FLA,2022020575,2022-12-31T00:30:00Z,0,12,19,0.0,0.0,6.0,44.3,10,7,13,26,away
75,1,NJD,2022020576,2022-12-31T00:00:00Z,4,18,28,16.7,1.0,6.0,55.0,18,7,3,25,away
76,22,EDM,2022020577,2022-12-31T03:00:00Z,7,13,32,100.0,2.0,2.0,44.6,20,15,5,13,away
77,7,BUF,2022020578,2022-12-31T18:00:00Z,4,17,25,0.0,0.0,3.0,44.4,17,4,14,27,away
78,18,NSH,2022020579,2022-12-31T20:00:00Z,4,21,37,25.0,1.0,4.0,50.8,22,6,4,26,away
79,8,MTL,2022020580,2022-12-31T21:00:00Z,2,12,33,50.0,1.0,2.0,49.2,14,11,7,22,away
80,4,PHI,2022020581,2022-12-31T21:00:00Z,4,10,23,33.3,1.0,3.0,38.6,22,2,3,38,away
81,53,ARI,2022020582,2022-12-31T22:00:00Z,3,11,31,0.0,0.0,1.0,34.6,10,7,4,24,away
82,16,CHI,2022020583,2022-12-31T18:00:00Z,1,6,28,0.0,0.0,5.0,59.4,17,6,3,19,away
83,9,OTT,2022020584,2023-01-01T00:00:00Z,2,8,23,0.0,0.0,4.0,46.8,17,4,5,31,away
84,10,TOR,2022020585,2023-01-01T00:00:00Z,6,6,32,25.0,1.0,4.0,58.8,25,10,8,12,away
85,28,SJS,2022020586,2023-01-01T01:00:00Z,2,6,31,0.0,0.0,4.0,50.0,17,4,4,27,away
86,23,VAN,2022020587,2023-01-01T03:00:00Z,2,4,24,0.0,0.0,4.0,41.7,8,10,7,19,away
87,52,WPG,2022020588,2023-01-01T03:00:00Z,2,10,17,33.3,1.0,3.0,55.3,20,8,13,23,away
88,30,MIN,2022020589,2022-12-31T23:00:00Z,5,20,32,0.0,0.0,2.0,28.6,18,15,5,19,away
89,12,CAR,2022020590,2023-01-01T20:00:00Z,4,8,47,25.0,1.0,4.0,57.9,8,3,12,10,away
90,3,NYR,2022020591,2023-01-01T22:00:00Z,5,8,28,50.0,2.0,4.0,42.9,14,6,5,16,away
91,7,BUF,2022020592,2023-01-02T00:00:00Z,1,2,34,0.0,0.0,3.0,51.7,7,3,6,18,away
92,28,SJS,2022020593,2023-01-02T00:00:00Z,5,6,28,0.0,0.0,3.0,49.0,15,3,5,16,away
93,2,NYI,2022020594,2023-01-02T01:00:00Z,1,4,19,0.0,0.0,2.0,65.5,15,10,3,27,away
94,5,PIT,2022020595,2023-01-02T19:00:00Z,1,6,27,0.0,0.0,3.0,56.2,17,11,7,19,away
95,54,VGK,2022020596,2023-01-03T02:00:00Z,3,17,28,0.0,0.0,1.0,54.9,11,10,3,24,away
96,4,PHI,2022020597,2023-01-03T03:00:00Z,4,10,33,0.0,0.0,2.0,53.2,12,5,7,21,away
97,53,ARI,2022020598,2023-01-04T00:00:00Z,3,6,36,50.0,1.0,2.0,41.8,10,3,15,22,away
98,7,BUF,2022020599,2023-01-04T00:00:00Z,5,2,29,33.3,1.0,3.0,30.6,10,5,8,21,away
99,12,CAR,2022020600,2023-01-04T00:00:00Z,3,12,23,0.0,0.0,3.0,47.2,12,3,11,14,away
100,29,CBJ,2022020601,2023-01-04T00:00:00Z,0,12,22,0.0,0.0,3.0,47.5,15,6,12,32,away
101,19,STL,2022020602,2023-01-04T00:00:00Z,5,6,32,100.0,2.0,2.0,37.7,17,5,10,52,away
102,20,CGY,2022020603,2023-01-04T01:00:00Z,2,10,35,0.0,0.0,2.0,54.4,17,7,9,20,away
103,8,MTL,2022020604,2023-01-04T01:00:00Z,3,10,27,0.0,0.0,4.0,42.9,18,5,6,18,away
104,14,TBL,2022020605,2023-01-04T01:30:00Z,4,12,29,25.0,1.0,4.0,44.3,20,8,5,11,away
105,55,SEA,2022020606,2023-01-04T02:00:00Z,5,6,24,33.3,1.0,3.0,38.7,18,6,3,38,away
106,2,NYI,2022020607,2023-01-04T03:00:00Z,6,6,29,50.0,1.0,2.0,40.8,18,1,3,30,away
107,25,DAL,2022020608,2023-01-04T03:00:00Z,2,6,30,0.0,0.0,3.0,43.1,15,3,5,39,away
108,1,NJD,2022020609,2023-01-05T00:00:00Z,5,4,27,66.7,2.0,3.0,39.4,13,2,4,17,away
109,14,TBL,2022020610,2023-01-05T02:30:00Z,1,10,35,25.0,1.0,4.0,63.2,12,2,3,18,away
110,25,DAL,2022020611,2023-01-05T03:00:00Z,0,2,35,0.0,0.0,4.0,61.8,15,6,8,23,away
111,53,ARI,2022020612,2023-01-06T00:00:00Z,2,6,23,0.0,0.0,1.0,44.7,17,2,5,26,away
112,3,NYR,2022020613,2023-01-06T00:00:00Z,4,4,31,33.3,1.0,3.0,51.0,17,5,9,17,away
113,18,NSH,2022020614,2023-01-06T00:00:00Z,5,10,25,33.3,1.0,3.0,40.6,21,7,5,18,away
114,55,SEA,2022020615,2023-01-06T00:00:00Z,5,10,26,50.0,1.0,2.0,42.9,12,13,8,32,away
115,19,STL,2022020616,2023-01-06T00:00:00Z,5,8,19,50.0,1.0,2.0,36.4,21,10,5,21,away
116,15,WSH,2022020617,2023-01-06T00:00:00Z,6,4,37,100.0,2.0,2.0,65.3,12,6,6,16,away
117,2,NYI,2022020618,2023-01-06T02:00:00Z,2,8,22,0.0,0.0,3.0,52.9,20,15,7,44,away
118,21,COL,2022020619,2023-01-06T03:00:00Z,2,24,32,20.0,1.0,5.0,42.4,6,2,7,24,away
119,5,PIT,2022020620,2023-01-06T03:00:00Z,2,2,40,0.0,0.0,3.0,48.4,12,15,5,34,away
120,6,BOS,2022020621,2023-01-06T03:30:00Z,5,7,22,100.0,1.0,1.0,44.9,21,5,5,30,away
121,18,NSH,2022020622,2023-01-07T00:00:00Z,3,6,21,0.0,0.0,2.0,60.0,21,3,6,28,away
122,13,FLA,2022020623,2023-01-07T00:00:00Z,3,10,20,100.0,2.0,2.0,35.2,16,1,4,20,away
123,14,TBL,2022020624,2023-01-07T01:00:00Z,2,21,28,0.0,0.0,4.0,57.1,14,7,7,11,away
124,53,ARI,2022020625,2023-01-07T01:30:00Z,0,4,22,0.0,0.0,1.0,30.0,13,6,5,19,away
125,2,NYI,2022020626,2023-01-07T02:00:00Z,1,4,25,0.0,0.0,1.0,58.0,19,11,15,31,away
126,28,SJS,2022020627,2023-01-07T03:00:00Z,4,13,41,0.0,0.0,2.0,37.5,17,6,7,21,away
127,3,NYR,2022020628,2023-01-07T18:00:00Z,3,8,34,0.0,0.0,2.0,54.4,30,1,4,19,away
128,12,CAR,2022020629,2023-01-07T21:00:00Z,3,12,42,33.3,2.0,6.0,59.6,5,5,3,12,away
129,17,DET,2022020630,2023-01-08T00:00:00Z,1,10,23,0.0,0.0,4.0,48.1,13,6,5,38,away
130,30,MIN,2022020631,2023-01-08T00:00:00Z,5,6,44,50.0,2.0,4.0,51.7,16,5,0,21,away
131,55,SEA,2022020632,2023-01-08T00:00:00Z,8,6,24,0.0,0.0,1.0,41.0,19,7,12,32,away
132,19,STL,2022020633,2023-01-08T00:00:00Z,4,8,22,33.3,1.0,3.0,55.6,10,5,16,12,away
133,21,COL,2022020634,2023-01-08T03:00:00Z,3,12,46,0.0,0.0,4.0,45.5,13,4,9,21,away
134,26,LAK,2022020635,2023-01-08T03:00:00Z,5,6,23,0.0,0.0,1.0,60.4,13,8,6,23,away
135,6,BOS,2022020636,2023-01-08T03:30:00Z,4,10,29,50.0,1.0,2.0,57.1,20,10,11,16,away
136,13,FLA,2022020637,2023-01-08T20:30:00Z,1,4,28,0.0,0.0,4.0,48.5,9,3,5,20,away
137,23,VAN,2022020638,2023-01-08T20:00:00Z,4,0,38,33.3,1.0,3.0,50.9,13,6,4,33,away
138,29,CBJ,2022020639,2023-01-08T22:00:00Z,0,9,38,0.0,0.0,2.0,37.5,15,6,2,32,away
139,20,CGY,2022020640,2023-01-09T00:00:00Z,3,9,47,66.7,2.0,3.0,53.8,14,7,5,21,away
140,5,PIT,2022020641,2023-01-09T00:00:00Z,4,4,28,0.0,0.0,6.0,50.0,13,3,10,20,away
141,19,STL,2022020642,2023-01-09T00:00:00Z,3,6,24,25.0,1.0,4.0,48.9,25,5,4,19,away
142,10,TOR,2022020643,2023-01-09T00:00:00Z,6,10,35,50.0,1.0,2.0,55.6,17,4,6,17,away
143,6,BOS,2022020644,2023-01-09T01:30:00Z,7,6,42,50.0,1.0,2.0,53.6,22,12,7,18,away
144,18,NSH,2022020645,2023-01-10T00:30:00Z,3,17,36,0.0,0.0,5.0,42.6,22,1,6,23,away
145,55,SEA,2022020646,2023-01-10T00:30:00Z,4,9,41,16.7,1.0,6.0,54.3,20,1,9,15,away
146,22,EDM,2022020647,2023-01-10T03:30:00Z,3,41,31,0.0,0.0,6.0,42.6,9,7,8,22,away
147,29,CBJ,2022020648,2023-01-11T00:00:00Z,3,10,24,0.0,0.0,1.0,33.3,13,5,3,41,away
148,30,MIN,2022020649,2023-01-11T00:00:00Z,3,8,32,0.0,0.0,1.0,43.5,29,3,5,26,away
149,1,NJD,2022020650,2023-01-11T00:00:00Z,5,6,22,0.0,0.0,4.0,45.2,28,7,4,25,away
150,55,SEA,2022020651,2023-01-11T00:00:00Z,4,10,22,100.0,1.0,1.0,55.4,13,8,1,21,away
151,23,VAN,2022020652,2023-01-11T00:00:00Z,4,12,24,0.0,0.0,5.0,37.0,17,10,6,20,away
152,25,DAL,2022020653,2023-01-11T00:30:00Z,1,6,26,0.0,0.0,1.0,48.2,22,3,11,15,away
153,52,WPG,2022020654,2023-01-11T00:00:00Z,5,6,37,33.3,1.0,3.0,52.3,11,9,4,20,away
154,20,CGY,2022020655,2023-01-11T01:00:00Z,3,4,31,0.0,0.0,2.0,54.7,4,5,4,25,away
155,13,FLA,2022020656,2023-01-11T02:30:00Z,5,15,37,100.0,2.0,2.0,55.2,16,8,7,29,away
156,28,SJS,2022020657,2023-01-11T02:00:00Z,4,13,33,0.0,0.0,2.0,51.7,18,12,11,25,away
157,18,NSH,2022020658,2023-01-12T00:30:00Z,1,10,33,0.0,0.0,2.0,46.3,13,9,7,36,away
158,15,WSH,2022020659,2023-01-12T00:00:00Z,3,12,29,0.0,0.0,1.0,44.4,7,4,9,28,away
159,22,EDM,2022020660,2023-01-12T03:00:00Z,6,6,53,33.3,1.0,3.0,54.0,8,8,5,15,away
160,28,SJS,2022020661,2023-01-12T03:00:00Z,3,4,30,50.0,1.0,2.0,52.6,13,4,4,34,away
161,12,CAR,2022020662,2023-01-13T00:00:00Z,6,8,41,0.0,0.0,4.0,56.2,8,3,3,12,away
162,25,DAL,2022020663,2023-01-13T00:00:00Z,1,8,25,100.0,1.0,1.0,42.9,22,5,10,16,away
163,18,NSH,2022020664,2023-01-13T00:00:00Z,3,15,42,0.0,0.0,3.0,45.1,17,0,6,29,away
164,55,SEA,2022020665,2023-01-13T00:00:00Z,3,2,31,0.0,0.0,3.0,26.8,19,12,8,26,away
165,10,TOR,2022020666,2023-01-13T00:00:00Z,1,10,33,0.0,0.0,3.0,45.8,10,0,4,18,away
166,23,VAN,2022020667,2023-01-13T00:00:00Z,4,13,40,33.3,1.0,3.0,51.4,16,11,2,36,away
167,52,WPG,2022020668,2023-01-13T00:00:00Z,4,10,27,0.0,0.0,2.0,51.6,23,7,7,19,away
168,30,MIN,2022020669,2023-01-13T00:30:00Z,3,8,36,0.0,0.0,5.0,59.3,18,5,5,19,away
169,20,CGY,2022020670,2023-01-13T01:00:00Z,4,6,40,0.0,0.0,1.0,50.0,8,9,3,27,away
170,21,COL,2022020671,2023-01-13T01:30:00Z,2,6,33,0.0,0.0,5.0,44.6,10,6,4,18,away
171,9,OTT,2022020672,2023-01-13T02:00:00Z,5,6,47,25.0,1.0,4.0,45.8,22,4,7,39,away
172,13,FLA,2022020673,2023-01-13T03:00:00Z,2,11,39,33.3,1.0,3.0,42.4,12,6,8,33,away
173,52,WPG,2022020674,2023-01-14T00:00:00Z,4,9,40,50.0,1.0,2.0,45.8,11,7,3,33,away
174,1,NJD,2022020675,2023-01-14T03:00:00Z,6,15,39,50.0,1.0,2.0,57.7,13,7,7,22,away
175,22,EDM,2022020676,2023-01-14T03:30:00Z,7,8,41,50.0,2.0,4.0,34.9,13,16,5,11,away
176,20,CGY,2022020677,2023-01-14T19:00:00Z,6,4,36,40.0,2.0,5.0,50.8,12,6,7,22,away
177,29,CBJ,2022020678,2023-01-15T00:00:00Z,4,4,25,0.0,0.0,1.0,53.1,17,4,9,27,away
178,8,MTL,2022020679,2023-01-15T00:00:00Z,1,4,23,0.0,0.0,2.0,49.1,25,5,12,18,away
179,9,OTT,2022020680,2023-01-15T00:00:00Z,0,11,29,0.0,0.0,3.0,58.1,13,5,3,16,away
180,4,PHI,2022020681,2023-01-15T00:00:00Z,3,10,25,33.3,1.0,3.0,45.1,25,4,5,31,away
181,5,PIT,2022020682,2023-01-15T00:00:00Z,1,4,35,16.7,1.0,6.0,43.9,9,6,14,33,away
182,10,TOR,2022020683,2023-01-15T00:00:00Z,3,21,21,50.0,1.0,2.0,49.1,16,14,8,35,away
183,23,VAN,2022020684,2023-01-15T00:00:00Z,3,8,38,20.0,1.0,5.0,50.0,11,4,8,18,away
184,53,ARI,2022020685,2023-01-15T01:00:00Z,1,4,28,0.0,0.0,1.0,42.6,7,3,6,17,away
185,7,BUF,2022020686,2023-01-15T01:00:00Z,5,6,33,25.0,1.0,4.0,46.0,18,12,5,14,away
186,55,SEA,2022020687,2023-01-15T01:00:00Z,8,4,30,0.0,0.0,2.0,51.6,5,9,5,17,away
187,14,TBL,2022020688,2023-01-15T01:00:00Z,4,6,30,50.0,1.0,2.0,58.2,12,19,8,15,away
188,22,EDM,2022020689,2023-01-15T03:00:00Z,4,4,37,0.0,0.0,1.0,53.1,13,11,9,30,away
189,1,NJD,2022020690,2023-01-15T03:30:00Z,5,8,28,33.3,1.0,3.0,47.8,13,3,5,32,away
190,8,MTL,2022020691,2023-01-15T22:00:00Z,2,4,31,50.0,1.0,2.0,45.2,24,9,6,14,away
191,23,VAN,2022020692,2023-01-15T22:00:00Z,3,4,32,0.0,0.0,1.0,46.0,17,9,9,31,away
192,53,ARI,2022020693,2023-01-16T00:00:00Z,1,4,21,0.0,0.0,3.0,37.0,10,6,10,16,away
193,13,FLA,2022020694,2023-01-16T18:00:00Z,4,8,34,0.0,0.0,3.0,54.0,16,3,3,27,away
194,4,PHI,2022020695,2023-01-16T18:00:00Z,0,20,29,0.0,0.0,6.0,36.7,15,5,12,21,away
195,17,DET,2022020696,2023-01-16T20:00:00Z,3,10,29,0.0,0.0,2.0,62.3,24,5,2,23,away
196,1,NJD,2022020697,2023-01-16T21:00:00Z,3,8,41,0.0,0.0,1.0,45.3,13,9,9,24,away
197,14,TBL,2022020698,2023-01-16T21:00:00Z,4,6,31,0.0,0.0,2.0,60.5,13,5,5,18,away
198,25,DAL,2022020699,2023-01-16T23:00:00Z,4,4,36,0.0,0.0,2.0,55.4,15,9,4,33,away
199,24,ANA,2022020700,2023-01-17T00:00:00Z,3,8,29,50.0,2.0,4.0,43.1,21,5,5,25,away
200,3,NYR,2022020701,2023-01-17T00:00:00Z,3,8,33,20.0,1.0,5.0,49.1,14,6,3,13,away
201,15,WSH,2022020702,2023-01-17T00:30:00Z,4,4,35,0.0,0.0,1.0,56.9,13,3,19,37,away
202,20,CGY,2022020703,2023-01-17T01:00:00Z,1,6,39,0.0,0.0,4.0,39.7,22,4,6,28,away
203,9,OTT,2022020704,2023-01-17T01:00:00Z,1,9,33,0.0,0.0,1.0,31.5,19,9,3,25,away
204,24,ANA,2022020705,2023-01-18T00:00:00Z,2,15,27,33.3,1.0,3.0,53.8,12,3,8,17,away
205,13,FLA,2022020706,2023-01-18T00:00:00Z,4,18,19,33.3,1.0,3.0,41.7,14,6,9,28,away
206,30,MIN,2022020707,2023-01-18T00:00:00Z,4,8,22,0.0,0.0,2.0,50.9,15,6,6,33,away
207,52,WPG,2022020708,2023-01-18T00:00:00Z,1,11,26,50.0,1.0,2.0,52.9,10,5,11,20,away
208,7,BUF,2022020709,2023-01-18T01:30:00Z,3,12,33,0.0,0.0,2.0,41.9,15,11,5,13,away
209,17,DET,2022020710,2023-01-18T02:00:00Z,3,4,40,33.3,1.0,3.0,44.4,21,6,4,27,away
210,55,SEA,2022020711,2023-01-18T02:00:00Z,2,6,31,25.0,1.0,4.0,50.0,13,15,12,43,away
211,5,PIT,2022020712,2023-01-19T00:00:00Z,4,18,19,40.0,2.0,5.0,51.7,9,4,11,34,away
212,6,BOS,2022020713,2023-01-19T00:30:00Z,4,14,24,25.0,1.0,4.0,62.7,25,3,10,24,away
213,21,COL,2022020714,2023-01-19T02:30:00Z,4,4,30,33.3,1.0,3.0,43.6,13,12,7,12,away
214,14,TBL,2022020715,2023-01-19T03:00:00Z,5,8,25,0.0,0.0,1.0,49.1,21,5,2,11,away
215,25,DAL,2022020716,2023-01-19T03:00:00Z,3,6,36,0.0,0.0,3.0,50.0,10,6,8,18,away
216,24,ANA,2022020717,2023-01-20T00:00:00Z,5,7,33,0.0,0.0,3.0,52.7,12,3,2,15,away
217,6,BOS,2022020718,2023-01-20T00:00:00Z,3,6,27,0.0,0.0,4.0,50.9,25,3,4,21,away
218,16,CHI,2022020719,2023-01-20T00:00:00Z,4,4,29,0.0,0.0,0.0,50.0,23,8,9,24,away
219,13,FLA,2022020720,2023-01-20T00:00:00Z,6,37,40,50.0,4.0,8.0,44.0,20,9,9,14,away
220,30,MIN,2022020721,2023-01-20T00:00:00Z,2,24,31,25.0,1.0,4.0,49.2,18,9,3,14,away
221,2,NYI,2022020722,2023-01-20T00:30:00Z,2,6,26,0.0,0.0,1.0,55.9,28,6,4,24,away
222,52,WPG,2022020723,2023-01-20T00:00:00Z,1,2,38,25.0,1.0,4.0,58.9,5,7,8,26,away
223,18,NSH,2022020724,2023-01-20T01:00:00Z,2,15,26,0.0,0.0,4.0,28.6,10,9,6,30,away
224,14,TBL,2022020725,2023-01-20T02:00:00Z,3,24,31,0.0,0.0,2.0,55.0,19,6,15,27,away
225,15,WSH,2022020726,2023-01-20T02:00:00Z,4,6,33,25.0,1.0,4.0,52.8,8,6,8,21,away
226,17,DET,2022020727,2023-01-20T03:00:00Z,3,0,25,100.0,1.0,1.0,40.7,15,8,6,31,away
227,1,NJD,2022020728,2023-01-20T03:00:00Z,3,6,30,0.0,0.0,1.0,50.8,19,12,11,18,away
228,25,DAL,2022020729,2023-01-20T03:30:00Z,4,8,24,0.0,0.0,4.0,42.3,21,2,4,29,away
229,9,OTT,2022020730,2023-01-21T00:00:00Z,1,26,45,0.0,0.0,3.0,34.4,14,2,6,28,away
230,21,COL,2022020731,2023-01-21T03:00:00Z,4,8,29,50.0,2.0,4.0,47.4,7,2,1,10,away
231,24,ANA,2022020732,2023-01-21T17:30:00Z,3,9,37,0.0,0.0,1.0,50.9,9,10,5,18,away
232,14,TBL,2022020733,2023-01-21T20:00:00Z,3,27,24,0.0,0.0,6.0,64.5,18,6,15,20,away
233,30,MIN,2022020734,2023-01-21T23:00:00Z,3,9,32,100.0,2.0,2.0,50.9,16,4,12,24,away
234,4,PHI,2022020735,2023-01-22T00:00:00Z,2,8,25,0.0,0.0,1.0,40.7,31,3,7,27,away
235,28,SJS,2022020736,2023-01-22T00:00:00Z,3,9,25,0.0,0.0,1.0,47.4,13,7,1,15,away
236,10,TOR,2022020737,2023-01-22T00:00:00Z,2,10,38,0.0,0.0,2.0,63.3,14,3,7,14,away
237,52,WPG,2022020738,2023-01-22T00:00:00Z,5,15,30,25.0,2.0,8.0,48.1,17,5,3,14,away
238,12,CAR,2022020739,2023-01-22T00:30:00Z,5,8,26,0.0,0.0,3.0,48.3,15,8,13,16,away
239,53,ARI,2022020740,2023-01-22T01:00:00Z,0,8,33,0.0,0.0,3.0,38.8,7,4,9,24,away
240,16,CHI,2022020741,2023-01-22T01:00:00Z,5,15,18,0.0,0.0,2.0,48.0,15,15,3,33,away
241,26,LAK,2022020742,2023-01-22T01:00:00Z,3,9,34,25.0,1.0,4.0,45.1,15,5,11,27,away
242,21,COL,2022020743,2023-01-22T03:00:00Z,1,4,27,0.0,0.0,2.0,46.8,13,12,1,24,away
243,22,EDM,2022020744,2023-01-22T03:00:00Z,4,6,29,100.0,1.0,1.0,54.7,12,6,4,16,away
244,15,WSH,2022020745,2023-01-22T03:00:00Z,2,4,22,0.0,0.0,3.0,42.9,9,8,9,40,away
245,5,PIT,2022020746,2023-01-22T19:00:00Z,1,4,26,0.0,0.0,2.0,48.0,19,4,2,16,away
246,26,LAK,2022020747,2023-01-23T00:00:00Z,2,6,27,0.0,0.0,0.0,39.5,13,6,4,16,away
247,28,SJS,2022020748,2023-01-23T00:00:00Z,0,15,18,0.0,0.0,2.0,53.6,12,10,10,34,away
248,52,WPG,2022020749,2023-01-23T00:00:00Z,5,8,30,0.0,0.0,5.0,50.0,15,2,8,28,away
249,54,VGK,2022020750,2023-01-23T01:00:00Z,1,2,36,25.0,1.0,4.0,62.5,11,4,2,25,away
250,13,FLA,2022020751,2023-01-24T00:00:00Z,2,2,35,50.0,1.0,2.0,49.3,13,6,16,16,away
251,2,NYI,2022020752,2023-01-24T00:00:00Z,2,6,33,0.0,0.0,2.0,54.7,13,10,8,49,away
252,7,BUF,2022020753,2023-01-24T01:30:00Z,3,2,25,0.0,0.0,3.0,38.0,12,9,13,13,away
253,29,CBJ,2022020754,2023-01-24T02:30:00Z,3,11,25,50.0,2.0,4.0,42.3,21,3,12,11,away
254,6,BOS,2022020755,2023-01-25T00:00:00Z,4,8,29,33.3,1.0,3.0,45.0,11,6,10,15,away
255,13,FLA,2022020756,2023-01-25T00:00:00Z,6,10,39,33.3,1.0,3.0,41.3,28,11,4,27,away
256,26,LAK,2022020757,2023-01-25T00:00:00Z,4,8,38,20.0,1.0,5.0,66.1,9,4,3,13,away
257,30,MIN,2022020758,2023-01-25T00:00:00Z,2,15,35,25.0,1.0,4.0,45.6,16,17,6,26,away
258,54,VGK,2022020759,2023-01-25T00:30:00Z,2,7,30,0.0,0.0,3.0,35.2,21,5,9,21,away
259,28,SJS,2022020760,2023-01-25T00:00:00Z,2,6,30,0.0,0.0,1.0,44.1,9,5,4,15,away
260,7,BUF,2022020761,2023-01-25T01:00:00Z,5,6,31,0.0,0.0,2.0,42.6,5,9,5,13,away
261,52,WPG,2022020762,2023-01-25T01:00:00Z,1,11,33,0.0,0.0,3.0,50.0,11,8,11,19,away
262,24,ANA,2022020763,2023-01-25T02:00:00Z,5,18,43,33.3,1.0,3.0,49.2,19,3,8,17,away
263,15,WSH,2022020764,2023-01-25T02:00:00Z,2,0,39,0.0,0.0,2.0,47.5,15,2,4,22,away
264,16,CHI,2022020765,2023-01-25T03:00:00Z,2,30,14,0.0,0.0,3.0,52.2,17,4,1,22,away
265,2,NYI,2022020766,2023-01-26T00:00:00Z,1,11,36,0.0,0.0,3.0,55.4,19,10,10,24,away
266,3,NYR,2022020767,2023-01-26T00:00:00Z,2,6,29,0.0,0.0,2.0,50.0,16,8,8,35,away
267,12,CAR,2022020768,2023-01-26T01:30:00Z,3,9,24,0.0,0.0,2.0,58.7,8,6,8,18,away
268,29,CBJ,2022020769,2023-01-26T02:30:00Z,3,2,27,0.0,0.0,2.0,43.4,24,10,10,32,away
269,23,VAN,2022020770,2023-01-26T03:00:00Z,1,13,20,0.0,0.0,5.0,44.4,18,12,3,20,away
270,6,BOS,2022020771,2023-01-27T00:00:00Z,2,15,39,0.0,0.0,2.0,46.0,11,8,2,26,away
271,17,DET,2022020772,2023-01-27T00:00:00Z,4,9,42,50.0,1.0,2.0,47.4,19,7,9,25,away
272,5,PIT,2022020773,2023-01-27T00:00:00Z,2,10,37,0.0,0.0,1.0,53.8,20,8,5,23,away
273,7,BUF,2022020774,2023-01-27T01:00:00Z,3,6,36,50.0,1.0,2.0,55.8,15,7,9,10,away
274,1,NJD,2022020775,2023-01-27T01:00:00Z,4,4,39,0.0,0.0,2.0,58.5,15,5,10,19,away
275,24,ANA,2022020776,2023-01-27T02:00:00Z,5,4,32,0.0,0.0,2.0,45.2,15,5,7,15,away
276,16,CHI,2022020777,2023-01-27T02:00:00Z,5,6,29,0.0,0.0,1.0,56.1,18,11,16,17,away
277,4,PHI,2022020778,2023-01-27T01:00:00Z,2,28,30,0.0,0.0,3.0,44.2,21,4,5,19,away
278,19,STL,2022020779,2023-01-27T02:00:00Z,0,9,33,0.0,0.0,3.0,56.6,10,6,9,20,away
279,17,DET,2022020780,2023-01-28T00:00:00Z,0,10,23,0.0,0.0,4.0,52.0,12,4,6,21,away
280,26,LAK,2022020781,2023-01-28T00:00:00Z,4,15,33,0.0,0.0,2.0,48.3,19,8,11,17,away
281,9,OTT,2022020782,2023-01-28T00:00:00Z,6,8,34,20.0,1.0,5.0,60.0,15,5,15,22,away
282,28,SJS,2022020783,2023-01-28T00:00:00Z,4,4,30,0.0,0.0,2.0,47.8,16,10,8,22,away
283,54,VGK,2022020784,2023-01-28T00:00:00Z,1,9,34,0.0,0.0,2.0,55.4,8,6,3,31,away
284,1,NJD,2022020785,2023-01-28T01:30:00Z,3,8,29,0.0,0.0,3.0,38.1,24,7,5,14,away
285,20,CGY,2022020786,2023-01-28T03:00:00Z,5,12,38,0.0,0.0,2.0,61.3,15,9,9,19,away
286,29,CBJ,2022020787,2023-01-28T03:00:00Z,2,8,26,50.0,2.0,4.0,40.7,10,1,2,22,away
287,19,STL,2022020788,2023-01-28T20:00:00Z,2,10,28,50.0,1.0,2.0,45.8,14,7,0,24,away
288,6,BOS,2022020789,2023-01-28T23:00:00Z,3,4,40,0.0,0.0,4.0,50.0,20,6,12,13,away
289,26,LAK,2022020790,2023-01-29T00:00:00Z,2,14,28,0.0,0.0,2.0,41.4,17,7,4,30,away
290,8,MTL,2022020791,2023-01-29T00:00:00Z,0,6,28,0.0,0.0,3.0,51.1,13,3,4,42,away
291,4,PHI,2022020792,2023-01-29T00:00:00Z,4,8,33,0.0,0.0,2.0,46.6,17,7,7,11,away
292,28,SJS,2022020793,2023-01-29T00:00:00Z,6,13,32,0.0,0.0,2.0,49.2,24,14,4,40,away
293,54,VGK,2022020794,2023-01-29T00:30:00Z,1,2,46,0.0,0.0,2.0,44.1,22,5,10,23,away
294,7,BUF,2022020795,2023-01-29T02:00:00Z,2,8,31,0.0,0.0,1.0,47.4,11,6,4,5,away
295,53,ARI,2022020796,2023-01-29T03:30:00Z,1,10,34,0.0,0.0,4.0,55.7,19,5,10,11,away
296,16,CHI,2022020797,2023-01-29T03:00:00Z,3,11,29,33.3,1.0,3.0,42.6,17,8,16,27,away
297,29,CBJ,2022020798,2023-01-29T03:00:00Z,1,4,25,0.0,0.0,2.0,54.8,15,4,4,12,away
298,6,BOS,2022020799,2023-01-29T22:00:00Z,1,10,25,0.0,0.0,6.0,57.6,8,5,5,16,away
299,15,WSH,2022020800,2023-01-29T22:00:00Z,1,6,24,25.0,1.0,4.0,50.0,8,6,10,40,away
300,19,STL,2022020801,2023-01-31T01:00:00Z,2,12,26,50.0,1.0,2.0,50.8,19,7,9,21,away
301,26,LAK,2022020802,2023-02-01T00:00:00Z,4,4,21,50.0,1.0,2.0,43.1,14,10,4,16,away
302,9,OTT,2022020803,2023-02-01T00:00:00Z,5,10,29,66.7,2.0,3.0,41.1,15,7,12,23,away
303,15,WSH,2022020804,2023-02-01T00:00:00Z,4,8,34,0.0,0.0,1.0,54.1,22,5,6,15,away
304,12,CAR,2022020805,2023-02-02T00:30:00Z,5,8,34,50.0,1.0,2.0,61.5,11,8,5,12,away
305,6,BOS,2022020806,2023-02-02T00:30:00Z,5,11,29,0.0,0.0,1.0,49.0,22,9,10,31,away
306,2,NYI,2022020807,2023-02-07T00:00:00Z,2,4,30,33.3,1.0,3.0,54.8,19,4,6,27,away
307,14,TBL,2022020808,2023-02-07T00:00:00Z,1,16,33,0.0,0.0,2.0,53.2,17,2,4,13,away
308,20,CGY,2022020809,2023-02-07T00:30:00Z,4,41,32,33.3,1.0,3.0,56.7,13,4,14,25,away
309,23,VAN,2022020810,2023-02-07T00:30:00Z,4,8,30,0.0,0.0,1.0,43.3,14,4,7,33,away
310,24,ANA,2022020811,2023-02-07T01:30:00Z,2,20,34,25.0,1.0,4.0,34.5,24,8,14,11,away
311,30,MIN,2022020812,2023-02-07T02:00:00Z,2,12,35,0.0,0.0,4.0,46.4,17,5,7,26,away
312,21,COL,2022020813,2023-02-08T00:00:00Z,1,2,42,0.0,0.0,4.0,50.9,24,4,2,21,away
313,28,SJS,2022020814,2023-02-08T00:00:00Z,4,17,22,66.7,2.0,3.0,48.5,27,24,3,35,away
314,22,EDM,2022020815,2023-02-08T00:30:00Z,5,18,27,25.0,1.0,4.0,49.1,12,2,6,20,away
315,55,SEA,2022020816,2023-02-08T00:30:00Z,0,2,32,0.0,0.0,1.0,41.2,13,4,7,31,away
316,54,VGK,2022020817,2023-02-08T01:00:00Z,5,6,30,0.0,0.0,2.0,51.0,16,12,4,14,away
317,24,ANA,2022020818,2023-02-08T01:30:00Z,3,6,26,0.0,0.0,2.0,40.4,17,6,4,15,away
318,23,VAN,2022020819,2023-02-09T01:00:00Z,3,6,25,0.0,0.0,1.0,50.0,14,11,11,21,away
319,30,MIN,2022020820,2023-02-09T01:30:00Z,1,2,39,33.3,1.0,3.0,40.0,16,5,10,24,away
320,21,COL,2022020821,2023-02-10T00:00:00Z,0,26,30,0.0,0.0,2.0,30.6,17,5,1,34,away
321,22,EDM,2022020822,2023-02-10T00:00:00Z,1,6,35,0.0,0.0,0.0,48.1,17,5,8,13,away
322,28,SJS,2022020823,2023-02-10T00:00:00Z,1,7,34,0.0,0.0,3.0,51.6,16,12,9,17,away
323,55,SEA,2022020824,2023-02-10T00:00:00Z,1,8,34,0.0,0.0,3.0,39.7,11,3,6,15,away
324,20,CGY,2022020825,2023-02-10T00:00:00Z,1,10,36,0.0,0.0,3.0,51.1,11,7,1,12,away
325,23,VAN,2022020826,2023-02-10T00:30:00Z,6,6,34,50.0,2.0,4.0,46.9,15,2,9,23,away
326,54,VGK,2022020827,2023-02-10T01:00:00Z,5,8,31,0.0,0.0,1.0,51.5,17,8,3,12,away
327,55,SEA,2022020828,2023-02-11T00:00:00Z,3,6,29,20.0,1.0,5.0,40.4,10,7,6,23,away
328,10,TOR,2022020829,2023-02-11T00:00:00Z,3,6,41,25.0,1.0,4.0,41.1,14,8,3,6,away
329,53,ARI,2022020830,2023-02-11T01:30:00Z,3,4,26,0.0,0.0,2.0,46.2,10,7,8,25,away
330,5,PIT,2022020831,2023-02-11T03:00:00Z,6,6,59,25.0,1.0,4.0,54.5,6,4,10,10,away
331,23,VAN,2022020832,2023-02-11T17:00:00Z,2,12,34,33.3,1.0,3.0,53.1,10,4,5,19,away
332,20,CGY,2022020833,2023-02-11T17:30:00Z,7,10,40,33.3,1.0,3.0,50.0,22,7,4,25,away
333,22,EDM,2022020834,2023-02-11T17:30:00Z,6,13,40,20.0,1.0,5.0,50.8,13,4,11,25,away
334,2,NYI,2022020835,2023-02-11T17:30:00Z,3,4,30,50.0,1.0,2.0,55.1,13,5,13,15,away
335,18,NSH,2022020836,2023-02-11T17:30:00Z,2,10,25,0.0,0.0,1.0,61.5,13,10,8,43,away
336,14,TBL,2022020837,2023-02-11T18:00:00Z,3,10,31,0.0,0.0,1.0,49.1,15,2,14,15,away
337,15,WSH,2022020838,2023-02-11T20:30:00Z,2,12,23,25.0,1.0,4.0,44.8,14,12,20,37,away
338,21,COL,2022020839,2023-02-11T23:00:00Z,5,13,50,33.3,1.0,3.0,46.5,16,4,5,7,away
339,29,CBJ,2022020840,2023-02-12T00:00:00Z,4,4,40,0.0,0.0,4.0,50.9,18,6,8,40,away
340,3,NYR,2022020841,2023-02-12T00:00:00Z,6,4,19,100.0,1.0,1.0,43.5,15,8,19,23,away
341,53,ARI,2022020842,2023-02-12T01:00:00Z,5,10,28,50.0,2.0,4.0,33.3,14,14,6,14,away
342,1,NJD,2022020843,2023-02-12T01:00:00Z,2,13,29,0.0,0.0,2.0,52.5,22,7,4,20,away
343,16,CHI,2022020844,2023-02-12T03:00:00Z,1,11,32,0.0,0.0,3.0,49.2,18,5,7,24,away
344,5,PIT,2022020845,2023-02-12T03:30:00Z,0,30,25,0.0,0.0,5.0,54.0,11,2,3,20,away
345,22,EDM,2022020846,2023-02-12T17:30:00Z,2,15,31,16.7,1.0,6.0,72.5,14,6,13,9,away
346,28,SJS,2022020847,2023-02-12T18:30:00Z,4,6,33,25.0,1.0,4.0,62.5,18,9,10,21,away
347,55,SEA,2022020848,2023-02-12T18:00:00Z,4,4,21,0.0,0.0,1.0,55.8,15,14,5,29,away
348,24,ANA,2022020849,2023-02-12T20:00:00Z,2,4,25,0.0,0.0,3.0,41.2,13,1,4,16,away
349,20,CGY,2022020850,2023-02-14T00:30:00Z,3,10,37,25.0,1.0,4.0,57.1,11,1,3,23,away
350,53,ARI,2022020851,2023-02-14T01:00:00Z,4,10,19,100.0,1.0,1.0,30.6,12,6,8,29,away
351,13,FLA,2022020852,2023-02-14T01:00:00Z,1,12,34,0.0,0.0,7.0,43.1,14,4,5,14,away
352,17,DET,2022020853,2023-02-14T03:00:00Z,6,8,23,100.0,1.0,1.0,43.2,13,5,11,16,away
353,7,BUF,2022020854,2023-02-14T03:30:00Z,2,8,29,20.0,1.0,5.0,39.7,10,6,5,17,away
354,12,CAR,2022020855,2023-02-15T00:00:00Z,3,6,30,100.0,1.0,1.0,41.4,14,12,10,19,away
355,16,CHI,2022020856,2023-02-15T00:00:00Z,0,16,22,0.0,0.0,4.0,48.1,19,8,15,19,away
356,1,NJD,2022020857,2023-02-15T00:30:00Z,3,6,32,0.0,0.0,2.0,46.2,11,10,1,13,away
357,9,OTT,2022020858,2023-02-15T00:30:00Z,2,12,34,33.3,1.0,3.0,51.6,21,4,11,25,away
358,13,FLA,2022020859,2023-02-15T01:00:00Z,2,4,36,0.0,0.0,2.0,48.1,9,12,6,13,away
359,55,SEA,2022020860,2023-02-15T01:00:00Z,2,6,29,25.0,1.0,4.0,45.9,12,7,8,18,away
360,6,BOS,2022020861,2023-02-15T01:30:00Z,3,8,37,0.0,0.0,3.0,19.4,22,3,13,21,away
361,14,TBL,2022020862,2023-02-15T02:00:00Z,3,9,35,0.0,0.0,4.0,53.7,11,7,8,31,away
362,5,PIT,2022020863,2023-02-15T03:30:00Z,3,4,28,0.0,0.0,3.0,33.3,13,5,8,20,away
363,16,CHI,2022020864,2023-02-16T00:00:00Z,2,6,29,0.0,0.0,3.0,44.2,11,14,8,42,away
364,14,TBL,2022020865,2023-02-16T02:00:00Z,0,4,47,0.0,0.0,5.0,47.9,14,4,9,20,away
365,21,COL,2022020866,2023-02-16T02:30:00Z,3,9,19,0.0,0.0,1.0,42.3,22,2,3,22,away
366,17,DET,2022020867,2023-02-16T02:30:00Z,4,6,23,100.0,2.0,2.0,46.2,19,4,9,28,away
367,7,BUF,2022020868,2023-02-16T03:00:00Z,7,18,44,20.0,1.0,5.0,42.1,10,4,5,7,away
368,3,NYR,2022020869,2023-02-16T03:00:00Z,6,4,28,0.0,0.0,1.0,36.8,17,5,4,24,away
369,13,FLA,2022020870,2023-02-17T00:00:00Z,6,12,36,0.0,0.0,2.0,43.9,22,10,9,15,away
370,8,MTL,2022020871,2023-02-17T00:00:00Z,2,6,22,33.3,1.0,3.0,46.4,13,6,13,15,away
371,52,WPG,2022020872,2023-02-17T00:00:00Z,1,10,38,14.3,1.0,7.0,45.8,11,2,3,13,away
372,6,BOS,2022020873,2023-02-17T01:00:00Z,5,6,30,25.0,1.0,4.0,62.3,12,7,8,20,away
373,1,NJD,2022020874,2023-02-17T02:00:00Z,2,8,36,0.0,0.0,1.0,50.0,16,12,8,15,away
374,17,DET,2022020875,2023-02-17T02:00:00Z,5,4,24,50.0,2.0,4.0,55.9,23,11,6,16,away
375,4,PHI,2022020876,2023-02-17T03:00:00Z,2,11,19,0.0,0.0,1.0,61.0,19,11,5,18,away
376,28,SJS,2022020877,2023-02-17T03:00:00Z,1,24,26,0.0,0.0,1.0,34.9,22,10,7,23,away
377,16,CHI,2022020878,2023-02-18T00:00:00Z,4,6,32,0.0,0.0,3.0,50.8,15,9,10,30,away
378,5,PIT,2022020879,2023-02-18T00:00:00Z,4,4,44,0.0,0.0,1.0,57.1,14,6,14,19,away
379,25,DAL,2022020880,2023-02-18T01:00:00Z,1,8,30,0.0,0.0,4.0,53.4,13,8,3,13,away
380,3,NYR,2022020881,2023-02-18T02:00:00Z,4,8,38,50.0,2.0,4.0,48.4,17,9,7,29,away
381,26,LAK,2022020882,2023-02-18T02:00:00Z,6,13,41,75.0,3.0,4.0,69.2,10,4,7,11,away
382,21,COL,2022020883,2023-02-18T19:00:00Z,4,6,33,50.0,2.0,4.0,43.4,10,14,7,10,away
383,13,FLA,2022020884,2023-02-18T19:00:00Z,3,8,33,50.0,1.0,2.0,50.0,16,10,9,21,away
384,2,NYI,2022020885,2023-02-18T22:00:00Z,2,6,28,0.0,0.0,2.0,45.2,10,4,6,35,away
385,1,NJD,2022020886,2023-02-18T22:30:00Z,5,10,43,33.3,1.0,3.0,48.1,20,11,7,21,away
386,29,CBJ,2022020887,2023-02-18T23:00:00Z,4,2,36,0.0,0.0,1.0,53.6,18,4,8,25,away
387,8,MTL,2022020888,2023-02-19T00:00:00Z,1,6,30,0.0,0.0,1.0,39.7,14,15,8,27,away
388,15,WSH,2022020889,2023-02-19T01:00:00Z,1,13,25,0.0,0.0,2.0,50.0,22,6,13,25,away
389,3,NYR,2022020890,2023-02-19T03:00:00Z,2,6,20,50.0,1.0,2.0,51.1,13,5,20,26,away
390,4,PHI,2022020891,2023-02-19T03:00:00Z,2,4,37,50.0,1.0,2.0,39.7,10,3,8,24,away
391,53,ARI,2022020892,2023-02-19T03:30:00Z,5,10,32,33.3,1.0,3.0,48.1,22,3,10,31,away
392,7,BUF,2022020893,2023-02-19T03:30:00Z,4,4,31,0.0,0.0,1.0,51.4,9,12,11,12,away
393,17,DET,2022020894,2023-02-19T03:30:00Z,2,16,23,0.0,0.0,3.0,45.9,15,5,0,10,away
394,14,TBL,2022020895,2023-02-19T03:30:00Z,4,6,24,33.3,1.0,3.0,54.5,15,7,8,25,away
395,18,NSH,2022020896,2023-02-19T19:00:00Z,3,10,26,0.0,0.0,2.0,53.1,18,4,3,25,away
396,19,STL,2022020897,2023-02-19T19:00:00Z,2,25,32,0.0,0.0,6.0,43.5,5,1,7,23,away
397,22,EDM,2022020898,2023-02-19T20:00:00Z,5,8,40,0.0,0.0,1.0,46.8,15,7,2,27,away
398,10,TOR,2022020899,2023-02-19T23:00:00Z,3,6,35,50.0,1.0,2.0,55.8,7,10,5,20,away
399,52,WPG,2022020900,2023-02-20T00:00:00Z,2,4,25,0.0,0.0,3.0,38.9,12,9,6,10,away
400,29,CBJ,2022020901,2023-02-20T01:30:00Z,2,12,36,33.3,1.0,3.0,53.4,19,9,3,36,away
401,24,ANA,2022020902,2023-02-20T18:00:00Z,3,8,32,50.0,1.0,2.0,46.8,24,2,9,10,away
402,9,OTT,2022020903,2023-02-20T18:00:00Z,1,10,31,0.0,0.0,3.0,41.3,18,12,6,34,away
403,4,PHI,2022020904,2023-02-20T21:00:00Z,4,13,22,0.0,0.0,2.0,41.9,30,0,6,15,away
404,55,SEA,2022020905,2023-02-20T21:00:00Z,0,4,26,0.0,0.0,2.0,56.6,7,14,3,24,away
405,2,NYI,2022020906,2023-02-21T00:00:00Z,4,32,32,0.0,0.0,3.0,60.7,15,7,3,29,away
406,52,WPG,2022020907,2023-02-21T00:00:00Z,4,13,21,100.0,1.0,1.0,45.9,11,6,7,19,away
407,24,ANA,2022020908,2023-02-22T00:00:00Z,1,30,25,0.0,0.0,4.0,38.2,13,6,3,31,away
408,17,DET,2022020909,2023-02-22T00:00:00Z,3,19,25,0.0,0.0,2.0,48.9,28,7,10,23,away
409,8,MTL,2022020910,2023-02-22T00:00:00Z,5,6,18,0.0,0.0,2.0,39.2,28,8,12,15,away
410,19,STL,2022020911,2023-02-22T00:00:00Z,1,0,36,0.0,0.0,3.0,40.6,18,11,7,27,away
411,10,TOR,2022020912,2023-02-22T00:30:00Z,6,4,29,50.0,1.0,2.0,58.9,18,15,1,16,away
412,26,LAK,2022020913,2023-02-22T01:00:00Z,1,6,34,0.0,0.0,1.0,57.5,13,4,1,15,away
413,23,VAN,2022020914,2023-02-22T01:00:00Z,4,8,39,25.0,1.0,4.0,40.4,15,8,4,28,away
414,54,VGK,2022020915,2023-02-22T01:30:00Z,2,6,36,0.0,0.0,1.0,53.4,15,10,11,18,away
415,4,PHI,2022020916,2023-02-22T02:00:00Z,2,8,26,0.0,0.0,3.0,44.8,17,9,12,20,away
416,52,WPG,2022020917,2023-02-23T00:00:00Z,1,10,26,25.0,1.0,4.0,59.3,10,6,14,13,away
417,16,CHI,2022020918,2023-02-23T02:30:00Z,4,6,23,50.0,1.0,2.0,56.2,22,7,6,17,away
418,20,CGY,2022020919,2023-02-23T02:30:00Z,6,4,51,60.0,3.0,5.0,52.5,11,5,5,25,away
419,24,ANA,2022020920,2023-02-24T00:00:00Z,4,16,21,0.0,0.0,3.0,50.0,19,4,13,6,away
420,7,BUF,2022020921,2023-02-24T00:00:00Z,6,6,23,50.0,1.0,2.0,54.7,9,5,3,42,away
421,22,EDM,2022020922,2023-02-24T00:00:00Z,7,8,44,66.7,2.0,3.0,41.1,11,8,6,18,away
422,26,LAK,2022020923,2023-02-24T00:00:00Z,3,8,22,0.0,0.0,1.0,40.0,19,8,7,16,away
423,30,MIN,2022020924,2023-02-24T00:00:00Z,2,2,25,0.0,0.0,1.0,28.8,25,7,4,19,away
424,3,NYR,2022020925,2023-02-24T00:00:00Z,1,15,31,0.0,0.0,2.0,47.4,9,5,14,12,away
425,23,VAN,2022020926,2023-02-24T01:00:00Z,3,11,41,0.0,0.0,4.0,46.9,12,6,1,10,away
426,6,BOS,2022020927,2023-02-24T03:00:00Z,6,12,33,0.0,0.0,1.0,60.3,11,7,6,18,away
427,20,CGY,2022020928,2023-02-24T02:00:00Z,3,4,28,25.0,1.0,4.0,47.3,19,7,6,50,away
428,18,NSH,2022020929,2023-02-24T03:30:00Z,6,12,31,66.7,2.0,3.0,46.6,20,9,6,18,away
429,7,BUF,2022020930,2023-02-25T00:00:00Z,3,12,33,50.0,1.0,2.0,58.8,13,4,5,24,away
430,30,MIN,2022020931,2023-02-25T00:00:00Z,1,4,25,0.0,0.0,1.0,28.8,18,9,13,42,away
431,8,MTL,2022020932,2023-02-25T00:00:00Z,5,5,31,50.0,1.0,2.0,55.4,15,7,10,17,away
432,9,OTT,2022020933,2023-02-25T00:00:00Z,0,4,32,0.0,0.0,5.0,41.3,12,7,5,33,away
433,26,LAK,2022020934,2023-02-25T00:30:00Z,3,6,28,0.0,0.0,2.0,57.9,14,9,4,11,away
434,21,COL,2022020935,2023-02-25T01:00:00Z,5,10,36,0.0,0.0,3.0,52.5,12,9,4,18,away
435,22,EDM,2022020936,2023-02-25T17:30:00Z,5,10,47,25.0,1.0,4.0,63.9,8,4,4,17,away
436,3,NYR,2022020937,2023-02-25T18:00:00Z,3,11,26,20.0,1.0,5.0,52.8,14,8,10,25,away
437,24,ANA,2022020938,2023-02-26T00:00:00Z,3,8,16,0.0,0.0,3.0,50.8,20,7,12,5,away
438,6,BOS,2022020939,2023-02-26T00:00:00Z,3,6,35,33.3,1.0,3.0,64.9,7,5,2,15,away
439,9,OTT,2022020940,2023-02-26T00:00:00Z,5,11,22,0.0,0.0,1.0,47.7,14,3,21,18,away
440,4,PHI,2022020941,2023-02-26T00:00:00Z,0,7,23,0.0,0.0,2.0,44.1,11,4,10,17,away
441,14,TBL,2022020942,2023-02-26T01:00:00Z,3,8,18,0.0,0.0,2.0,51.9,29,3,5,9,away
442,5,PIT,2022020943,2023-02-25T20:30:00Z,3,6,48,0.0,0.0,2.0,53.4,14,7,4,26,away
443,20,CGY,2022020944,2023-02-26T03:00:00Z,1,15,29,20.0,1.0,5.0,50.0,10,5,3,24,away
444,25,DAL,2022020945,2023-02-26T03:00:00Z,2,4,43,0.0,0.0,4.0,49.1,18,7,3,33,away
445,16,CHI,2022020946,2023-02-26T03:00:00Z,3,7,35,0.0,0.0,4.0,39.0,19,9,3,17,away
446,15,WSH,2022020947,2023-02-26T18:00:00Z,4,13,30,50.0,1.0,2.0,42.1,10,0,4,17,away
447,29,CBJ,2022020948,2023-02-26T19:00:00Z,2,4,24,0.0,0.0,2.0,50.9,16,5,5,16,away
448,2,NYI,2022020949,2023-02-26T20:30:00Z,4,11,24,0.0,0.0,1.0,51.0,24,4,8,22,away
449,26,LAK,2022020950,2023-02-26T22:00:00Z,2,8,28,25.0,1.0,4.0,56.1,11,2,6,9,away
450,14,TBL,2022020951,2023-02-26T23:00:00Z,3,4,29,33.3,1.0,3.0,45.5,15,6,14,28,away
451,18,NSH,2022020952,2023-02-27T00:00:00Z,6,10,34,66.7,2.0,3.0,51.8,16,7,6,21,away
452,10,TOR,2022020953,2023-02-27T00:00:00Z,5,4,33,0.0,0.0,1.0,71.4,18,12,8,10,away
453,6,BOS,2022020954,2023-02-28T01:30:00Z,3,4,28,0.0,0.0,5.0,42.9,15,10,21,23,away
454,23,VAN,2022020955,2023-02-28T01:30:00Z,5,10,21,33.3,1.0,3.0,41.2,21,6,9,24,away
455,54,VGK,2022020956,2023-02-28T02:00:00Z,0,6,31,0.0,0.0,1.0,57.1,19,10,1,21,away
456,16,CHI,2022020957,2023-02-28T03:00:00Z,2,10,26,50.0,2.0,4.0,46.4,15,7,6,12,away
457,29,CBJ,2022020958,2023-03-01T00:30:00Z,5,6,36,100.0,1.0,1.0,46.7,14,9,15,25,away
458,17,DET,2022020959,2023-03-01T00:00:00Z,1,33,17,0.0,0.0,8.0,50.8,13,5,12,34,away
459,13,FLA,2022020960,2023-03-01T00:00:00Z,4,10,41,0.0,0.0,2.0,46.2,22,6,6,27,away
460,26,LAK,2022020961,2023-03-01T01:00:00Z,5,8,37,25.0,1.0,4.0,54.1,23,4,7,25,away
461,2,NYI,2022020962,2023-03-01T01:00:00Z,1,7,40,0.0,0.0,0.0,59.5,16,3,5,27,away
462,5,PIT,2022020963,2023-03-01T01:00:00Z,3,4,34,0.0,0.0,3.0,63.6,20,10,10,26,away
463,55,SEA,2022020964,2023-03-01T01:00:00Z,5,8,26,0.0,0.0,2.0,57.7,16,12,4,16,away
464,6,BOS,2022020965,2023-03-01T02:00:00Z,4,13,20,33.3,1.0,3.0,52.2,23,7,10,11,away
465,16,CHI,2022020966,2023-03-01T02:00:00Z,1,7,24,0.0,0.0,2.0,56.2,13,3,5,21,away
466,8,MTL,2022020967,2023-03-01T03:30:00Z,3,6,32,0.0,0.0,3.0,48.5,18,8,12,18,away
467,3,NYR,2022020968,2023-03-02T00:30:00Z,3,6,25,100.0,1.0,1.0,58.7,7,2,10,30,away
468,10,TOR,2022020969,2023-03-02T01:00:00Z,2,13,28,33.3,1.0,3.0,56.5,13,5,6,22,away
469,53,ARI,2022020970,2023-03-02T01:30:00Z,2,8,20,20.0,1.0,5.0,35.8,13,7,11,20,away
470,1,NJD,2022020971,2023-03-02T02:00:00Z,7,2,29,50.0,1.0,2.0,50.0,17,10,6,13,away
471,12,CAR,2022020972,2023-03-02T03:00:00Z,2,2,26,0.0,0.0,0.0,43.9,16,10,6,24,away
472,15,WSH,2022020973,2023-03-02T03:00:00Z,3,9,39,0.0,0.0,3.0,45.8,9,9,6,14,away
473,7,BUF,2022020974,2023-03-03T00:00:00Z,1,8,27,0.0,0.0,3.0,57.6,8,8,14,22,away
474,18,NSH,2022020975,2023-03-03T00:00:00Z,2,0,23,100.0,1.0,1.0,56.9,28,7,10,33,away
475,9,OTT,2022020976,2023-03-03T00:00:00Z,5,21,34,0.0,0.0,3.0,51.0,17,12,10,18,away
476,5,PIT,2022020977,2023-03-03T00:00:00Z,5,10,32,0.0,0.0,5.0,50.0,9,8,9,28,away
477,55,SEA,2022020978,2023-03-03T00:00:00Z,5,11,37,20.0,1.0,5.0,39.7,7,4,10,20,away
478,25,DAL,2022020979,2023-03-03T01:30:00Z,5,4,36,66.7,2.0,3.0,51.9,16,6,5,17,away
479,10,TOR,2022020980,2023-03-03T02:00:00Z,2,4,34,0.0,0.0,2.0,55.6,18,7,9,18,away
480,30,MIN,2022020981,2023-03-03T03:00:00Z,2,11,36,0.0,0.0,5.0,52.5,18,3,1,20,away
481,8,MTL,2022020982,2023-03-03T03:30:00Z,2,8,21,33.3,1.0,3.0,49.1,12,5,7,19,away
482,19,STL,2022020983,2023-03-03T03:30:00Z,6,2,23,66.7,2.0,3.0,41.1,16,13,9,30,away
483,55,SEA,2022020984,2023-03-04T00:00:00Z,4,8,35,50.0,2.0,4.0,48.4,10,4,4,11,away
484,52,WPG,2022020985,2023-03-04T02:00:00Z,3,20,28,33.3,1.0,3.0,49.2,12,13,11,25,away
485,12,CAR,2022020986,2023-03-04T02:30:00Z,6,6,42,75.0,3.0,4.0,56.4,10,4,4,20,away
486,8,MTL,2022020987,2023-03-04T03:00:00Z,2,6,28,0.0,0.0,3.0,53.7,19,5,7,11,away
487,1,NJD,2022020988,2023-03-04T03:00:00Z,3,2,50,50.0,1.0,2.0,54.1,15,5,6,17,away
488,17,DET,2022020989,2023-03-04T17:30:00Z,1,4,23,33.3,1.0,3.0,31.7,11,1,10,18,away
489,4,PHI,2022020990,2023-01-10T00:00:00Z,4,4,38,0.0,0.0,3.0,52.8,8,4,3,16,away
490,3,NYR,2022020991,2023-03-04T18:00:00Z,2,11,26,33.3,1.0,3.0,43.1,16,13,11,24,away
491,5,PIT,2022020992,2023-03-04T23:00:00Z,1,32,32,20.0,1.0,5.0,60.0,13,5,10,14,away
492,15,WSH,2022020993,2023-03-04T23:00:00Z,8,8,30,33.3,1.0,3.0,61.0,20,14,6,28,away
493,29,CBJ,2022020994,2023-03-05T00:00:00Z,2,6,21,50.0,1.0,2.0,40.7,14,6,14,24,away
494,22,EDM,2022020995,2023-03-05T00:00:00Z,5,11,35,66.7,2.0,3.0,49.3,15,6,6,13,away
495,10,TOR,2022020996,2023-03-05T00:00:00Z,1,21,37,25.0,1.0,4.0,54.0,16,2,7,16,away
496,21,COL,2022020997,2023-03-04T20:30:00Z,3,10,35,50.0,1.0,2.0,44.2,17,3,3,19,away
497,18,NSH,2022020998,2023-03-05T01:00:00Z,3,8,25,33.3,1.0,3.0,53.8,10,8,4,25,away
498,30,MIN,2022020999,2023-03-05T03:00:00Z,3,4,33,0.0,0.0,2.0,60.9,20,3,8,18,away
499,19,STL,2022021000,2023-03-05T03:30:00Z,2,6,26,0.0,0.0,3.0,49.0,15,4,4,26,away
