goalie_id,save_pctg,save_pctg_percentile,save_pctg_close,save_pctg_close_percentile,shots,shots_percentile,shots_per_60,shots_per_60_percentile
8475683,0.8875,0.1186,0.8909,0.1356,978,0.661,24.7998,0.2203
8480193,0.9008,0.339,0.9305,0.9492,716,0.3898,28.3533,0.8305
8481519,0.9088,0.5932,0.9308,0.9661,1272,0.9831,28.6397,0.8814
8482821,0.883,0.0678,0.9025,0.322,641,0.2712,31.9656,1.0
8471734,0.8918,0.1864,0.902,0.2881,527,0.0847,27.0079,0.5763
8477465,0.8943,0.2542,0.9041,0.3898,634,0.2373,25.9854,0.3729
8478048,0.9261,0.9492,0.9323,0.9831,1096,0.7966,26.4978,0.4407
8481668,0.8929,0.2203,0.8902,0.1186,812,0.4746,27.1731,0.6271
8475311,0.9106,0.6271,0.9269,0.8644,928,0.6102,23.9922,0.1186
8475809,0.9274,1.0,0.9293,0.9322,840,0.5254,25.042,0.2881
8476341,0.9262,0.9661,0.9138,0.5932,745,0.4237,26.8643,0.5254
8481529,0.9494,1.0,0.95,1.0,79,0.0,26.1325,0.3729
8476932,0.8909,0.1525,0.8843,0.0847,541,0.1017,28.9253,0.9153
8478470,0.8865,0.0847,0.8918,0.1525,467,0.0339,25.549,0.3559
8480051,0.8154,0.0,0.8667,0.0169,65,0.0,25.9769,0.3559
8482487,0.9139,0.7119,0.9269,0.8644,906,0.5763,26.8927,0.5424
8476914,0.9029,0.4068,0.88,0.0678,649,0.2881,28.2583,0.8136
8479292,0.8957,0.2542,0.9101,0.4576,441,0.0,26.9867,0.5593
8480280,0.9236,0.9153,0.9191,0.7119,1139,0.8305,26.751,0.4915
8480313,0.9231,0.8983,0.9384,1.0,1223,0.9322,26.5955,0.4746
8475717,0.8773,0.0339,0.8873,0.0847,326,0.0,27.3484,0.6949
8479973,0.9001,0.322,0.9002,0.2203,991,0.6949,24.4918,0.1356
8481692,0.904,0.4407,0.8998,0.1864,1198,0.9153,28.1831,0.7797
8482445,0.9095,0.6102,0.9286,0.9153,652,0.3051,28.4192,0.8475
8478499,0.8772,0.0339,0.871,0.0339,456,0.0169,22.2048,0.0169
8481033,0.9065,0.5424,0.9098,0.4576,631,0.2034,22.9875,0.0678
8479312,0.9148,0.7458,0.9253,0.8136,751,0.4407,28.0999,0.7627
8481551,0.9132,0.6949,0.9059,0.4068,357,0.0,29.249,0.9322
8475660,0.8924,0.2034,0.9029,0.339,641,0.2712,27.1438,0.6102
8476434,0.9124,0.6441,0.9189,0.6949,1142,0.8475,26.5097,0.4576
8476883,0.9126,0.678,0.9075,0.4407,1121,0.8136,24.722,0.1864
8476999,0.9025,0.3898,0.9136,0.5763,923,0.5932,23.9543,0.1017
8477992,0.9031,0.4237,0.9004,0.2373,516,0.0508,27.2048,0.6441
8482447,0.8689,0.0,0.8545,0.0,351,0.0,24.1468,0.1186
8478435,0.9265,0.9831,0.9208,0.7458,979,0.678,24.5116,0.1525
8481035,0.8743,0.0169,0.878,0.0508,557,0.1356,22.5742,0.0508
8478009,0.9149,0.7966,0.9215,0.7627,1187,0.8814,27.3161,0.6949
8479496,0.9014,0.3729,0.9051,0.4068,568,0.1525,25.4623,0.339
8474593,0.8917,0.1695,0.903,0.3559,877,0.5593,25.1086,0.3051
8474596,0.906,0.4915,0.9007,0.2542,851,0.5424,27.8057,0.7119
8475883,0.8818,0.0508,0.8566,0.0169,660,0.322,23.4894,0.0847
8483548,0.9064,0.5254,0.9124,0.5424,716,0.3898,22.4876,0.0339
8476412,0.887,0.1017,0.9204,0.7288,814,0.5085,25.4287,0.322
8479406,0.9149,0.7966,0.9145,0.6102,1093,0.7797,27.3009,0.678
8480981,0.915,0.8136,0.9151,0.6271,965,0.6441,27.2642,0.661
8482661,0.9213,0.8814,0.9275,0.8983,801,0.4576,29.5793,0.9492
8477424,0.8995,0.3051,0.9039,0.3729,1343,1.0,29.2368,0.9322
8478007,0.8972,0.2712,0.8877,0.1017,632,0.2203,27.1426,0.5932
8481020,0.9185,0.8305,0.917,0.678,552,0.1186,27.8616,0.7288
8482982,0.919,0.8475,0.9252,0.7966,1197,0.8983,26.962,0.5593
8476945,0.9074,0.5763,0.9119,0.5254,1231,0.9492,26.4818,0.4237
8477480,0.906,0.4915,0.9,0.2034,521,0.0678,27.9869,0.7458
8479193,0.921,0.8644,0.917,0.678,582,0.1695,24.904,0.2712
8479979,0.9126,0.678,0.9259,0.8305,1053,0.7458,24.7286,0.2034
8477970,0.8834,0.0678,0.8812,0.0678,386,0.0,23.8394,0.0847
8478872,0.9064,0.5254,0.9153,0.6441,1250,0.9661,24.8925,0.2542
8477967,0.9104,0.6102,0.9072,0.4068,402,0.0,27.2291,0.6441
8480947,0.8904,0.1356,0.8981,0.1695,1031,0.7288,28.8367,0.8983
8477968,0.9054,0.4576,0.9112,0.4915,814,0.5085,26.4343,0.4068
8482137,0.8935,0.2373,0.9074,0.4237,1014,0.7119,29.5816,0.9661
8475831,0.9254,0.9322,0.927,0.8814,697,0.339,28.2469,0.7966
8475852,0.8743,0.0,0.8654,0.0169,191,0.0,28.1572,0.7627
8478916,0.9131,0.6949,0.9242,0.7797,1059,0.7627,28.6092,0.8644
8480843,0.8991,0.2881,0.9013,0.2712,1160,0.8644,26.7531,0.5085
8476899,0.9512,1.0,0.9474,1.0,82,0.0,28.1143,0.7627
8482076,0.9041,0.4407,0.8571,0.0169,73,0.0,27.9218,0.7288
8477831,0.9091,0.5932,1.0,1.0,22,0.0,26.1472,0.3729
8481544,0.8571,0.0,NaN,NaN,NaN,NaN,NaN,NaN
8480045,NaN,NaN,0.9021,0.3051,705,0.3559,26.1936,0.3898
8482761,0.9149,0.7966,0.8529,0.0,138,0.0,21.7818,0.0
8483710,0.8696,0.0,0.915,0.6102,424,0.0,31.0093,0.9661
8482411,0.9151,0.8136,NaN,NaN,NaN,NaN,NaN,NaN
8478406,0.8889,0.1186,0.9101,0.4746,726,0.4068,24.8746,0.2373
8482783,NaN,NaN,0.7692,0.0,40,0.0,23.6182,0.0847
8481611,0.9146,0.7288,0.8727,0.0339,146,0.0,21.8918,0.0
8483703,0.825,0.0,0.8387,0.0,84,0.0,22.2549,0.0169
8480238,0.8973,0.2712,0.8,0.0,32,0.0,48.7929,1.0
8482515,0.9048,0.4407,0.8667,0.0169,64,0.0,35.6877,1.0
8479361,0.8438,0.0,0.9117,0.5085,964,0.6271,31.5706,0.9831
8483114,0.9063,0.4915,0.8421,0.0,55,0.0,27.8168,0.7119
8482193,0.9066,0.5593,0.9375,0.9831,71,0.0,28.3151,0.8136
8478024,0.8545,0.0,0.8533,0.0,405,0.0,27.3597,0.6949
8484268,0.9437,1.0,0.8894,0.1017,478,0.0339,30.1821,0.9661
8483746,0.884,0.0678,NaN,NaN,NaN,NaN,NaN,NaN
8477484,0.8849,0.0678,0.9048,0.3898,110,0.0,28.3708,0.8305
8479394,0.8333,0.0,0.8857,0.0847,335,0.0,24.464,0.1186
8477990,NaN,NaN,0.5,0.0,17,0.0,20.6199,0.0
8483532,0.8727,0.0,0.92,0.7119,83,0.0,25.0419,0.2712
8484170,0.8836,0.0678,0.916,0.6441,328,0.0,24.5483,0.1525
8478971,0.8235,0.0,0.9125,0.5593,608,0.1864,24.6625,0.1695
8477405,0.9157,0.8136,NaN,NaN,NaN,NaN,NaN,NaN
8482123,0.9116,0.6271,0.8929,0.1525,67,0.0,28.0237,0.7458
8473503,0.9013,0.3559,0.9158,0.6441,216,0.0,19.9431,0.0
8480022,0.5,0.0,NaN,NaN,NaN,NaN,NaN,NaN
8476316,NaN,NaN,0.7692,0.0,20,0.0,23.8727,0.0847
8483668,0.8955,0.2542,0.8485,0.0,73,0.0,27.4579,0.6949
8484910,0.8981,0.2712,0.9231,0.7627,29,0.0,39.9694,1.0
8482949,1.0,1.0,1.0,1.0,26,0.0,31.9345,0.9831
