goalie_id,total_shots_against,total_goals_against,total_saves,total_save_pctg,behind_the_net_shots_against,behind_the_net_goals_against,behind_the_net_saves,behind_the_net_save_pctg,beyond_red_line_shots_against,beyond_red_line_goals_against,beyond_red_line_saves,beyond_red_line_save_pctg,center_point_shots_against,center_point_goals_against,center_point_saves,center_point_save_pctg,crease_shots_against,crease_goals_against,crease_saves,crease_save_pctg,high_slot_shots_against,high_slot_goals_against,high_slot_saves,high_slot_save_pctg,l_circle_shots_against,l_circle_goals_against,l_circle_saves,l_circle_save_pctg,l_corner_shots_against,l_corner_goals_against,l_corner_saves,l_corner_save_pctg,l_net_side_shots_against,l_net_side_goals_against,l_net_side_saves,l_net_side_save_pctg,l_point_shots_against,l_point_goals_against,l_point_saves,l_point_save_pctg,low_slot_shots_against,low_slot_goals_against,low_slot_saves,low_slot_save_pctg,off_neu_zone_shots_against,off_neu_zone_goals_against,off_neu_zone_saves,off_neu_zone_save_pctg,outside_l_shots_against,outside_l_goals_against,outside_l_saves,outside_l_save_pctg,outside_r_shots_against,outside_r_goals_against,outside_r_saves,outside_r_save_pctg,r_circle_shots_against,r_circle_goals_against,r_circle_saves,r_circle_save_pctg,r_corner_shots_against,r_corner_goals_against,r_corner_saves,r_corner_save_pctg,r_net_side_shots_against,r_net_side_goals_against,r_net_side_saves,r_net_side_save_pctg,r_point_shots_against,r_point_goals_against,r_point_saves,r_point_save_pctg
8475683,1250,154,1096,0.8768,6,0,6,1.0,46,0,46,1.0,113,5,108,0.955752,43,9,34,0.790698,113,18,95,0.840708,92,8,84,0.913043,1,0,1,1.0,23,1,22,0.956522,89,2,87,0.977528,349,86,263,0.753582,35,0,35,1.0,68,3,65,0.955882,50,2,48,0.96,107,10,97,0.906542,1,0,1,1.0,25,8,17,0.68,89,2,87,0.977528
8480193,925,97,828,0.895135,6,1,5,0.833333,27,0,27,1.0,82,8,74,0.902439,26,5,21,0.807692,88,19,69,0.784091,87,4,83,0.954023,2,0,2,1.0,16,2,14,0.875,63,1,62,0.984127,234,38,196,0.837607,25,0,25,1.0,47,4,43,0.914894,43,1,42,0.976744,90,11,79,0.877778,4,0,4,1.0,21,2,19,0.904762,64,1,63,0.984375
8481519,1583,155,1428,0.902085,12,2,10,0.833333,47,0,47,1.0,108,5,103,0.953704,74,15,59,0.797297,131,18,113,0.862595,137,20,117,0.854015,3,0,3,1.0,49,5,44,0.897959,107,1,106,0.990654,436,63,373,0.855505,44,0,44,1.0,70,3,67,0.957143,77,4,73,0.948052,145,16,129,0.889655,1,0,1,1.0,36,2,34,0.944444,106,1,105,0.990566
8482821,774,93,681,0.879845,5,0,5,1.0,14,0,14,1.0,53,1,52,0.981132,33,8,25,0.757576,76,10,66,0.868421,58,7,51,0.87931,1,0,1,1.0,14,1,13,0.928571,44,2,42,0.954545,235,50,185,0.787234,16,0,16,1.0,31,0,31,1.0,40,2,38,0.95,67,10,57,0.850746,1,0,1,1.0,22,0,22,1.0,64,2,62,0.96875
8471734,671,73,598,0.891207,3,0,3,1.0,10,0,10,1.0,53,1,52,0.981132,19,7,12,0.631579,67,10,57,0.850746,60,8,52,0.866667,1,0,1,1.0,15,3,12,0.8,62,1,61,0.983871,151,30,121,0.801325,8,0,8,1.0,43,4,39,0.906977,33,0,33,1.0,74,5,69,0.932432,2,0,2,1.0,18,1,17,0.944444,52,3,49,0.942308
8477465,832,98,734,0.882212,6,1,5,0.833333,10,0,10,1.0,54,2,52,0.962963,25,3,22,0.88,76,10,66,0.868421,86,12,74,0.860465,1,0,1,1.0,22,3,19,0.863636,44,2,42,0.954545,221,40,181,0.819005,21,0,21,1.0,51,2,49,0.960784,57,3,54,0.947368,87,13,74,0.850575,0,0,0,0.0,17,1,16,0.941176,54,6,48,0.888889
8478048,1425,126,1299,0.911579,8,0,8,1.0,36,0,36,1.0,114,5,109,0.95614,39,11,28,0.717949,168,16,152,0.904762,139,15,124,0.892086,2,0,2,1.0,26,7,19,0.730769,82,3,79,0.963415,349,50,299,0.856734,29,0,29,1.0,67,2,65,0.970149,77,2,75,0.974026,140,11,129,0.921429,3,0,3,1.0,30,1,29,0.966667,116,3,113,0.974138
8481668,1020,114,906,0.888235,6,1,5,0.833333,21,0,21,1.0,85,5,80,0.941176,32,10,22,0.6875,114,14,100,0.877193,123,7,116,0.943089,2,0,2,1.0,24,4,20,0.833333,68,1,67,0.985294,253,54,199,0.786561,22,0,22,1.0,63,0,63,1.0,36,4,32,0.888889,92,10,82,0.891304,1,0,1,1.0,23,1,22,0.956522,55,3,52,0.945455
8475311,1234,134,1100,0.89141,14,1,13,0.928571,31,0,31,1.0,105,5,100,0.952381,34,12,22,0.647059,117,22,95,0.811966,120,10,110,0.916667,0,0,0,0.0,37,6,31,0.837838,73,4,69,0.945205,317,54,263,0.829653,33,0,33,1.0,62,6,56,0.903226,66,2,64,0.969697,117,8,109,0.931624,1,0,1,1.0,33,4,29,0.878788,74,0,74,1.0
8475809,1093,86,1007,0.921317,11,4,7,0.636364,37,0,37,1.0,85,6,79,0.929412,38,3,35,0.921053,83,4,79,0.951807,91,8,83,0.912088,2,0,2,1.0,29,1,28,0.965517,94,0,94,1.0,268,47,221,0.824627,30,0,30,1.0,67,3,64,0.955224,73,2,71,0.972603,97,5,92,0.948454,1,0,1,1.0,24,3,21,0.875,63,0,63,1.0
8476341,952,86,866,0.909664,15,2,13,0.866667,20,0,20,1.0,68,3,65,0.955882,26,4,22,0.846154,87,13,74,0.850575,87,10,77,0.885057,3,0,3,1.0,28,3,25,0.892857,73,0,73,1.0,214,32,182,0.850467,31,0,31,1.0,47,3,44,0.93617,56,1,55,0.982143,96,6,90,0.9375,2,0,2,1.0,30,7,23,0.766667,69,2,67,0.971014
8481529,104,7,97,0.932692,0,0,0,0.0,4,0,4,1.0,13,0,13,1.0,2,0,2,1.0,9,1,8,0.888889,15,3,12,0.8,0,0,0,0.0,2,0,2,1.0,7,0,7,1.0,16,1,15,0.9375,3,0,3,1.0,13,1,12,0.923077,3,0,3,1.0,6,1,5,0.833333,0,0,0,0.0,5,0,5,1.0,6,0,6,1.0
8476932,708,76,632,0.892655,3,0,3,1.0,13,0,13,1.0,51,1,50,0.980392,28,2,26,0.928571,79,9,70,0.886076,71,11,60,0.84507,2,0,2,1.0,24,0,24,1.0,42,1,41,0.97619,174,35,139,0.798851,14,0,14,1.0,39,3,36,0.923077,41,2,39,0.95122,68,7,61,0.897059,1,0,1,1.0,13,3,10,0.769231,45,2,43,0.955556
8478470,635,81,554,0.872441,3,0,3,1.0,21,0,21,1.0,44,6,38,0.863636,37,7,30,0.810811,70,13,57,0.814286,45,3,42,0.933333,0,0,0,0.0,18,1,17,0.944444,45,3,42,0.933333,164,36,128,0.780488,11,0,11,1.0,29,2,27,0.931034,28,2,26,0.928571,72,6,66,0.916667,0,0,0,0.0,17,1,16,0.941176,31,1,30,0.967742
8480051,80,13,67,0.8375,0,0,0,0.0,0,0,0,0.0,4,1,3,0.75,3,1,2,0.666667,7,1,6,0.857143,12,2,10,0.833333,0,0,0,0.0,1,0,1,1.0,8,1,7,0.875,15,4,11,0.733333,2,0,2,1.0,6,0,6,1.0,2,0,2,1.0,14,3,11,0.785714,0,0,0,0.0,2,0,2,1.0,4,0,4,1.0
8482487,1187,117,1070,0.901432,8,0,8,1.0,35,0,35,1.0,87,5,82,0.942529,42,10,32,0.761905,113,20,93,0.823009,118,6,112,0.949153,0,0,0,0.0,23,2,21,0.913043,90,2,88,0.977778,281,48,233,0.829181,23,0,23,1.0,70,3,67,0.957143,60,0,60,1.0,120,16,104,0.866667,1,0,1,1.0,29,5,24,0.827586,87,0,87,1.0
8476914,851,90,761,0.894242,10,1,9,0.9,16,0,16,1.0,67,2,65,0.970149,37,11,26,0.702703,83,15,68,0.819277,83,9,74,0.891566,4,0,4,1.0,24,2,22,0.916667,59,2,57,0.966102,218,30,188,0.862385,10,0,10,1.0,45,3,42,0.933333,44,0,44,1.0,63,9,54,0.857143,1,0,1,1.0,21,4,17,0.809524,66,2,64,0.969697
8479292,602,73,529,0.878738,4,0,4,1.0,13,0,13,1.0,53,7,46,0.867925,25,11,14,0.56,65,11,54,0.830769,75,4,71,0.946667,3,0,3,1.0,16,0,16,1.0,27,0,27,1.0,138,26,112,0.811594,13,1,12,0.923077,28,1,27,0.964286,35,2,33,0.942857,58,9,49,0.844828,0,0,0,0.0,10,0,10,1.0,39,1,38,0.974359
8480280,1571,145,1426,0.907702,13,2,11,0.846154,38,0,38,1.0,123,8,115,0.934959,57,14,43,0.754386,151,16,135,0.89404,150,8,142,0.946667,3,0,3,1.0,51,7,44,0.862745,106,5,101,0.95283,395,59,336,0.850633,30,0,30,1.0,80,2,78,0.975,94,11,83,0.882979,144,8,136,0.944444,2,0,2,1.0,41,0,41,1.0,93,5,88,0.946237
8480313,1587,140,1447,0.911783,9,0,9,1.0,47,0,47,1.0,116,8,108,0.931034,46,12,34,0.73913,141,18,123,0.87234,152,9,143,0.940789,3,0,3,1.0,42,3,39,0.928571,110,3,107,0.972727,413,65,348,0.842615,30,0,30,1.0,85,5,80,0.941176,82,1,81,0.987805,152,9,143,0.940789,5,0,5,1.0,46,6,40,0.869565,108,1,107,0.990741
8475717,410,53,357,0.870732,6,1,5,0.833333,11,0,11,1.0,26,0,26,1.0,25,9,16,0.64,43,2,41,0.953488,52,7,45,0.865385,2,0,2,1.0,9,1,8,0.888889,22,1,21,0.954545,98,24,74,0.755102,8,0,8,1.0,20,0,20,1.0,20,2,18,0.9,38,6,32,0.842105,2,0,2,1.0,10,0,10,1.0,18,0,18,1.0
8479973,1267,142,1125,0.887924,13,1,12,0.923077,30,0,30,1.0,101,10,91,0.90099,48,17,31,0.645833,113,17,96,0.849558,120,9,111,0.925,3,0,3,1.0,33,3,30,0.909091,69,0,69,1.0,329,59,270,0.820669,21,0,21,1.0,65,3,62,0.953846,68,4,64,0.941176,145,16,129,0.889655,6,0,6,1.0,25,2,23,0.92,78,1,77,0.987179
8481692,1558,157,1401,0.89923,10,2,8,0.8,48,0,48,1.0,110,4,106,0.963636,52,16,36,0.692308,129,18,111,0.860465,165,12,153,0.927273,6,0,6,1.0,37,6,31,0.837838,80,2,78,0.975,383,74,309,0.806789,41,0,41,1.0,106,2,104,0.981132,90,5,85,0.944444,166,15,151,0.909639,2,0,2,1.0,31,1,30,0.967742,102,0,102,1.0
8482445,847,77,770,0.909091,5,2,3,0.6,26,0,26,1.0,54,2,52,0.962963,31,5,26,0.83871,84,13,71,0.845238,70,4,66,0.942857,3,0,3,1.0,22,2,20,0.909091,52,1,51,0.980769,235,35,200,0.851064,26,0,26,1.0,38,0,38,1.0,45,1,44,0.977778,86,10,76,0.883721,0,0,0,0.0,16,1,15,0.9375,54,1,53,0.981481
8478499,587,76,511,0.870528,4,2,2,0.5,25,0,25,1.0,36,1,35,0.972222,19,7,12,0.631579,53,14,39,0.735849,50,3,47,0.94,1,0,1,1.0,10,1,9,0.9,34,0,34,1.0,148,31,117,0.790541,15,0,15,1.0,40,0,40,1.0,36,2,34,0.944444,67,13,54,0.80597,0,0,0,0.0,9,1,8,0.888889,40,1,39,0.975
8481033,791,85,706,0.892541,7,0,7,1.0,20,0,20,1.0,46,7,39,0.847826,29,7,22,0.758621,79,8,71,0.898734,81,6,75,0.925926,0,0,0,0.0,19,2,17,0.894737,57,2,55,0.964912,176,37,139,0.789773,17,0,17,1.0,46,3,43,0.934783,43,2,41,0.953488,83,10,73,0.879518,4,0,4,1.0,18,1,17,0.944444,66,0,66,1.0
8479312,979,91,888,0.907048,4,0,4,1.0,28,0,28,1.0,68,2,66,0.970588,38,4,34,0.894737,95,10,85,0.894737,114,15,99,0.868421,0,0,0,0.0,21,0,21,1.0,62,0,62,1.0,243,46,197,0.8107,23,0,23,1.0,54,3,51,0.944444,50,1,49,0.98,94,9,85,0.904255,0,0,0,0.0,28,0,28,1.0,57,1,56,0.982456
8481551,455,44,411,0.903297,2,0,2,1.0,11,0,11,1.0,44,1,43,0.977273,12,3,9,0.75,43,4,39,0.906977,37,4,33,0.891892,1,0,1,1.0,8,1,7,0.875,29,1,28,0.965517,114,20,94,0.824561,15,0,15,1.0,27,1,26,0.962963,25,3,22,0.88,38,3,35,0.921053,0,0,0,0.0,12,2,10,0.833333,37,1,36,0.972973
8475660,797,93,704,0.883312,7,0,7,1.0,25,0,25,1.0,56,1,55,0.982143,18,12,6,0.333333,88,13,75,0.852273,62,9,53,0.854839,2,0,2,1.0,22,1,21,0.954545,58,4,54,0.931034,193,42,151,0.782383,14,0,14,1.0,47,1,46,0.978723,50,4,46,0.92,84,4,80,0.952381,1,0,1,1.0,24,2,22,0.916667,46,0,46,1.0
8476434,1461,144,1317,0.901437,8,1,7,0.875,37,0,37,1.0,113,6,107,0.946903,58,9,49,0.844828,146,23,123,0.842466,149,9,140,0.939597,2,0,2,1.0,34,1,33,0.970588,89,4,85,0.955056,335,64,271,0.808955,25,0,25,1.0,102,3,99,0.970588,85,3,82,0.964706,146,18,128,0.876712,1,0,1,1.0,29,0,29,1.0,102,3,99,0.970588
8476883,1483,130,1353,0.91234,12,1,11,0.916667,42,0,42,1.0,124,6,118,0.951613,55,9,46,0.836364,156,19,137,0.878205,167,11,156,0.934132,3,0,3,1.0,32,3,29,0.90625,117,2,115,0.982906,362,56,306,0.845304,32,0,32,1.0,78,4,74,0.948718,64,3,61,0.953125,131,10,121,0.923664,0,0,0,0.0,31,4,27,0.870968,77,2,75,0.974026
8476999,1198,131,1067,0.890651,11,1,10,0.909091,32,0,32,1.0,80,2,78,0.975,46,15,31,0.673913,121,21,100,0.826446,127,11,116,0.913386,3,0,3,1.0,36,3,33,0.916667,76,1,75,0.986842,280,57,223,0.796429,21,0,21,1.0,80,2,78,0.975,64,2,62,0.96875,105,13,92,0.87619,3,0,3,1.0,31,3,28,0.903226,82,0,82,1.0
8477992,670,78,592,0.883582,6,0,6,1.0,26,0,26,1.0,57,1,56,0.982456,16,7,9,0.5625,62,7,55,0.887097,64,8,56,0.875,0,0,0,0.0,14,2,12,0.857143,44,1,43,0.977273,158,35,123,0.778481,10,0,10,1.0,42,0,42,1.0,35,1,34,0.971429,72,14,58,0.805556,1,0,1,1.0,17,0,17,1.0,46,2,44,0.956522
8482447,457,64,393,0.859956,4,0,4,1.0,18,0,18,1.0,28,3,25,0.892857,16,6,10,0.625,50,12,38,0.76,49,11,38,0.77551,3,0,3,1.0,10,2,8,0.8,33,1,32,0.969697,106,20,86,0.811321,7,0,7,1.0,27,0,27,1.0,24,1,23,0.958333,37,4,33,0.891892,2,0,2,1.0,12,1,11,0.916667,31,3,28,0.903226
8478435,1283,121,1162,0.90569,8,0,8,1.0,26,0,26,1.0,108,2,106,0.981481,31,7,24,0.774194,117,23,94,0.803419,132,12,120,0.909091,4,0,4,1.0,39,2,37,0.948718,88,1,87,0.988636,284,49,235,0.827465,35,0,35,1.0,76,6,70,0.921053,78,0,78,1.0,119,14,105,0.882353,2,0,2,1.0,36,3,33,0.916667,100,2,98,0.98
8481035,744,97,647,0.869624,5,1,4,0.8,22,0,22,1.0,55,2,53,0.963636,19,6,13,0.684211,81,15,66,0.814815,83,16,67,0.807229,2,0,2,1.0,18,3,15,0.833333,54,5,49,0.907407,178,35,143,0.803371,13,0,13,1.0,42,0,42,1.0,44,2,42,0.954545,74,10,64,0.864865,2,0,2,1.0,14,1,13,0.928571,38,1,37,0.973684
8478009,1530,144,1386,0.905882,11,2,9,0.818182,33,0,33,1.0,108,4,104,0.962963,71,12,59,0.830986,137,20,117,0.854015,146,15,131,0.89726,3,0,3,1.0,46,3,43,0.934783,88,4,84,0.954545,452,59,393,0.869469,37,0,37,1.0,79,2,77,0.974684,74,2,72,0.972973,125,15,110,0.88,0,0,0,0.0,36,6,30,0.833333,84,0,84,1.0
8479496,720,76,644,0.894444,5,0,5,1.0,19,0,19,1.0,67,4,63,0.940299,31,6,25,0.806452,56,7,49,0.875,62,11,51,0.822581,1,0,1,1.0,18,1,17,0.944444,42,1,41,0.97619,183,35,148,0.808743,16,0,16,1.0,39,1,38,0.974359,28,1,27,0.964286,75,9,66,0.88,2,0,2,1.0,21,0,21,1.0,55,0,55,1.0
8474593,1113,130,983,0.883199,11,0,11,1.0,30,0,30,1.0,112,5,107,0.955357,32,10,22,0.6875,100,20,80,0.8,103,11,92,0.893204,5,0,5,1.0,18,1,17,0.944444,76,2,74,0.973684,287,56,231,0.804878,23,0,23,1.0,68,4,64,0.941176,50,5,45,0.9,103,12,91,0.883495,1,0,1,1.0,16,1,15,0.9375,78,3,75,0.961538
8474596,1031,99,932,0.903977,13,0,13,1.0,31,0,31,1.0,88,0,88,1.0,29,7,22,0.758621,100,13,87,0.87,106,5,101,0.95283,1,0,1,1.0,32,3,29,0.90625,59,2,57,0.966102,273,53,220,0.805861,13,0,13,1.0,70,3,67,0.957143,42,3,39,0.928571,85,7,78,0.917647,1,0,1,1.0,19,3,16,0.842105,69,0,69,1.0
8475883,849,107,742,0.873969,11,0,11,1.0,37,0,37,1.0,44,3,41,0.931818,40,12,28,0.7,86,16,70,0.813953,78,7,71,0.910256,1,0,1,1.0,17,3,14,0.823529,45,1,44,0.977778,255,48,207,0.811765,18,0,18,1.0,54,1,53,0.981481,31,0,31,1.0,62,11,51,0.822581,1,0,1,1.0,22,5,17,0.772727,47,0,47,1.0
8483548,912,96,816,0.894737,8,0,8,1.0,33,0,33,1.0,53,2,51,0.962264,31,8,23,0.741935,103,13,90,0.873786,79,7,72,0.911392,2,0,2,1.0,31,4,27,0.870968,46,2,44,0.956522,262,42,220,0.839695,22,0,22,1.0,46,1,45,0.978261,46,3,43,0.934783,86,11,75,0.872093,5,0,5,1.0,19,3,16,0.842105,40,0,40,1.0
8476412,1010,128,882,0.873267,5,0,5,1.0,33,0,33,1.0,72,3,69,0.958333,30,8,22,0.733333,91,17,74,0.813187,96,7,89,0.927083,2,0,2,1.0,34,3,31,0.911765,67,5,62,0.925373,259,60,199,0.76834,27,0,27,1.0,61,1,60,0.983607,56,9,47,0.839286,84,9,75,0.892857,0,0,0,0.0,25,5,20,0.8,68,1,67,0.985294
8479406,1377,132,1245,0.904139,7,0,7,1.0,30,0,30,1.0,94,4,90,0.957447,58,19,39,0.672414,145,20,125,0.862069,125,13,112,0.896,2,0,2,1.0,27,1,26,0.962963,88,2,86,0.977273,312,51,261,0.836538,43,0,43,1.0,83,2,81,0.975904,82,3,79,0.963415,135,7,128,0.948148,2,0,2,1.0,45,8,37,0.822222,99,2,97,0.979798
8480981,1250,113,1137,0.9096,5,0,5,1.0,33,0,33,1.0,120,2,118,0.983333,39,11,28,0.717949,133,18,115,0.864662,108,8,100,0.925926,0,0,0,0.0,27,2,25,0.925926,85,1,84,0.988235,283,58,225,0.795053,27,0,27,1.0,82,1,81,0.987805,57,2,55,0.964912,121,8,113,0.933884,2,0,2,1.0,17,0,17,1.0,111,2,109,0.981982
8482661,1020,86,934,0.915686,9,1,8,0.888889,19,0,19,1.0,99,3,96,0.969697,33,8,25,0.757576,118,15,103,0.872881,103,8,95,0.92233,3,1,2,0.666667,15,1,14,0.933333,56,1,55,0.982143,220,35,185,0.840909,21,0,21,1.0,53,2,51,0.962264,71,2,69,0.971831,109,6,103,0.944954,1,0,1,1.0,19,1,18,0.947368,71,2,69,0.971831
8477424,1700,181,1519,0.893529,12,2,10,0.833333,45,0,45,1.0,115,7,108,0.93913,55,18,37,0.672727,171,18,153,0.894737,168,11,157,0.934524,7,1,6,0.857143,49,7,42,0.857143,106,3,103,0.971698,434,92,342,0.788018,22,0,22,1.0,92,1,91,0.98913,90,1,89,0.988889,175,12,163,0.931429,0,0,0,0.0,33,4,29,0.878788,126,4,122,0.968254
8478007,812,95,717,0.883005,3,0,3,1.0,22,0,22,1.0,77,8,69,0.896104,36,7,29,0.805556,87,13,74,0.850575,84,17,67,0.797619,1,0,1,1.0,23,3,20,0.869565,42,2,40,0.952381,200,33,167,0.835,11,0,11,1.0,44,2,42,0.954545,33,3,30,0.909091,75,5,70,0.933333,1,0,1,1.0,18,2,16,0.888889,55,0,55,1.0
8481020,711,66,645,0.907173,4,1,3,0.75,12,0,12,1.0,57,4,53,0.929825,40,7,33,0.825,75,12,63,0.84,70,7,63,0.9,1,0,1,1.0,14,2,12,0.857143,45,2,43,0.955556,173,25,148,0.855491,18,0,18,1.0,43,0,43,1.0,36,0,36,1.0,68,5,63,0.926471,2,0,2,1.0,16,1,15,0.9375,37,0,37,1.0
8482982,1539,142,1397,0.907732,13,0,13,1.0,46,0,46,1.0,151,8,143,0.94702,59,11,48,0.813559,161,19,142,0.881988,137,18,119,0.868613,2,1,1,0.5,35,2,33,0.942857,105,3,102,0.971429,364,55,309,0.848901,26,1,25,0.961538,72,2,70,0.972222,70,5,65,0.928571,134,12,122,0.910448,1,0,1,1.0,39,3,36,0.923077,124,2,122,0.983871
8476945,1547,162,1385,0.895281,17,1,16,0.941176,34,0,34,1.0,122,8,114,0.934426,55,10,45,0.818182,142,21,121,0.852113,151,9,142,0.940397,7,0,7,1.0,37,2,35,0.945946,107,0,107,1.0,411,79,332,0.807786,28,0,28,1.0,92,6,86,0.934783,69,3,66,0.956522,133,16,117,0.879699,2,0,2,1.0,25,4,21,0.84,115,3,112,0.973913
8477480,654,72,582,0.889908,9,0,9,1.0,18,0,18,1.0,45,2,43,0.955556,22,6,16,0.727273,63,12,51,0.809524,71,10,61,0.859155,1,0,1,1.0,14,2,12,0.857143,43,1,42,0.976744,150,28,122,0.813333,15,0,15,1.0,43,1,42,0.976744,33,1,32,0.969697,65,8,57,0.876923,0,0,0,0.0,12,1,11,0.916667,50,0,50,1.0
8479193,760,71,689,0.906579,4,0,4,1.0,16,1,15,0.9375,65,1,64,0.984615,20,4,16,0.8,70,6,64,0.914286,80,9,71,0.8875,1,0,1,1.0,13,1,12,0.923077,58,0,58,1.0,198,33,165,0.833333,12,0,12,1.0,44,3,41,0.931818,49,3,46,0.938776,62,5,57,0.919355,1,1,0,0.0,14,3,11,0.785714,53,1,52,0.981132
8479979,1372,138,1234,0.899417,7,0,7,1.0,43,0,43,1.0,133,4,129,0.969925,46,12,34,0.73913,130,23,107,0.823077,126,20,106,0.84127,4,0,4,1.0,18,3,15,0.833333,94,2,92,0.978723,308,51,257,0.834416,36,0,36,1.0,96,4,92,0.958333,75,0,75,1.0,135,14,121,0.896296,1,0,1,1.0,29,3,26,0.896552,91,2,89,0.978022
8477970,506,59,447,0.883399,2,0,2,1.0,11,0,11,1.0,49,2,47,0.959184,27,7,20,0.740741,40,10,30,0.75,43,4,39,0.906977,0,0,0,0.0,23,3,20,0.869565,37,0,37,1.0,129,24,105,0.813953,9,0,9,1.0,19,0,19,1.0,25,0,25,1.0,48,6,42,0.875,0,0,0,0.0,11,1,10,0.909091,33,2,31,0.939394
8478872,1626,168,1458,0.896679,10,1,9,0.9,53,0,53,1.0,140,7,133,0.95,61,23,38,0.622951,143,16,127,0.888112,150,15,135,0.9,4,1,3,0.75,33,2,31,0.939394,94,2,92,0.978723,402,73,329,0.818408,47,0,47,1.0,75,5,70,0.933333,90,8,82,0.911111,161,14,147,0.913043,1,0,1,1.0,35,1,34,0.971429,127,0,127,1.0
8477967,514,53,461,0.896887,3,0,3,1.0,10,0,10,1.0,40,4,36,0.9,23,6,17,0.73913,38,5,33,0.868421,53,5,48,0.90566,2,0,2,1.0,11,1,10,0.909091,26,0,26,1.0,141,24,117,0.829787,3,0,3,1.0,41,2,39,0.95122,29,1,28,0.965517,36,4,32,0.888889,2,0,2,1.0,22,0,22,1.0,34,1,33,0.970588
8480947,1285,160,1125,0.875486,4,0,4,1.0,36,0,36,1.0,95,6,89,0.936842,64,14,50,0.78125,107,23,84,0.785047,122,8,114,0.934426,1,0,1,1.0,35,5,30,0.857143,74,1,73,0.986486,342,74,268,0.783626,26,0,26,1.0,82,3,79,0.963415,69,3,66,0.956522,134,20,114,0.850746,0,0,0,0.0,23,1,22,0.956522,71,2,69,0.971831
8477968,1049,109,940,0.896092,8,0,8,1.0,30,0,30,1.0,83,5,78,0.939759,51,8,43,0.843137,86,12,74,0.860465,97,11,86,0.886598,1,0,1,1.0,33,2,31,0.939394,71,4,67,0.943662,270,45,225,0.833333,21,1,20,0.952381,56,0,56,1.0,58,4,54,0.931034,91,13,78,0.857143,0,0,0,0.0,25,2,23,0.92,68,2,66,0.970588
8482137,1341,156,1185,0.883669,9,0,9,1.0,29,0,29,1.0,117,5,112,0.957265,36,10,26,0.722222,131,23,108,0.824427,141,17,124,0.879433,3,0,3,1.0,41,8,33,0.804878,77,2,75,0.974026,342,62,280,0.818713,24,0,24,1.0,83,4,79,0.951807,76,4,72,0.947368,112,15,97,0.866071,1,0,1,1.0,36,3,33,0.916667,83,3,80,0.963855
8475831,866,79,787,0.908776,15,1,14,0.933333,17,0,17,1.0,69,1,68,0.985507,32,7,25,0.78125,69,10,59,0.855072,81,6,75,0.925926,2,0,2,1.0,17,1,16,0.941176,64,1,63,0.984375,195,38,157,0.805128,18,0,18,1.0,54,2,52,0.962963,56,3,53,0.946429,93,6,87,0.935484,1,0,1,1.0,21,0,21,1.0,62,3,59,0.951613
8475852,247,35,212,0.8583,0,0,0,0.0,10,0,10,1.0,14,1,13,0.928571,12,5,7,0.583333,28,8,20,0.714286,19,3,16,0.842105,0,0,0,0.0,7,1,6,0.857143,11,0,11,1.0,63,11,52,0.825397,7,0,7,1.0,12,0,12,1.0,13,1,12,0.923077,30,4,26,0.866667,1,0,1,1.0,7,0,7,1.0,13,1,12,0.923077
8478916,1307,134,1173,0.897475,26,1,25,0.961538,35,0,35,1.0,104,5,99,0.951923,42,11,31,0.738095,106,13,93,0.877358,142,17,125,0.880282,4,1,3,0.75,31,2,29,0.935484,82,3,79,0.963415,274,56,218,0.79562,26,0,26,1.0,90,4,86,0.955556,80,2,78,0.975,126,12,114,0.904762,6,0,6,1.0,36,7,29,0.805556,97,0,97,1.0
8480843,1513,169,1344,0.888301,16,1,15,0.9375,51,0,51,1.0,116,7,109,0.939655,37,7,30,0.810811,166,28,138,0.831325,173,16,157,0.907514,1,0,1,1.0,32,3,29,0.90625,69,1,68,0.985507,415,76,339,0.816867,22,0,22,1.0,86,3,83,0.965116,73,3,70,0.958904,138,17,121,0.876812,1,0,1,1.0,40,5,35,0.875,77,2,75,0.974026
8476899,102,8,94,0.921569,1,0,1,1.0,3,0,3,1.0,7,0,7,1.0,4,0,4,1.0,6,2,4,0.666667,9,0,9,1.0,0,0,0,0.0,1,0,1,1.0,10,0,10,1.0,23,4,19,0.826087,1,0,1,1.0,8,0,8,1.0,4,0,4,1.0,13,2,11,0.846154,0,0,0,0.0,3,0,3,1.0,9,0,9,1.0
8482076,87,8,79,0.908046,1,0,1,1.0,3,0,3,1.0,6,0,6,1.0,7,0,7,1.0,10,1,9,0.9,10,2,8,0.8,0,0,0,0.0,1,0,1,1.0,4,0,4,1.0,25,5,20,0.8,2,0,2,1.0,3,0,3,1.0,2,0,2,1.0,9,0,9,1.0,0,0,0,0.0,0,0,0,0.0,4,0,4,1.0
8477831,28,3,25,0.892857,0,0,0,0.0,2,0,2,1.0,3,0,3,1.0,0,0,0,0.0,1,0,1,1.0,3,0,3,1.0,0,0,0,0.0,3,0,3,1.0,1,0,1,1.0,6,1,5,0.833333,0,0,0,0.0,3,1,2,0.666667,1,0,1,1.0,3,1,2,0.666667,0,0,0,0.0,0,0,0,0.0,2,0,2,1.0
8481544,36,6,30,0.833333,0,0,0,0.0,1,0,1,1.0,5,1,4,0.8,0,0,0,0.0,6,0,6,1.0,3,0,3,1.0,0,0,0,0.0,2,1,1,0.5,1,0,1,1.0,8,1,7,0.875,1,0,1,1.0,3,0,3,1.0,1,1,0,0.0,2,1,1,0.5,0,0,0,0.0,0,0,0,0.0,3,1,2,0.666667
8480045,930,84,846,0.909677,1,0,1,1.0,36,0,36,1.0,77,0,77,1.0,36,7,29,0.805556,81,14,67,0.82716,97,9,88,0.907216,4,0,4,1.0,22,1,21,0.954545,62,1,61,0.983871,246,36,210,0.853659,19,0,19,1.0,48,1,47,0.979167,53,1,52,0.981132,80,10,70,0.875,1,0,1,1.0,15,2,13,0.866667,52,2,50,0.961538
8482761,189,24,165,0.873016,1,0,1,1.0,6,0,6,1.0,19,1,18,0.947368,3,0,3,1.0,20,3,17,0.85,15,3,12,0.8,0,0,0,0.0,0,0,0,0.0,7,0,7,1.0,48,11,37,0.770833,3,0,3,1.0,12,1,11,0.916667,12,1,11,0.916667,28,3,25,0.892857,0,0,0,0.0,5,1,4,0.8,10,0,10,1.0
8483710,548,47,501,0.914234,6,0,6,1.0,7,0,7,1.0,32,2,30,0.9375,19,5,14,0.736842,50,4,46,0.92,66,3,63,0.954545,1,0,1,1.0,9,1,8,0.888889,38,0,38,1.0,137,19,118,0.861314,10,0,10,1.0,32,3,29,0.90625,33,2,31,0.939394,50,6,44,0.88,0,0,0,0.0,13,1,12,0.923077,45,1,44,0.977778
8482411,12,2,10,0.833333,0,0,0,0.0,0,0,0,0.0,0,0,0,0.0,0,0,0,0.0,1,0,1,1.0,4,2,2,0.5,0,0,0,0.0,0,0,0,0.0,1,0,1,1.0,2,0,2,1.0,0,0,0,0.0,1,0,1,1.0,1,0,1,1.0,1,0,1,1.0,0,0,0,0.0,0,0,0,0.0,1,0,1,1.0
8478406,933,90,843,0.903537,6,1,5,0.833333,22,0,22,1.0,64,2,62,0.96875,39,8,31,0.794872,96,8,88,0.916667,83,9,74,0.891566,2,0,2,1.0,25,2,23,0.92,61,1,60,0.983607,229,40,189,0.825328,22,0,22,1.0,59,2,57,0.966102,51,1,50,0.980392,90,10,80,0.888889,0,0,0,0.0,30,3,27,0.9,54,3,51,0.944444
8482783,47,8,39,0.829787,0,0,0,0.0,2,0,2,1.0,6,1,5,0.833333,3,1,2,0.666667,1,0,1,1.0,4,1,3,0.75,0,0,0,0.0,2,0,2,1.0,4,0,4,1.0,10,3,7,0.7,1,0,1,1.0,1,0,1,1.0,4,0,4,1.0,5,1,4,0.8,0,0,0,0.0,4,1,3,0.75,0,0,0,0.0
8481611,189,19,170,0.899471,2,0,2,1.0,8,0,8,1.0,14,0,14,1.0,4,1,3,0.75,24,5,19,0.791667,16,0,16,1.0,0,0,0,0.0,3,0,3,1.0,13,0,13,1.0,42,10,32,0.761905,5,0,5,1.0,5,0,5,1.0,12,1,11,0.916667,24,2,22,0.916667,0,0,0,0.0,6,0,6,1.0,11,0,11,1.0
8483703,116,12,104,0.896552,1,0,1,1.0,1,0,1,1.0,17,0,17,1.0,0,0,0,0.0,12,1,11,0.916667,11,2,9,0.818182,0,0,0,0.0,4,2,2,0.5,4,0,4,1.0,23,3,20,0.869565,1,0,1,1.0,9,1,8,0.888889,7,2,5,0.714286,12,1,11,0.916667,0,0,0,0.0,2,0,2,1.0,12,0,12,1.0
8480238,40,7,33,0.825,0,0,0,0.0,0,0,0,0.0,2,0,2,1.0,0,0,0,0.0,4,1,3,0.75,2,0,2,1.0,0,0,0,0.0,1,0,1,1.0,1,0,1,1.0,15,5,10,0.666667,1,0,1,1.0,1,0,1,1.0,3,1,2,0.666667,4,0,4,1.0,0,0,0,0.0,3,0,3,1.0,3,0,3,1.0
8482515,81,10,71,0.876543,0,0,0,0.0,1,0,1,1.0,7,0,7,1.0,6,3,3,0.5,9,2,7,0.777778,6,1,5,0.833333,0,0,0,0.0,2,1,1,0.5,7,0,7,1.0,20,3,17,0.85,2,0,2,1.0,2,0,2,1.0,4,0,4,1.0,8,0,8,1.0,0,0,0,0.0,2,0,2,1.0,5,0,5,1.0
8479361,1220,123,1097,0.89918,5,0,5,1.0,28,0,28,1.0,91,2,89,0.978022,40,9,31,0.775,114,24,90,0.789474,132,8,124,0.939394,0,0,0,0.0,26,5,21,0.807692,79,1,78,0.987342,274,50,224,0.817518,18,0,18,1.0,78,1,77,0.987179,82,3,79,0.963415,145,14,131,0.903448,1,1,0,0.0,28,3,25,0.892857,79,2,77,0.974684
8483114,62,8,54,0.870968,0,0,0,0.0,3,0,3,1.0,5,0,5,1.0,0,0,0,0.0,7,3,4,0.571429,6,0,6,1.0,0,0,0,0.0,1,0,1,1.0,7,1,6,0.857143,13,2,11,0.846154,1,0,1,1.0,3,0,3,1.0,4,0,4,1.0,7,1,6,0.857143,0,0,0,0.0,2,1,1,0.5,3,0,3,1.0
8482193,96,5,91,0.947917,0,0,0,0.0,1,0,1,1.0,11,0,11,1.0,5,1,4,0.8,7,0,7,1.0,5,1,4,0.8,0,0,0,0.0,2,0,2,1.0,8,0,8,1.0,22,3,19,0.863636,3,0,3,1.0,4,0,4,1.0,9,0,9,1.0,7,0,7,1.0,0,0,0,0.0,1,0,1,1.0,11,0,11,1.0
8478024,534,62,472,0.883895,4,1,3,0.75,18,0,18,1.0,33,1,32,0.969697,20,4,16,0.8,53,6,47,0.886792,56,9,47,0.839286,0,0,0,0.0,10,1,9,0.9,38,0,38,1.0,130,28,102,0.784615,9,0,9,1.0,37,2,35,0.945946,20,1,19,0.95,61,6,55,0.901639,2,0,2,1.0,10,2,8,0.8,33,1,32,0.969697
8484268,582,69,513,0.881443,7,0,7,1.0,12,0,12,1.0,45,1,44,0.977778,25,7,18,0.72,57,13,44,0.77193,63,7,56,0.888889,2,0,2,1.0,13,1,12,0.923077,36,0,36,1.0,145,24,121,0.834483,8,0,8,1.0,28,4,24,0.857143,32,3,29,0.90625,57,6,51,0.894737,1,0,1,1.0,19,3,16,0.842105,32,0,32,1.0
8483746,13,3,10,0.769231,0,0,0,0.0,0,0,0,0.0,1,0,1,1.0,0,0,0,0.0,1,0,1,1.0,3,1,2,0.666667,0,0,0,0.0,0,0,0,0.0,0,0,0,0.0,4,1,3,0.75,0,0,0,0.0,2,0,2,1.0,0,0,0,0.0,1,0,1,1.0,0,0,0,0.0,1,1,0,0.0,0,0,0,0.0
8477484,147,20,127,0.863946,2,0,2,1.0,5,0,5,1.0,11,0,11,1.0,6,2,4,0.666667,14,5,9,0.642857,16,1,15,0.9375,0,0,0,0.0,3,1,2,0.666667,12,0,12,1.0,34,9,25,0.735294,1,0,1,1.0,9,1,8,0.888889,6,0,6,1.0,14,1,13,0.928571,0,0,0,0.0,5,0,5,1.0,9,0,9,1.0
8479394,422,46,376,0.890995,4,0,4,1.0,12,0,12,1.0,27,2,25,0.925926,14,5,9,0.642857,45,7,38,0.844444,48,4,44,0.916667,4,0,4,1.0,7,0,7,1.0,33,1,32,0.969697,82,15,67,0.817073,7,0,7,1.0,29,2,27,0.931034,16,0,16,1.0,49,8,41,0.836735,0,0,0,0.0,14,1,13,0.928571,31,1,30,0.967742
8477990,21,4,17,0.809524,0,0,0,0.0,1,0,1,1.0,2,1,1,0.5,1,0,1,1.0,1,0,1,1.0,3,0,3,1.0,0,0,0,0.0,0,0,0,0.0,0,0,0,0.0,7,2,5,0.714286,0,0,0,0.0,2,0,2,1.0,1,0,1,1.0,2,1,1,0.5,0,0,0,0.0,0,0,0,0.0,1,0,1,1.0
8483532,101,8,93,0.920792,0,0,0,0.0,3,0,3,1.0,14,1,13,0.928571,0,0,0,0.0,8,1,7,0.875,10,1,9,0.9,0,0,0,0.0,2,0,2,1.0,10,0,10,1.0,25,3,22,0.88,1,0,1,1.0,5,2,3,0.6,2,0,2,1.0,10,0,10,1.0,1,0,1,1.0,3,0,3,1.0,7,0,7,1.0
8484170,448,41,407,0.908482,5,1,4,0.8,10,0,10,1.0,32,1,31,0.96875,20,5,15,0.75,40,6,34,0.85,42,3,39,0.928571,1,0,1,1.0,13,0,13,1.0,23,0,23,1.0,117,19,98,0.837607,8,0,8,1.0,18,1,17,0.944444,24,1,23,0.958333,42,2,40,0.952381,0,0,0,0.0,15,1,14,0.933333,38,1,37,0.973684
8478971,763,77,686,0.899083,9,1,8,0.888889,20,0,20,1.0,54,3,51,0.944444,11,0,11,1.0,75,8,67,0.893333,89,13,76,0.853933,2,0,2,1.0,18,1,17,0.944444,55,0,55,1.0,203,41,162,0.79803,17,0,17,1.0,42,3,39,0.928571,43,0,43,1.0,76,5,71,0.934211,1,0,1,1.0,15,1,14,0.933333,33,1,32,0.969697
8477405,7,2,5,0.714286,0,0,0,0.0,0,0,0,0.0,0,0,0,0.0,0,0,0,0.0,0,0,0,0.0,3,1,2,0.666667,0,0,0,0.0,0,0,0,0.0,0,0,0,0.0,2,1,1,0.5,0,0,0,0.0,0,0,0,0.0,1,0,1,1.0,1,0,1,1.0,0,0,0,0.0,0,0,0,0.0,0,0,0,0.0
8482123,85,7,78,0.917647,0,0,0,0.0,3,0,3,1.0,7,0,7,1.0,2,1,1,0.5,7,0,7,1.0,12,1,11,0.916667,0,0,0,0.0,3,0,3,1.0,6,0,6,1.0,20,5,15,0.75,2,0,2,1.0,6,0,6,1.0,3,0,3,1.0,8,0,8,1.0,0,0,0,0.0,2,0,2,1.0,4,0,4,1.0
8473503,289,33,256,0.885813,3,0,3,1.0,8,0,8,1.0,20,0,20,1.0,14,4,10,0.714286,28,3,25,0.892857,24,4,20,0.833333,2,1,1,0.5,4,0,4,1.0,25,1,24,0.96,70,14,56,0.8,5,0,5,1.0,11,0,11,1.0,20,0,20,1.0,28,5,23,0.821429,1,0,1,1.0,7,0,7,1.0,19,1,18,0.947368
8480022,2,0,2,1.0,0,0,0,0.0,0,0,0,0.0,0,0,0,0.0,0,0,0,0.0,0,0,0,0.0,2,0,2,1.0,0,0,0,0.0,0,0,0,0.0,0,0,0,0.0,0,0,0,0.0,0,0,0,0.0,0,0,0,0.0,0,0,0,0.0,0,0,0,0.0,0,0,0,0.0,0,0,0,0.0,0,0,0,0.0
8476316,23,5,18,0.782609,0,0,0,0.0,1,0,1,1.0,2,1,1,0.5,1,1,0,0.0,3,0,3,1.0,0,0,0,0.0,0,0,0,0.0,1,0,1,1.0,2,0,2,1.0,5,1,4,0.8,1,0,1,1.0,1,0,1,1.0,0,0,0,0.0,4,1,3,0.75,0,0,0,0.0,1,1,0,0.0,1,0,1,1.0
8483668,82,9,73,0.890244,1,0,1,1.0,3,0,3,1.0,7,0,7,1.0,2,0,2,1.0,10,2,8,0.8,7,1,6,0.857143,0,0,0,0.0,2,0,2,1.0,6,0,6,1.0,16,3,13,0.8125,4,0,4,1.0,2,0,2,1.0,4,0,4,1.0,15,3,12,0.8,0,0,0,0.0,0,0,0,0.0,3,0,3,1.0
8484910,35,2,33,0.942857,1,0,1,1.0,1,0,1,1.0,7,0,7,1.0,0,0,0,0.0,3,0,3,1.0,3,0,3,1.0,0,0,0,0.0,0,0,0,0.0,3,0,3,1.0,7,1,6,0.857143,1,0,1,1.0,1,0,1,1.0,0,0,0,0.0,2,0,2,1.0,0,0,0,0.0,3,1,2,0.666667,3,0,3,1.0
8482949,28,1,27,0.964286,0,0,0,0.0,1,0,1,1.0,2,0,2,1.0,1,0,1,1.0,2,0,2,1.0,2,0,2,1.0,0,0,0,0.0,1,0,1,1.0,1,0,1,1.0,9,1,8,0.888889,1,0,1,1.0,0,0,0,0.0,1,0,1,1.0,5,0,5,1.0,0,0,0,0.0,1,0,1,1.0,1,0,1,1.0
