skater_id,skater_team,max_speed_imp,max_speed_met,max_speed_percentile,game_date,away_team,home_team,away_team_score,home_team_score,period,time_in_period
8473419,FLA,22.4051,36.0574,0.5863,2025-10-15,FLA,DET,1,4,1,01:00
8473422,MIN,21.2999,34.2788,0.1547,2026-04-09,MIN,DAL,4,5,3,16:38
8473507,MIN,22.4199,36.0813,0.787,2025-10-28,ANA,FLA,3,2,1,10:43
8475179,FLA,20.3378,32.7305,0.1265,2026-04-07,FLA,MTL,3,4,2,04:20
8476473,EDM,20.497,32.9867,0.1543,2026-03-10,EDM,COL,4,3,1,14:13
8476882,CHI,21.5514,34.6836,0.2166,2026-02-28,CHI,COL,1,3,3,02:37
8476891,CHI,21.5507,34.6823,0.4506,2025-11-07,CHI,CGY,4,0,1,07:45
8477409,FLA,22.3955,36.042,0.5831,2025-12-10,FLA,UTA,4,3,1,07:56
8477444,CHI,22.1743,35.686,0.4674,2026-04-11,STL,CHI,5,3,3,17:18
8477450,EDM,22.4608,36.1471,0.6173,2026-01-03,CHI,WSH,3,2,2,11:23
8477479,CHI,21.1149,33.9811,0.1189,2026-01-17,BOS,CHI,5,2,2,04:59
8477495,FLA,21.9921,35.3928,0.6142,2025-12-11,FLA,COL,2,6,2,11:19
8477932,FLA,21.6964,34.9169,0.5093,2025-11-04,FLA,ANA,3,7,2,05:50
8477933,FLA,22.5611,36.3085,0.6645,2025-12-11,FLA,COL,2,6,3,18:09
8477935,FLA,22.2373,35.7874,0.5065,2025-12-19,CAR,FLA,3,4,3,01:25
8477987,CHI,22.4803,36.1784,0.627,2026-03-09,UTA,CHI,2,3,1,00:15
8478043,CHI,21.8013,35.0857,0.298,2025-10-07,CHI,FLA,2,3,1,03:49
8478055,FLA,23.3358,37.5552,0.966,2025-12-04,NSH,FLA,2,1,4,03:59
8478421,FLA,21.9786,35.371,0.373,2025-11-04,FLA,ANA,3,7,3,08:56
8478542,FLA,22.0569,35.4971,0.4023,2025-10-28,ANA,FLA,3,2,4,04:49
8478859,FLA,22.0865,35.5447,0.6543,2025-12-20,STL,FLA,6,2,1,12:34
8479316,FLA,21.9468,35.3199,0.3567,2026-03-29,FLA,NYR,1,3,1,12:03
8479981,FLA,21.3979,34.4365,0.1759,2025-10-11,OTT,FLA,2,6,1,18:06
8480003,FLA,23.129,37.2224,0.8844,2025-11-01,DAL,FLA,3,4,2,04:53
8480185,FLA,22.2951,35.8805,0.5309,2025-10-07,CHI,FLA,2,3,2,01:07
8481624,CHI,23.5366,37.8784,0.9544,2026-01-25,FLA,CHI,5,1,1,11:29
8482113,FLA,21.7196,34.9542,0.2769,2025-11-13,WSH,FLA,3,6,3,08:59
8482176,CHI,22.3509,35.9702,0.7654,2025-10-23,CHI,TBL,3,2,3,02:30
8482703,EDM,22.5823,36.3426,0.6792,2025-10-19,ANA,CHI,1,2,1,18:28
8482807,CHI,21.7812,35.0533,0.537,2025-10-07,CHI,FLA,2,3,1,04:06
8483450,CHI,22.3135,35.91,0.5358,2025-12-20,CHI,OTT,4,6,2,01:41
8483493,CHI,23.7618,38.2409,0.9772,2026-01-25,FLA,CHI,5,1,3,10:43
8483506,CHI,22.0078,35.418,0.6235,2025-11-07,CHI,CGY,4,0,2,09:29
8484144,CHI,22.3625,35.9889,0.5668,2025-10-07,CHI,FLA,2,3,1,11:41
8484783,CHI,22.1477,35.6432,0.6883,2025-11-15,TOR,CHI,2,3,2,05:28
8471215,PIT,21.5059,34.6103,0.1954,2026-04-09,PIT,NJD,5,2,1,09:54
8471675,PIT,22.8595,36.7886,0.8078,2025-10-11,NYR,PIT,6,1,2,03:17
8471724,PIT,22.1309,35.6162,0.679,2026-04-12,PIT,WSH,0,3,3,15:48
8474578,PIT,23.7392,38.2045,0.9907,2026-03-14,PIT,UTA,4,3,1,18:21
8475842,BUF,22.0805,35.535,0.4186,2026-01-02,NYR,FLA,5,1,2,03:27
8476389,NYR,23.0379,37.0758,0.8534,2026-01-14,OTT,NYR,8,4,1,14:59
8476459,NYR,22.3176,35.9166,0.5423,2025-11-07,NYR,DET,4,1,1,06:42
8476468,NYR,22.7654,36.6372,0.7622,2026-01-23,NYR,SJS,1,3,1,04:41
8476483,PIT,22.8461,36.7671,0.8013,2026-03-07,PHI,PIT,4,3,3,00:12
8477369,NYI,21.1523,34.0413,0.3056,2026-02-03,PIT,NYI,4,5,2,18:01
8477511,PIT,22.8557,36.7825,0.8062,2026-03-10,PIT,CAR,4,5,4,04:39
8477839,NYR,22.4843,36.185,0.6303,2025-10-07,PIT,NYR,3,0,1,18:20
8478438,PIT,21.8682,35.1934,0.3274,2026-04-02,PIT,TBL,3,6,2,11:16
8478450,PIT,21.6934,34.912,0.5031,2026-03-12,PIT,VGK,2,6,1,08:13
8478452,PIT,20.8569,33.5658,0.2377,2025-10-07,PIT,NYR,3,0,1,17:30
8478550,LAK,21.8841,35.219,0.3306,2025-11-20,NYR,COL,3,6,3,18:31
8478569,PIT,21.1495,34.0368,0.127,2026-02-28,PIT,NYR,2,3,3,17:52
8478840,NYR,22.3016,35.8909,0.75,2025-10-12,WSH,NYR,1,0,3,05:45
8478854,PIT,21.5949,34.7536,0.466,2026-02-28,PIT,NYR,2,3,1,11:45
8478882,NYR,23.0396,37.0786,0.9259,2026-03-22,WPG,NYR,3,2,3,16:41
8479323,NYR,21.0762,33.9188,0.2809,2025-11-22,NYR,UTA,2,3,1,08:55
8479390,NYR,22.9548,36.942,0.8322,2025-12-02,DAL,NYR,2,3,3,07:58
8479638,PIT,21.4673,34.5482,0.1906,2025-10-11,NYR,PIT,6,1,3,06:32
8480001,NYR,20.7916,33.4607,0.216,2025-12-13,MTL,NYR,4,5,2,10:23
8480980,PIT,23.6107,37.9977,0.9609,2025-12-30,CAR,PIT,1,5,3,12:06
8481481,PIT,22.2951,35.8804,0.5309,2026-01-31,NYR,PIT,5,6,3,06:32
8481577,PIT,21.7494,35.0021,0.2866,2025-10-25,CBJ,PIT,5,4,3,15:53
8481726,NYR,23.7966,38.2969,0.9788,2025-11-15,NYR,CBJ,2,1,2,07:23
8482073,NYR,22.1684,35.6766,0.7068,2026-04-13,NYR,FLA,2,3,2,12:43
8482109,NYR,22.3225,35.9246,0.5456,2026-03-16,LAK,NYR,4,1,3,08:30
8482157,NYR,22.4412,36.1155,0.6091,2026-02-05,CAR,NYR,2,0,1,09:03
8482460,NYR,22.3168,35.9153,0.5375,2025-12-20,PHI,NYR,4,5,1,09:34
8482758,PIT,22.1175,35.5945,0.4381,2026-04-11,WSH,PIT,6,3,1,05:08
8483690,NYR,23.0425,37.0832,0.8599,2025-10-18,NYR,MTL,4,3,1,19:37
8484839,PIT,21.8785,35.2099,0.5802,2025-10-18,PIT,SJS,3,0,2,18:24
8485414,PIT,22.5405,36.2754,0.658,2026-01-01,DET,PIT,3,4,4,00:17
8470613,COL,22.1519,35.6499,0.6914,2026-01-19,WSH,COL,2,5,1,19:06
8471685,LAK,21.3346,34.3346,0.1661,2026-03-26,LAK,VAN,4,0,2,00:14
8474563,LAK,21.5782,34.7267,0.4537,2025-11-04,WPG,LAK,0,3,2,09:50
8475208,LAK,21.8542,35.1709,0.5679,2026-03-07,MTL,LAK,4,3,2,12:46
8475754,COL,22.6372,36.431,0.6954,2026-01-08,OTT,COL,2,8,1,15:05
8476312,COL,22.068,35.515,0.6481,2025-11-20,NYR,COL,3,6,3,13:08
8476441,LAK,21.549,34.6797,0.4475,2026-01-01,TBL,LAK,5,3,1,15:53
8476455,COL,22.1687,35.6769,0.4658,2025-12-16,COL,SEA,5,3,3,18:45
8476469,LAK,21.6379,34.8228,0.2524,2025-11-11,LAK,MTL,5,1,3,11:06
8476479,MTL,21.6407,34.8272,0.2557,2025-10-08,LAK,VGK,6,5,4,04:49
8476879,LAK,21.7282,34.968,0.5216,2025-11-20,LAK,SJS,3,4,3,09:43
8477476,COL,21.7031,34.9276,0.2736,2025-11-13,BUF,COL,3,6,3,16:47
8477492,COL,24.7795,39.8786,0.9984,2026-04-05,STL,COL,3,2,2,07:56
8477501,COL,23.5013,37.8215,0.9463,2026-03-30,CGY,COL,2,9,1,14:53
8477942,LAK,21.612,34.781,0.2443,2025-12-04,CHI,LAK,2,1,2,04:12
8477960,LAK,23.6984,38.1387,0.9707,2026-04-14,LAK,VAN,3,4,2,04:05
8477998,OTT,22.6957,36.5251,0.7313,2025-10-21,LAK,STL,2,1,1,11:37
8478038,COL,22.1626,35.6671,0.7037,2025-11-13,BUF,COL,3,6,1,05:37
8478109,CGY,22.7342,36.5871,0.7476,2026-02-28,CHI,COL,1,3,2,14:28
8479398,PIT,21.4485,34.5179,0.4198,2025-12-23,UTA,COL,0,1,2,05:57
8479525,COL,23.1396,37.2394,0.886,2025-12-31,STL,COL,1,6,1,17:19
8479675,LAK,24.2194,38.9773,0.9902,2026-04-01,STL,LAK,1,2,4,01:54
8479998,LAK,21.1003,33.9575,0.287,2026-03-19,PHI,LAK,4,3,3,12:04
8480039,COL,23.8916,38.4498,0.9805,2026-03-18,DAL,COL,2,1,2,00:14
8480069,COL,23.6795,38.1083,0.9877,2025-10-09,UTA,COL,1,2,1,11:27
8480448,COL,22.2329,35.7803,0.5033,2025-12-13,NSH,COL,2,4,3,18:27
8480835,COL,22.13,35.6146,0.4446,2026-02-04,SJS,COL,2,4,3,09:12
8481532,LAK,22.3909,36.0346,0.5782,2025-11-13,LAK,TOR,4,3,2,17:29
8481641,COL,23.249,37.4155,0.9104,2025-12-29,LAK,COL,2,5,3,03:39
8482124,LAK,23.1638,37.2784,0.8941,2025-12-06,CHI,LAK,0,6,2,07:33
8482155,LAK,23.399,37.657,0.9332,2026-02-28,CGY,LAK,0,2,1,10:41
8482408,LAK,22.7733,36.65,0.7671,2026-01-12,DAL,LAK,3,1,1,03:11
8482730,LAK,21.9925,35.3935,0.6173,2025-11-17,LAK,WSH,1,2,2,08:46
8483808,LAK,21.0307,33.8456,0.0945,2026-01-16,ANA,LAK,3,2,4,03:13
8484149,COL,23.1623,37.276,0.8925,2026-01-21,ANA,COL,2,1,1,00:55
8484258,COL,22.9331,36.9071,0.9105,2025-10-28,NJD,COL,4,8,3,12:55
8475166,TOR,22.6598,36.4674,0.7199,2026-01-17,TOR,WPG,4,3,1,13:29
8475171,TOR,21.3907,34.4249,0.3981,2026-01-08,TOR,PHI,2,1,4,01:02
8475690,TOR,20.5053,33.0,0.1574,2025-10-18,SEA,TOR,4,3,1,14:07
8475714,TOR,21.8598,35.1799,0.3257,2026-03-07,TBL,TOR,5,2,1,12:20
8475848,MTL,22.8156,36.7181,0.7834,2025-11-28,MTL,VGK,4,1,1,06:14
8476853,TOR,22.7057,36.5412,0.8735,2025-11-03,PIT,TOR,3,4,2,09:09
8476875,MTL,22.8092,36.7078,0.8951,2026-01-29,COL,MTL,3,7,1,16:55
8476931,TOR,22.6744,36.4908,0.8642,2025-10-29,TOR,CBJ,3,6,2,04:11
8476981,MTL,23.2769,37.4604,0.9186,2026-04-05,NJD,MTL,3,0,1,05:08
8477503,TOR,22.9456,36.9272,0.8257,2026-01-25,COL,TOR,4,1,2,06:23
8477939,TOR,23.4777,37.7837,0.9446,2025-10-18,SEA,TOR,4,3,4,02:45
8478057,TOR,21.2259,34.1596,0.1466,2025-11-22,TOR,MTL,2,5,1,17:38
8478133,MTL,22.2343,35.7825,0.5049,2025-12-16,PHI,MTL,4,1,3,08:59
8478443,TOR,21.7409,34.9886,0.5278,2025-11-09,CAR,TOR,5,4,2,12:48
8478462,COL,20.9734,33.7533,0.0847,2026-01-21,DET,TOR,2,1,3,11:55
8478851,MTL,21.6939,34.9129,0.5062,2025-12-23,MTL,BOS,6,2,1,06:50
8478904,TOR,22.7217,36.567,0.741,2026-01-13,TOR,UTA,1,6,3,12:30
8479318,TOR,22.1034,35.572,0.4332,2026-01-06,FLA,TOR,1,4,3,09:16
8479339,MTL,20.1742,32.4672,0.0244,2025-10-16,NSH,MTL,2,3,1,02:50
8480018,MTL,23.6214,38.0149,0.9642,2026-03-19,MTL,DET,1,3,2,07:52
8480865,MTL,22.4614,36.1481,0.8056,2026-03-19,MTL,DET,1,3,2,14:22
8481122,TOR,22.7969,36.6879,0.892,2025-10-24,TOR,BUF,3,5,2,01:05
8481523,MTL,23.4167,37.6854,0.9381,2025-11-15,BOS,MTL,3,2,3,00:27
8481540,MTL,22.5702,36.3231,0.6678,2026-01-27,VGK,MTL,2,3,2,10:50
8481582,TOR,22.6707,36.4849,0.7231,2025-10-28,CGY,TOR,3,4,3,10:15
8481618,MTL,23.1401,37.2404,0.8876,2025-10-18,NYR,MTL,4,3,1,05:58
8481711,TOR,22.749,36.6109,0.7524,2026-01-08,TOR,PHI,2,1,3,17:56
8482087,MTL,22.3967,36.044,0.784,2026-02-28,WSH,MTL,2,6,1,13:30
8482259,SEA,24.25,39.0264,0.9919,2025-12-02,TOR,FLA,4,1,2,04:11
8482720,TOR,22.2885,35.8698,0.5277,2025-12-28,TOR,DET,2,3,3,14:13
8482737,MTL,21.9962,35.3994,0.3811,2026-01-17,MTL,OTT,6,5,3,02:43
8482775,MTL,22.425,36.0894,0.5977,2026-01-15,MTL,BUF,3,5,2,19:47
8482964,MTL,21.8132,35.1049,0.5525,2025-12-20,PIT,MTL,0,4,1,05:16
8483457,MTL,22.9676,36.9627,0.9167,2025-11-20,WSH,MTL,8,4,3,16:00
8483515,MTL,23.0331,37.068,0.8502,2025-11-08,UTA,MTL,2,6,3,03:20
8484984,MTL,22.3942,36.04,0.5814,2026-01-07,CGY,MTL,1,4,1,00:59
8471214,WSH,21.6364,34.8203,0.2508,2026-03-20,NJD,WSH,1,2,2,01:08
8474590,ANA,22.5206,36.2433,0.8395,2026-01-19,WSH,COL,2,5,2,10:40
8475343,VGK,22.0591,35.5005,0.4072,2026-01-13,MTL,WSH,2,3,1,10:19
8476374,BOS,22.5732,36.3279,0.6726,2025-10-25,COL,BOS,2,3,3,19:28
8476854,BOS,22.5098,36.226,0.8272,2025-10-28,NYI,BOS,2,5,1,01:06
8476880,WSH,22.8156,36.7181,0.7834,2026-03-07,WSH,BOS,1,3,3,07:26
8477496,BOS,21.0082,33.8094,0.0896,2026-01-08,CGY,BOS,1,4,1,01:20
8477507,BOS,23.8442,38.3734,0.9969,2025-11-21,BOS,LAK,2,1,1,09:37
8477845,WSH,22.0983,35.5638,0.6605,2026-03-22,COL,WSH,3,2,1,19:42
8477956,BOS,21.5107,34.618,0.202,2026-04-11,TBL,BOS,2,1,2,19:16
8478042,BOS,22.7079,36.5448,0.7329,2025-10-19,BOS,UTA,2,3,2,14:06
8478401,BOS,22.3939,36.0393,0.5798,2025-12-21,OTT,BOS,6,2,1,09:29
8478440,WSH,22.0195,35.4369,0.3876,2026-04-11,WSH,PIT,6,3,3,08:07
8478463,WSH,22.9965,37.0092,0.8388,2026-01-29,WSH,DET,4,3,2,01:28
8478911,WSH,22.0535,35.4916,0.642,2026-02-28,WSH,MTL,2,6,3,07:19
8479325,BOS,22.3564,35.9791,0.7716,2025-10-09,CHI,BOS,3,4,2,04:36
8479345,WSH,23.0807,37.1446,0.9383,2026-04-08,WSH,TOR,4,0,2,15:12
8479369,BOS,20.9124,33.6551,0.2438,2026-04-02,BOS,FLA,1,2,3,04:48
8479400,WSH,21.6538,34.8484,0.2606,2026-02-05,NSH,WSH,2,4,3,08:50
8479520,WSH,23.304,37.504,0.9235,2026-03-31,PHI,WSH,4,6,3,15:00
8479591,BOS,22.5057,36.2194,0.645,2025-10-21,FLA,BOS,4,3,3,06:03
8479661,BOS,22.3735,36.0065,0.5733,2025-10-19,BOS,UTA,2,3,1,02:01
8479987,BOS,22.1836,35.7009,0.4756,2025-10-08,BOS,WSH,3,1,1,01:07
8479999,BOS,22.2824,35.86,0.5261,2025-10-13,TBL,BOS,4,3,1,19:30
8480035,BOS,21.3371,34.3387,0.3735,2025-11-11,TOR,BOS,3,5,2,19:57
8480355,BOS,22.7347,36.5878,0.7492,2025-10-21,FLA,BOS,4,3,2,10:55
8480796,WSH,22.3913,36.0353,0.7809,2025-12-18,TOR,WSH,0,4,1,11:36
8480873,WSH,21.961,35.3427,0.6049,2026-01-03,CHI,WSH,3,2,3,02:50
8481580,WSH,23.0093,37.0297,0.8453,2025-10-19,VAN,WSH,4,3,1,11:40
8481656,WSH,23.143,37.2449,0.8893,2025-12-16,WSH,MIN,0,5,1,04:34
8482088,WSH,22.3546,35.9762,0.5635,2025-11-13,WSH,FLA,3,6,1,10:20
8482148,WSH,22.7117,36.5508,0.7362,2026-01-23,WSH,CGY,3,1,1,02:45
8482177,BOS,22.8875,36.8338,0.816,2025-11-06,OTT,BOS,2,3,2,05:23
8482511,BOS,22.1016,35.569,0.6636,2025-11-29,DET,BOS,2,3,3,01:52
8483489,BOS,22.7141,36.5547,0.7378,2025-12-02,BOS,DET,4,5,1,03:10
8484186,WSH,24.2609,39.0441,0.9935,2026-03-28,WSH,VGK,5,4,1,14:41
8474150,CGY,22.1357,35.6239,0.4479,2026-01-31,SJS,CGY,2,3,3,19:54
8474641,EDM,21.6205,34.7947,0.2459,2025-10-11,VAN,EDM,1,3,1,19:04
8475172,COL,22.1157,35.5917,0.4365,2025-10-30,CGY,OTT,3,4,1,15:24
8475218,EDM,22.1712,35.6811,0.716,2026-03-24,EDM,UTA,5,2,2,12:21
8476399,CGY,22.5166,36.2368,0.6498,2025-12-18,SEA,CGY,2,4,3,03:41
8476454,EDM,22.7683,36.642,0.7638,2025-10-14,EDM,NYR,2,0,1,11:39
8476967,COL,21.9299,35.2926,0.5988,2026-02-03,PIT,NYI,4,5,4,00:51
8477346,UTA,22.0427,35.4741,0.6358,2026-03-16,UTA,DAL,6,3,2,07:01
8477498,EDM,23.199,37.3351,0.9599,2026-04-16,VAN,EDM,1,6,3,10:47
8477810,CGY,20.8132,33.4955,0.2253,2026-01-03,NSH,CGY,4,3,1,12:51
8477934,EDM,23.2764,37.4597,0.9153,2025-12-02,MIN,EDM,1,0,1,06:07
8477953,EDM,23.9216,38.4979,0.9821,2026-03-15,NSH,EDM,1,3,3,06:37
8477993,CGY,21.4441,34.5108,0.1873,2026-01-17,NYI,CGY,2,4,3,19:47
8478233,CHI,22.5522,36.2942,0.6612,2026-02-04,EDM,CGY,3,4,2,04:36
8478397,VGK,21.8433,35.1534,0.5586,2025-11-01,CGY,NSH,2,4,3,01:42
8478402,EDM,24.6119,39.6089,0.9967,2025-10-08,CGY,EDM,4,3,2,08:04
8479066,CGY,22.8722,36.8092,0.8111,2025-10-30,CGY,OTT,3,4,2,08:16
8479365,EDM,22.6387,36.4334,0.6971,2026-04-02,CHI,EDM,1,3,3,04:06
8479402,CGY,21.6605,34.8592,0.4877,2025-10-08,CGY,EDM,4,3,3,11:55
8480028,CGY,22.7329,36.585,0.7443,2025-10-11,STL,CGY,4,2,3,02:09
8480797,CGY,22.2145,35.7507,0.4951,2025-12-16,CGY,SJS,3,6,3,03:14
8480803,EDM,21.9746,35.3646,0.6111,2025-11-04,EDM,DAL,3,4,1,09:20
8480831,EDM,21.6033,34.7671,0.4722,2025-11-08,COL,EDM,9,1,3,10:30
8480834,EDM,22.7509,36.6139,0.8889,2025-12-29,EDM,WPG,3,1,2,05:47
8480860,CGY,21.6731,34.8793,0.4969,2025-12-20,VGK,CGY,3,6,1,19:19
8481068,CGY,21.9586,35.3388,0.3681,2026-03-05,OTT,CGY,4,1,1,09:45
8481167,CGY,21.1412,34.0234,0.2963,2026-03-05,OTT,CGY,4,1,3,04:50
8481491,CAR,21.7693,35.0343,0.2915,2025-10-08,CGY,EDM,4,3,2,13:02
8481617,EDM,23.1124,37.1957,0.8762,2026-03-03,OTT,EDM,4,5,3,11:08
8482074,CGY,20.7931,33.4631,0.0635,2025-11-22,DAL,CGY,2,3,1,00:39
8482679,CGY,22.6767,36.4945,0.7296,2025-10-08,CGY,EDM,4,3,4,01:14
8483455,EDM,23.0357,37.0723,0.8518,2025-11-03,EDM,STL,2,3,3,15:30
8483512,EDM,22.7575,36.6246,0.7573,2026-01-24,WSH,EDM,5,6,3,10:31
8483609,CGY,22.588,36.3518,0.6824,2025-10-11,STL,CGY,4,2,2,17:34
8484860,CGY,21.9833,35.3786,0.3779,2026-01-19,NJD,CGY,2,1,1,10:19
8485493,EDM,22.0288,35.4518,0.3909,2025-10-28,UTA,EDM,3,6,1,04:28
8475188,VGK,20.4555,32.9199,0.1389,2025-12-20,VGK,CGY,3,6,1,15:43
8475191,VGK,22.1323,35.6183,0.4463,2026-01-10,STL,VGK,2,4,1,12:31
8475913,VGK,22.4076,36.0615,0.5879,2026-04-13,WPG,VGK,2,6,1,19:17
8476438,VGK,22.6395,36.4347,0.6987,2025-11-10,FLA,VGK,3,2,1,15:54
8476448,VGK,22.3282,35.9337,0.5521,2025-10-26,VGK,TBL,1,2,2,19:33
8476881,VGK,21.9634,35.3466,0.3697,2025-11-18,NYR,VGK,2,3,3,04:03
8476925,VGK,22.9844,36.9896,0.8355,2025-11-08,ANA,VGK,4,3,2,12:38
8477447,VGK,22.2014,35.7296,0.7222,2026-01-10,STL,VGK,2,4,3,03:33
8477964,VGK,22.5419,36.2776,0.6596,2025-10-28,VGK,CAR,6,3,2,00:29
8478396,VGK,23.4488,37.737,0.9753,2025-11-10,FLA,VGK,3,2,2,07:54
8478403,VGK,23.0317,37.0658,0.8485,2025-10-28,VGK,CAR,6,3,2,05:13
8478434,VGK,22.3777,36.0134,0.5749,2025-11-29,SJS,VGK,3,4,1,10:07
8478468,VGK,22.5101,36.2264,0.8302,2026-03-30,VAN,VGK,2,4,1,12:17
8478483,VGK,22.0052,35.4138,0.3844,2025-12-27,COL,VGK,6,5,2,06:23
8479353,VGK,23.202,37.3399,0.9023,2025-11-24,VGK,UTA,1,5,1,08:48
8480727,CGY,21.3331,34.3323,0.3704,2026-01-31,SJS,CGY,2,3,1,10:11
8481527,VGK,21.8398,35.1477,0.5556,2026-01-06,VGK,WPG,4,3,3,11:40
8481604,VGK,22.4296,36.0969,0.6026,2025-11-08,ANA,VGK,4,3,3,15:35
8481568,CHI,22.3745,36.0081,0.7747,2026-04-13,BUF,CHI,5,1,2,09:22
8481806,CHI,23.0895,37.1588,0.9414,2026-03-09,UTA,CHI,2,3,3,07:21
8475722,BUF,21.9005,35.2453,0.3355,2025-11-26,BUF,PIT,2,4,2,07:00
8477419,BUF,21.6044,34.7688,0.241,2025-10-20,BUF,MTL,2,4,1,08:44
8477949,BUF,22.7886,36.6746,0.7736,2026-03-28,SEA,BUF,2,3,3,09:56
8479359,BUF,24.9389,40.1352,1.0,2026-03-12,WSH,BUF,2,1,3,12:05
8479420,BUF,22.8454,36.7659,0.7997,2025-11-29,BUF,MIN,3,2,4,03:10
8479941,BUF,21.0409,33.862,0.0961,2025-10-11,BUF,BOS,1,3,2,08:16
8479982,BUF,21.0118,33.8152,0.2685,2025-12-09,BUF,EDM,4,3,2,05:46
8480064,BUF,23.0384,37.0767,0.855,2026-01-08,BUF,NYR,5,2,1,17:04
8480196,WPG,22.1093,35.5814,0.6667,2025-12-08,BUF,CGY,4,7,1,08:54
8480802,BUF,23.1759,37.298,0.899,2026-03-31,NYI,BUF,3,4,1,02:29
8480807,BUF,22.8413,36.7594,0.9043,2025-12-31,BUF,DAL,4,1,3,00:34
8480839,BUF,22.4791,36.1765,0.8148,2026-01-15,MTL,BUF,3,5,3,00:50
8481522,BUF,23.2766,37.46,0.9169,2026-03-03,VGK,BUF,2,3,3,09:41
8481524,BUF,22.8666,36.8001,0.9074,2026-01-03,BUF,CBJ,1,5,1,06:20
8481564,BUF,20.5548,33.0797,0.1667,2025-10-13,COL,BUF,3,1,2,14:14
8482097,BUF,23.0394,37.0783,0.8567,2026-03-03,VGK,BUF,2,3,2,03:20
8482659,BUF,22.204,35.7337,0.4886,2026-01-14,PHI,BUF,2,5,2,01:14
8483468,BUF,21.9365,35.3034,0.3534,2025-10-20,BUF,MTL,2,4,1,16:05
8474141,DET,22.8011,36.6947,0.7801,2026-01-10,DET,MTL,4,0,3,12:20
8474612,DET,20.363,32.771,0.1296,2026-01-22,DET,MIN,3,4,1,05:53
8475279,DET,21.8693,35.1952,0.5772,2026-02-02,DET,COL,2,0,1,14:09
8477429,DET,22.4668,36.1567,0.6238,2026-02-28,DET,CAR,2,5,2,13:00
8477456,DET,22.3992,36.0479,0.5847,2026-01-18,OTT,DET,3,4,1,09:37
8477946,DET,22.5092,36.2249,0.6466,2026-02-26,DET,OTT,2,1,4,01:48
8478891,DET,22.0765,35.5286,0.4137,2025-12-28,TOR,DET,2,3,3,08:30
8479337,DET,22.6395,36.4346,0.6987,2026-04-13,DET,TBL,3,4,4,00:17
8479992,DET,22.2454,35.8004,0.5114,2026-01-08,VAN,DET,1,5,2,10:33
8481542,DET,21.7169,34.9499,0.5185,2025-12-21,WSH,DET,2,3,1,19:55
8481607,DET,21.9709,35.3586,0.608,2025-10-17,TBL,DET,1,2,2,03:14
8481725,PIT,22.161,35.6647,0.4593,2025-10-31,DET,ANA,2,5,2,04:04
8482078,DET,22.7486,36.6102,0.7508,2026-01-21,DET,TOR,2,1,1,05:52
8482762,DET,22.1697,35.6786,0.713,2026-01-10,DET,MTL,4,0,2,11:59
8483464,DET,22.835,36.7493,0.7948,2025-10-28,DET,STL,5,2,3,04:35
8484223,DET,21.5123,34.6205,0.429,2026-04-15,DET,FLA,1,8,3,02:21
8484471,DET,22.4192,36.0802,0.5961,2025-11-26,NSH,DET,6,3,1,00:31
8484794,DET,22.1203,35.599,0.4397,2025-10-17,TBL,DET,1,2,3,01:39
8473512,OTT,21.8386,35.1457,0.3143,2025-10-13,NSH,OTT,4,1,3,12:42
8474102,DET,22.1813,35.6972,0.4723,2025-12-15,OTT,WPG,3,2,3,13:56
8474151,TBL,21.0471,33.872,0.2747,2026-03-07,TBL,TOR,5,2,3,16:31
8474189,OTT,22.2698,35.8398,0.5195,2026-01-08,OTT,COL,2,8,1,15:54
8475167,TBL,22.1537,35.6528,0.6944,2025-11-08,WSH,TBL,2,3,2,15:44
8475324,OTT,22.6573,36.4633,0.8549,2025-11-20,OTT,ANA,3,2,2,14:22
8476393,OTT,22.1269,35.6098,0.443,2026-01-03,WPG,OTT,2,4,3,16:33
8476453,TBL,22.4398,36.1133,0.6075,2025-10-11,NJD,TBL,5,3,3,11:30
8476826,TBL,21.8349,35.1398,0.3111,2025-10-18,TBL,CBJ,2,3,2,19:47
8477073,OTT,21.197,34.1132,0.1384,2025-12-21,OTT,BOS,6,2,2,05:55
8477404,TBL,22.2569,35.8189,0.5147,2026-01-29,WPG,TBL,1,4,1,11:46
8477416,TBL,21.9514,35.3272,0.3632,2025-12-15,FLA,TBL,5,2,1,02:14
8478010,TBL,23.4631,37.7602,0.9414,2025-10-17,TBL,DET,1,2,4,01:10
8478020,OTT,22.2624,35.8278,0.5163,2025-11-22,OTT,SJS,3,2,3,19:15
8478178,TBL,21.151,34.0392,0.3025,2025-12-15,FLA,TBL,5,2,3,01:41
8478416,TBL,22.225,35.7676,0.7284,2026-03-07,TBL,TOR,5,2,2,04:30
8478469,OTT,22.2586,35.8217,0.7346,2025-10-30,CGY,OTT,3,4,2,05:52
8478519,TBL,22.4455,36.1224,0.6124,2025-11-04,TBL,COL,2,3,3,12:59
8479542,TBL,23.2225,37.3729,0.9039,2025-10-25,ANA,TBL,3,4,2,18:50
8480188,OTT,22.5131,36.2312,0.6482,2026-01-10,FLA,OTT,3,2,1,12:26
8480801,OTT,22.0858,35.5435,0.4202,2026-03-18,OTT,WSH,1,4,3,07:59
8480876,VAN,21.3484,34.3568,0.1678,2025-12-06,NYI,TBL,2,0,2,15:04
8480995,TBL,22.9304,36.9028,0.8241,2026-03-19,TBL,VAN,6,2,3,12:16
8481528,OTT,23.747,38.217,0.9756,2026-01-10,FLA,OTT,3,2,1,07:30
8481596,OTT,22.5799,36.3388,0.6759,2026-02-26,DET,OTT,2,1,4,01:48
8481719,TBL,21.7073,34.9345,0.5154,2026-01-26,UTA,TBL,0,2,2,11:06
8482070,TBL,21.4527,34.5247,0.1889,2025-10-17,TBL,DET,1,2,2,13:49
8482092,OTT,22.9257,36.8952,0.8225,2026-01-07,OTT,UTA,1,3,1,16:42
8482105,OTT,24.3656,39.2125,1.0,2026-01-13,VAN,OTT,1,2,3,01:55
8482116,OTT,23.5373,37.8795,0.956,2026-01-28,COL,OTT,2,5,2,02:13
8482131,FLA,22.1366,35.6253,0.6852,2025-10-11,OTT,FLA,2,6,1,04:50
8482201,TBL,23.3202,37.5301,0.9267,2025-11-26,CGY,TBL,1,5,1,03:59
8482245,OTT,20.9481,33.7126,0.2531,2026-04-09,FLA,OTT,1,5,3,15:30
8482929,TBL,21.7948,35.0752,0.5432,2025-10-23,CHI,TBL,3,2,1,04:51
8483447,TBL,22.5296,36.2578,0.6547,2025-10-14,TBL,WSH,2,3,2,17:57
8484321,OTT,23.1269,37.219,0.9506,2025-10-09,OTT,TBL,5,4,1,06:40
8475235,CAR,21.0627,33.8971,0.101,2026-02-03,WSH,PHI,2,4,1,02:38
8476372,PHI,22.2678,35.8365,0.7377,2026-04-09,PHI,DET,3,6,2,14:43
8476461,PHI,21.6859,34.9,0.2704,2025-11-04,PHI,MTL,5,4,1,01:45
8477903,PHI,22.4886,36.1918,0.6319,2025-10-09,PHI,FLA,1,2,3,06:32
8477948,PHI,22.6985,36.5296,0.8704,2025-12-31,PHI,CGY,1,5,2,15:48
8477989,PHI,22.3463,35.9628,0.5603,2025-11-06,PHI,NSH,3,1,3,11:44
8478439,PHI,22.3456,35.9617,0.5586,2025-12-03,BUF,PHI,2,5,3,11:56
8478454,PHI,20.4287,32.8768,0.1358,2025-11-02,CGY,PHI,2,1,2,06:31
8479022,PHI,22.0254,35.4463,0.3893,2025-11-28,PHI,NYI,4,3,1,06:01
8480015,PHI,23.9739,38.5821,0.987,2026-04-13,CAR,PHI,2,3,1,11:09
8480220,PHI,22.4114,36.0676,0.5928,2025-10-23,PHI,OTT,1,2,3,17:59
8480874,PHI,20.005,32.1949,0.0772,2025-10-11,PHI,CAR,3,4,3,11:03
8481178,CBJ,21.1227,33.9936,0.2901,2026-01-10,CBJ,COL,0,4,2,04:57
8481533,PHI,22.095,35.5584,0.4235,2025-12-11,VGK,PHI,3,2,1,17:01
8481553,MIN,23.3043,37.5046,0.9251,2025-10-11,PHI,CAR,3,4,2,03:34
8482142,PHI,23.5145,37.8428,0.9815,2025-12-30,PHI,VAN,6,3,2,18:18
8482159,PHI,21.3091,34.2937,0.158,2026-04-09,PHI,DET,3,6,2,04:54
8484387,PHI,21.4896,34.5841,0.1938,2026-03-12,PHI,MIN,3,2,1,15:36
8475151,NYI,22.3263,35.9307,0.5505,2025-10-30,NYI,CAR,2,6,2,04:35
8475231,NYI,22.734,36.5867,0.7459,2025-12-09,VGK,NYI,4,5,1,04:45
8475314,NYI,22.2426,35.7959,0.5081,2026-01-29,NYI,NYR,2,1,3,19:24
8476419,NYI,22.078,35.531,0.4153,2026-01-29,NYI,NYR,2,1,2,02:40
8476429,NYI,23.0493,37.0942,0.929,2026-02-05,NYI,NJD,3,1,1,07:58
8476917,NYI,22.0285,35.4513,0.6296,2025-11-16,NYI,COL,1,4,2,10:36
8477407,NYI,22.6756,36.4927,0.728,2026-01-17,NYI,CGY,2,4,2,04:20
8477494,STL,22.121,35.6002,0.4414,2025-11-18,NYI,DAL,3,2,3,16:23
8477500,NYI,23.0778,37.14,0.8697,2026-04-09,TOR,NYI,3,5,3,17:18
8477506,NYI,22.8119,36.712,0.8981,2025-12-04,COL,NYI,3,6,2,01:56
8477950,NYI,22.4693,36.1608,0.8117,2026-03-04,NYI,ANA,1,5,3,07:10
8478445,NYI,22.4755,36.1707,0.6254,2026-03-10,NYI,STL,4,3,3,10:28
8480842,PIT,22.9531,36.9393,0.8306,2025-10-11,NYR,PIT,6,1,1,11:51
8481014,NYI,21.4265,34.4826,0.4167,2025-10-11,WSH,NYI,4,2,3,14:26
8481601,NYI,22.7515,36.6149,0.7541,2026-01-24,BUF,NYI,5,0,3,13:32
8482476,NYI,23.5087,37.8336,0.9479,2026-02-28,NYI,CBJ,4,3,1,13:35
8484958,NJD,21.3268,34.3221,0.1629,2026-01-26,NYI,PHI,4,0,3,01:40
8485366,NYI,23.0939,37.1659,0.9444,2026-01-17,NYI,CGY,2,4,2,03:15
8485702,NYI,21.5704,34.7141,0.228,2025-11-28,PHI,NYI,4,3,2,03:57
8473533,CAR,23.1068,37.1867,0.873,2026-02-26,TBL,CAR,4,5,2,15:43
8474149,NJD,22.6518,36.4545,0.715,2026-01-19,NJD,CGY,2,1,2,18:20
8475455,NJD,22.6694,36.4828,0.8611,2026-03-26,NJD,NSH,4,2,3,08:45
8475791,CAR,22.8466,36.768,0.8029,2026-04-09,CAR,CHI,7,2,1,09:00
8476292,NYI,22.5537,36.2965,0.6629,2025-11-26,STL,NJD,2,3,3,12:04
8476462,NJD,21.265,34.2226,0.3395,2025-12-30,NJD,TOR,0,4,1,15:18
8476822,PHI,23.2788,37.4634,0.9202,2026-01-12,NJD,MIN,5,2,1,02:34
8476906,CAR,21.731,34.9725,0.5247,2026-01-03,COL,CAR,5,3,2,06:39
8476921,CAR,22.7142,36.5549,0.7394,2026-04-13,CAR,PHI,2,3,1,15:50
8476958,CAR,21.8475,35.16,0.5648,2026-01-12,CAR,DET,3,4,4,01:50
8477015,NJD,23.2273,37.3805,0.9055,2025-10-09,NJD,CAR,3,6,3,06:06
8477478,CAR,22.6479,36.4481,0.7068,2026-04-09,CAR,CHI,7,2,3,16:14
8477488,NJD,20.9217,33.6702,0.2469,2025-12-19,NJD,UTA,2,1,2,05:53
8477940,CAR,23.1125,37.1959,0.8779,2026-03-24,CAR,MTL,2,5,1,07:25
8478399,NJD,21.2146,34.1415,0.321,2025-12-21,BUF,NJD,3,1,2,16:57
8478414,NJD,22.4349,36.1054,0.6042,2025-12-27,WSH,NJD,4,3,4,02:21
8478427,CAR,22.1803,35.6957,0.4707,2025-11-08,BUF,CAR,3,6,1,17:40
8478970,CAR,22.4487,36.1276,0.7963,2025-10-09,NJD,CAR,3,6,2,03:32
8479407,NJD,22.6462,36.4454,0.7052,2025-11-15,NJD,WSH,3,2,1,00:27
8479996,NJD,21.9498,35.3247,0.3599,2026-03-08,DET,NJD,3,0,1,09:02
8480002,NJD,22.7938,36.683,0.7752,2026-02-28,NJD,STL,3,1,1,04:03
8480336,CAR,22.0897,35.5498,0.6574,2025-10-11,PHI,CAR,3,4,2,16:56
8480762,CAR,23.5969,37.9754,0.9577,2026-03-24,CAR,MTL,2,5,2,07:06
8480817,CAR,23.2171,37.3642,0.963,2026-01-03,COL,CAR,5,3,2,13:49
8480829,CAR,21.6021,34.7651,0.2394,2025-11-11,WSH,CAR,4,1,1,03:19
8480830,CAR,23.1074,37.1876,0.8746,2026-04-07,BOS,CAR,5,6,1,12:47
8481032,NJD,23.1201,37.2081,0.8795,2026-01-19,NJD,CGY,2,1,3,13:47
8481559,NJD,22.49,36.194,0.6336,2025-10-26,COL,NJD,3,4,3,17:53
8481721,NJD,22.6517,36.4543,0.7134,2026-01-11,NJD,WPG,3,4,3,04:23
8482093,CAR,23.3801,37.6266,0.93,2025-12-19,CAR,FLA,3,4,4,00:18
8482100,CAR,22.3808,36.0183,0.7778,2026-01-12,CAR,DET,3,4,2,17:00
8482110,NJD,21.7564,35.0134,0.2883,2025-11-22,NJD,PHI,3,6,2,05:30
8482684,NJD,23.3719,37.6134,0.9691,2026-03-20,NJD,WSH,1,2,3,07:38
8482702,CAR,21.9125,35.2647,0.3436,2026-01-13,CAR,STL,0,3,3,16:37
8482809,CAR,21.7765,35.0458,0.2932,2025-12-19,CAR,FLA,3,4,4,04:15
8483495,NJD,21.3697,34.391,0.3858,2025-11-24,DET,NJD,3,4,1,10:42
8474567,MIN,22.0373,35.4654,0.6327,2025-12-06,MIN,VAN,2,4,1,03:39
8474716,MIN,22.4599,36.1457,0.8025,2025-11-19,CAR,MIN,3,4,4,04:07
8475149,MIN,23.0608,37.1127,0.8648,2025-11-29,BUF,MIN,3,2,4,01:32
8475170,NYI,22.427,36.0927,0.5993,2026-04-03,PHI,NYI,4,1,3,04:35
8475220,MIN,21.5213,34.6351,0.2036,2025-10-13,LAK,MIN,3,4,3,18:39
8475753,DET,22.7304,36.581,0.8827,2025-11-26,STL,NJD,2,3,2,14:26
8475760,NJD,21.6473,34.8378,0.2573,2026-04-04,MTL,NJD,4,3,2,12:10
8475764,STL,21.8846,35.2198,0.5895,2026-03-26,SJS,STL,1,2,3,09:43
8475765,MIN,21.9338,35.299,0.3502,2026-01-29,CGY,MIN,1,4,1,05:54
8476892,STL,22.3277,35.9329,0.7593,2026-03-28,TOR,STL,1,5,3,12:44
8476994,FLA,23.6143,38.0035,0.9625,2026-01-03,MIN,LAK,4,5,1,02:21
8477402,STL,21.5365,34.6595,0.2085,2025-12-06,STL,OTT,2,1,2,12:05
8477451,MIN,22.3447,35.9602,0.557,2026-03-15,TOR,MIN,4,2,3,08:25
8477573,STL,22.8202,36.7254,0.7899,2026-04-09,WPG,STL,3,2,1,16:14
8478136,MIN,21.7478,34.9997,0.534,2025-11-04,NSH,MIN,2,3,2,02:20
8478472,LAK,22.7846,36.6682,0.7704,2025-10-15,CHI,STL,8,3,3,19:18
8478493,MIN,22.4356,36.1066,0.6059,2025-12-02,MIN,EDM,1,0,1,04:15
8478508,MIN,22.9592,36.9492,0.8339,2026-04-07,SEA,MIN,2,5,3,03:50
8478864,MIN,22.4285,36.0952,0.601,2026-02-26,MIN,COL,5,2,1,19:06
8479385,STL,23.0397,37.0786,0.8583,2026-03-24,WSH,STL,0,3,3,19:12
8480023,STL,23.2965,37.4919,0.9218,2025-11-15,VGK,STL,4,1,3,02:37
8480281,STL,23.5152,37.844,0.9495,2026-03-21,STL,VAN,3,1,1,03:07
8480459,STL,21.0924,33.9448,0.1075,2026-04-01,STL,LAK,1,2,3,17:13
8481006,STL,21.882,35.2156,0.5833,2026-03-10,NYI,STL,4,3,3,14:51
8481557,MIN,22.2703,35.8404,0.5212,2026-02-27,MIN,UTA,2,5,1,06:18
8481598,STL,23.4601,37.7554,0.9784,2025-11-11,CGY,STL,2,3,2,08:53
8482077,STL,22.1474,35.6427,0.4528,2026-03-30,STL,SJS,4,5,2,02:05
8482079,VAN,21.7282,34.9681,0.2818,2025-11-04,NSH,MIN,2,3,4,01:55
8482089,STL,22.154,35.6534,0.4544,2026-04-05,STL,COL,3,2,2,02:14
8482122,MIN,23.0494,37.0943,0.9321,2025-12-11,DAL,MIN,2,5,1,19:12
8482733,STL,21.9417,35.3117,0.6019,2026-03-26,SJS,STL,1,2,2,12:47
8483452,MIN,21.2157,34.1432,0.1433,2025-10-09,MIN,STL,5,0,3,02:26
8483460,PHI,20.0101,32.2031,0.0802,2026-01-29,CGY,MIN,1,4,3,05:47
8483499,VAN,22.6449,36.4433,0.7036,2025-11-26,MIN,CHI,4,3,1,12:01
8483516,STL,22.056,35.4955,0.4007,2025-11-28,OTT,STL,3,4,1,01:33
8484798,VAN,22.7196,36.5635,0.8765,2025-10-13,LAK,MIN,3,4,1,05:35
8474564,NSH,22.9518,36.9372,0.829,2026-01-06,NSH,EDM,2,6,1,12:18
8474600,NSH,21.3778,34.4042,0.392,2025-12-15,NSH,STL,5,2,3,05:57
8475158,NSH,22.1415,35.6332,0.4511,2026-01-27,NSH,BOS,2,3,1,03:14
8475287,NSH,22.5008,36.2114,0.6433,2026-01-13,EDM,NSH,3,4,4,01:44
8475745,CBJ,23.0619,37.1144,0.8664,2026-02-28,NYI,CBJ,4,3,2,00:13
8475790,CBJ,22.4381,36.1106,0.7901,2025-10-11,CBJ,MIN,7,4,2,05:40
8476432,CBJ,22.2645,35.8311,0.5179,2026-03-31,CAR,CBJ,5,2,2,04:24
8476539,NSH,21.0797,33.9244,0.1059,2025-10-11,UTA,NSH,3,2,2,01:07
8476869,NSH,23.3967,37.6532,0.9722,2026-03-15,NSH,EDM,1,3,2,07:40
8476887,NSH,21.9683,35.3545,0.3713,2026-03-19,SEA,NSH,1,3,1,11:07
8476923,CBJ,22.0642,35.5089,0.6451,2026-02-26,CBJ,BOS,2,4,1,00:38
8477425,CBJ,23.7146,38.1648,0.9739,2026-01-30,CBJ,CHI,4,2,3,06:38
8477446,MIN,22.1932,35.7164,0.4821,2026-03-10,UTA,MIN,0,5,3,09:03
8477497,CBJ,21.9242,35.2835,0.3469,2026-02-04,CHI,CBJ,0,4,3,15:31
8478047,DAL,22.5188,36.2404,0.6515,2025-12-17,CAR,NSH,4,1,1,18:03
8478460,CBJ,23.0635,37.117,0.9352,2025-10-18,TBL,CBJ,2,3,2,18:50
8478500,CBJ,22.1319,35.6177,0.6821,2025-12-01,CBJ,NJD,5,3,2,19:53
8479370,NSH,21.8501,35.1643,0.3192,2025-12-13,NSH,COL,2,4,3,18:55
8479371,CBJ,21.2578,34.211,0.3333,2026-02-28,NYI,CBJ,4,3,1,13:40
8479671,CBJ,21.8121,35.1031,0.2997,2025-11-10,CBJ,EDM,4,5,1,01:50
8479944,CBJ,22.213,35.7482,0.4935,2025-10-24,WSH,CBJ,5,1,1,03:40
8480246,NSH,20.6042,33.1592,0.1698,2025-12-20,TOR,NSH,3,5,3,09:45
8480806,CBJ,22.7838,36.6669,0.7687,2026-03-14,CBJ,PHI,2,1,2,03:30
8480893,CBJ,23.3641,37.6007,0.9283,2025-10-28,CBJ,BUF,4,3,1,06:59
8481056,EDM,22.5196,36.2416,0.8364,2026-01-06,NSH,EDM,2,6,3,13:04
8481716,CBJ,22.0532,35.4911,0.399,2026-01-30,CBJ,CHI,4,2,2,13:02
8482062,VGK,23.471,37.7728,0.943,2026-01-27,NSH,BOS,2,3,2,18:10
8482111,NSH,21.5836,34.7354,0.4599,2026-02-05,NSH,WSH,2,4,1,19:58
8482482,NSH,22.5069,36.2213,0.8241,2026-03-22,NSH,CHI,3,2,2,02:51
8482660,CBJ,22.6142,36.394,0.6938,2026-03-17,CAR,CBJ,1,5,2,15:44
8482705,CBJ,22.7107,36.5492,0.7345,2025-12-20,CBJ,ANA,3,4,1,07:39
8482768,NSH,22.8796,36.821,0.8143,2025-10-16,NSH,MTL,2,3,1,18:19
8483465,NSH,21.0184,33.8257,0.0912,2025-10-09,CBJ,NSH,1,2,2,06:21
8483485,CBJ,22.2794,35.8551,0.7438,2025-11-18,CBJ,WPG,2,5,2,04:44
8484166,CBJ,23.3876,37.6386,0.9316,2025-10-25,CBJ,PIT,5,4,1,09:48
8485405,NSH,21.1112,33.9751,0.1173,2025-10-21,ANA,NSH,5,2,3,10:19
8473604,WPG,21.6392,34.8248,0.2541,2025-11-21,CAR,WPG,4,3,1,18:49
8474568,BUF,20.9688,33.7459,0.2593,2025-10-18,NSH,WPG,1,4,1,00:12
8474679,WPG,22.1884,35.7087,0.4772,2025-12-19,WPG,COL,2,3,3,11:11
8475168,DAL,21.5565,34.6917,0.2199,2026-03-18,DAL,COL,2,1,3,17:24
8475794,DAL,21.8542,35.1708,0.3208,2025-11-18,NYI,DAL,3,2,1,06:54
8475799,WPG,21.6802,34.8908,0.2671,2026-01-15,WPG,MIN,6,2,2,00:14
8476278,DAL,22.7956,36.6859,0.7785,2026-02-28,NSH,DAL,2,3,1,04:12
8476331,WPG,20.4673,32.9389,0.142,2026-03-03,CHI,WPG,2,3,2,08:55
8476460,WPG,23.438,37.7198,0.9397,2025-11-21,CAR,WPG,4,3,3,19:43
8476480,WPG,22.2433,35.797,0.5098,2026-04-09,WPG,STL,3,2,2,08:11
8476871,BUF,21.6978,34.9191,0.272,2026-01-27,WPG,NJD,4,3,2,05:32
8476889,DAL,21.9516,35.3275,0.3648,2026-02-02,WPG,DAL,3,4,3,08:38
8476902,DAL,21.183,34.0907,0.3117,2025-12-11,DAL,MIN,2,5,2,15:23
8477504,WPG,21.8576,35.1763,0.5741,2025-12-15,OTT,WPG,3,2,4,00:29
8477938,WPG,23.1479,37.2529,0.9537,2026-04-16,SJS,WPG,6,1,1,06:40
8478398,WPG,22.1591,35.6615,0.4577,2025-12-31,WPG,DET,1,2,2,04:34
8478420,DAL,22.839,36.7557,0.798,2025-10-30,DAL,TBL,1,2,4,02:33
8478449,DAL,23.607,37.9916,0.9593,2025-10-16,VAN,DAL,5,3,3,02:46
8479351,DAL,22.0674,35.5139,0.4104,2025-12-11,DAL,MIN,2,5,1,06:43
8479378,BUF,21.2591,34.2131,0.3364,2025-12-29,EDM,WPG,3,1,1,09:20
8479414,DAL,21.0604,33.8934,0.0977,2026-01-12,DAL,LAK,3,1,1,02:43
8480014,WPG,21.7275,34.967,0.2801,2025-12-29,EDM,WPG,3,1,1,17:24
8480027,DAL,22.6603,36.4681,0.7215,2026-03-28,DAL,PIT,6,3,3,09:47
8480036,DAL,22.4538,36.1359,0.7994,2025-11-25,DAL,EDM,8,3,2,05:34
8480113,WPG,22.373,36.0058,0.5717,2026-01-06,VGK,WPG,4,3,2,09:57
8480145,WPG,21.0032,33.8012,0.2654,2025-10-30,CHI,WPG,3,6,1,11:20
8480289,WPG,23.6408,38.0461,0.9674,2026-02-04,MTL,WPG,5,1,2,03:35
8480878,DAL,22.1684,35.6764,0.7068,2026-01-06,DAL,CAR,3,6,1,15:06
8480950,DAL,20.8502,33.555,0.2346,2026-01-07,DAL,WSH,4,1,2,07:40
8481043,WPG,24.2193,38.9771,0.9886,2026-03-07,VAN,WPG,2,3,3,09:46
8481581,DAL,22.1209,35.6,0.6728,2025-12-21,TOR,DAL,1,5,3,08:00
8482145,DAL,22.4603,36.1462,0.6156,2026-03-16,UTA,DAL,6,3,2,11:00
8482740,DAL,22.0477,35.4823,0.3958,2025-11-18,NYI,DAL,3,2,1,03:12
8482787,WPG,21.9798,35.3729,0.3746,2025-10-24,CGY,WPG,3,5,1,00:16
8483425,DAL,21.2805,34.2476,0.3488,2026-03-31,DAL,BOS,3,6,3,09:08
8484829,DAL,22.1625,35.667,0.4625,2025-10-11,DAL,COL,5,4,1,05:02
8474013,UTA,21.6755,34.8833,0.5,2025-12-19,NJD,UTA,2,1,3,04:32
8475461,UTA,21.9805,35.3741,0.3762,2025-10-11,UTA,NSH,3,2,1,02:33
8476874,CGY,22.1821,35.6986,0.7191,2025-11-18,UTA,SJS,2,3,3,13:25
8477220,UTA,21.5466,34.6758,0.4414,2025-10-21,COL,UTA,3,4,2,01:28
8477951,UTA,23.2418,37.4039,0.9072,2025-12-19,NJD,UTA,2,1,2,19:42
8478474,UTA,22.8303,36.7417,0.7932,2026-03-12,CHI,UTA,3,2,2,07:46
8478507,UTA,22.4392,36.1123,0.7932,2025-10-28,UTA,EDM,3,6,1,03:06
8478831,UTA,21.562,34.7006,0.2231,2025-10-11,UTA,NSH,3,2,2,08:23
8479293,UTA,22.9856,36.9916,0.8371,2025-11-14,NYI,UTA,3,2,3,16:11
8479343,UTA,22.8138,36.7151,0.7818,2026-01-11,CBJ,UTA,3,2,3,19:03
8479410,UTA,23.8361,38.3604,0.9938,2026-04-09,NSH,UTA,1,4,1,04:19
8479977,UTA,22.1022,35.5699,0.43,2025-11-02,TBL,UTA,4,2,3,02:32
8480434,UTA,22.6663,36.4778,0.858,2026-04-14,WPG,UTA,3,5,2,03:08
8480855,UTA,21.554,34.6878,0.2182,2025-11-04,UTA,BUF,2,1,2,04:44
8482175,UTA,22.5725,36.3268,0.671,2025-12-01,UTA,SJS,3,6,2,03:11
8482699,UTA,23.0175,37.0429,0.8469,2025-10-17,SJS,UTA,3,6,2,13:54
8483431,UTA,24.3765,39.2301,0.9951,2025-11-26,MTL,UTA,4,3,1,18:44
8484386,UTA,21.9071,35.256,0.5926,2025-10-17,SJS,UTA,3,6,1,02:42
8474574,DAL,22.4862,36.1879,0.8179,2025-12-22,VAN,PHI,2,5,3,08:03
8475169,VAN,22.6023,36.3748,0.6906,2026-02-02,VAN,UTA,2,6,1,00:55
8475762,VAN,20.6565,33.2434,0.179,2025-10-11,VAN,EDM,1,3,3,01:37
8477969,VAN,20.7818,33.4449,0.213,2026-01-27,SJS,VAN,5,2,2,18:41
8478444,VAN,21.5687,34.7113,0.2264,2026-03-12,NSH,VAN,3,4,4,04:24
8478498,VAN,23.5296,37.8671,0.9528,2025-10-30,VAN,STL,4,3,1,12:24
8478856,CBJ,22.8673,36.8012,0.8094,2026-03-14,CBJ,PHI,2,1,3,16:45
8479425,VAN,22.0765,35.5286,0.6512,2026-01-19,NYI,VAN,4,3,2,11:36
8480012,VAN,22.6735,36.4894,0.7264,2026-03-07,VAN,WPG,2,3,2,13:04
8480078,VAN,22.1362,35.6246,0.4495,2025-10-19,VAN,WSH,4,3,1,04:45
8480748,SJS,22.5999,36.3709,0.6873,2025-11-14,VAN,CAR,3,4,1,00:16
8480800,MIN,22.5108,36.2275,0.8333,2025-10-25,MTL,VAN,4,3,2,15:59
8482055,VAN,22.8201,36.7253,0.7883,2025-12-22,VAN,PHI,2,5,2,19:37
8482691,VAN,21.3265,34.3216,0.1612,2026-03-06,VAN,CHI,6,3,2,11:25
8483395,VAN,22.5717,36.3255,0.6694,2026-01-15,VAN,CBJ,1,4,3,03:00
8483476,VAN,20.9688,33.7459,0.0831,2026-02-04,VAN,VGK,2,5,3,02:57
8483678,VAN,22.6507,36.4527,0.8519,2026-04-07,VGK,VAN,2,1,3,09:12
8485385,VAN,20.0313,32.2372,0.0228,2025-10-09,CGY,VAN,1,5,1,09:01
8471817,SJS,21.5474,34.6771,0.2134,2025-12-23,SJS,VGK,2,7,3,10:51
8475181,SJS,22.2947,35.8798,0.7469,2026-04-04,NSH,SJS,6,3,2,01:24
8475200,SJS,21.3152,34.3034,0.3549,2026-02-28,EDM,SJS,4,5,1,08:23
8475726,SJS,21.4361,34.4979,0.1857,2026-02-04,SJS,COL,2,4,2,08:19
8475784,SJS,22.0407,35.4709,0.3925,2025-10-24,SJS,NJD,1,3,2,10:18
8475906,SJS,20.8013,33.4764,0.2191,2026-02-04,SJS,COL,2,4,1,17:04
8476624,SJS,22.2245,35.7668,0.4967,2025-12-13,SJS,PIT,6,5,2,05:38
8477018,VGK,21.8039,35.0899,0.5463,2025-12-11,VGK,PHI,3,2,3,13:04
8477505,SJS,23.1058,37.185,0.8713,2025-11-28,VAN,SJS,2,3,2,07:22
8478874,SJS,23.4071,37.67,0.9349,2026-01-29,SJS,EDM,3,4,2,08:18
8479983,SJS,21.3738,34.3977,0.3889,2025-12-01,UTA,SJS,3,6,1,10:14
8480043,WSH,22.5945,36.3622,0.8457,2026-02-02,SJS,CHI,3,6,1,10:53
8480798,SJS,22.207,35.7387,0.4902,2025-11-29,SJS,VGK,3,4,3,04:02
8480848,SJS,22.2494,35.8068,0.513,2025-11-20,LAK,SJS,3,4,3,08:50
8482166,SJS,21.6433,34.8315,0.4753,2026-03-30,STL,SJS,4,5,2,07:15
8482667,SJS,22.3084,35.9018,0.5342,2025-12-31,MIN,SJS,3,4,1,10:35
8484227,SJS,22.1002,35.5668,0.4283,2025-11-22,OTT,SJS,3,2,3,07:58
8484801,SJS,22.3202,35.9208,0.544,2026-03-14,SJS,MTL,4,2,3,00:13
8484911,SJS,22.9206,36.887,0.8208,2026-01-29,SJS,EDM,3,4,2,06:14
8473986,ANA,22.4621,36.1492,0.6189,2025-10-28,ANA,FLA,3,2,4,01:16
8474586,SEA,21.7033,34.928,0.2752,2026-01-31,SEA,VGK,3,2,2,06:51
8475184,ANA,22.8934,36.8433,0.8192,2025-10-14,PIT,ANA,3,4,2,05:28
8475462,ANA,21.5476,34.6773,0.4444,2025-11-22,VGK,ANA,3,4,2,08:12
8475768,SEA,21.6821,34.8939,0.2687,2025-10-14,SEA,MTL,4,5,2,15:04
8475798,ANA,22.3411,35.9545,0.5554,2026-03-26,ANA,CGY,3,2,2,16:03
8476457,SEA,21.8112,35.1017,0.5494,2026-04-16,SEA,COL,0,2,3,03:44
8476467,SEA,22.0144,35.4286,0.6265,2026-01-27,WSH,SEA,1,5,1,14:33
8476885,ANA,21.3982,34.437,0.4043,2025-11-22,VGK,ANA,3,4,3,03:55
8476905,SEA,23.2681,37.4463,0.9121,2026-01-31,SEA,VGK,3,2,3,05:30
8477527,ANA,21.6052,34.7702,0.2427,2025-10-09,ANA,SEA,1,3,3,10:26
8477919,SEA,21.9898,35.3891,0.3795,2026-01-19,PIT,SEA,6,3,3,03:36
8477955,SEA,21.5089,34.6151,0.1987,2026-02-25,SEA,DAL,1,4,2,08:46
8477986,SEA,22.7198,36.564,0.8796,2025-10-25,EDM,SEA,2,3,1,02:40
8478366,ANA,22.9464,36.9285,0.8274,2025-11-30,ANA,CHI,3,5,2,08:33
8478407,SEA,21.6453,34.8346,0.4784,2026-03-17,TBL,SEA,6,2,3,03:33
8478873,ANA,22.5831,36.3438,0.6808,2025-11-30,ANA,CHI,3,5,1,09:22
8478975,CBJ,21.5105,34.6177,0.2003,2026-01-22,DAL,CBJ,0,1,3,16:14
8479324,SEA,21.5886,34.7434,0.463,2025-10-21,SEA,WSH,1,4,2,09:43
8479372,SEA,21.3902,34.4241,0.3951,2025-12-22,SEA,ANA,3,1,3,02:12
8480009,SEA,21.898,35.2413,0.3339,2025-10-14,SEA,MTL,4,5,2,07:25
8480068,ANA,23.1278,37.2206,0.8827,2025-11-02,NJD,ANA,1,4,3,02:00
8481563,ANA,21.2134,34.1396,0.3179,2026-04-07,NSH,ANA,5,0,1,09:27
8481605,ANA,22.6258,36.4126,0.8488,2026-01-10,ANA,BUF,3,5,2,09:05
8481789,NYR,21.9504,35.3257,0.3616,2026-03-27,CHI,NYR,1,6,2,16:31
8482118,ANA,20.7635,33.4155,0.0603,2025-10-19,ANA,CHI,1,2,2,03:02
8482665,SEA,22.0686,35.5158,0.4121,2026-03-26,SEA,TBL,4,3,2,05:12
8482745,ANA,21.846,35.1577,0.3176,2025-10-16,CAR,ANA,4,1,3,09:33
8482751,SEA,22.5898,36.3547,0.6857,2026-04-15,SEA,VGK,1,4,3,18:46
8482803,ANA,22.4921,36.1974,0.821,2025-10-31,DET,ANA,2,5,2,14:51
8483445,ANA,23.0563,37.1054,0.8632,2026-02-27,WPG,ANA,4,5,4,01:45
8483490,ANA,22.0034,35.411,0.6204,2025-10-14,PIT,ANA,3,4,2,14:17
8483497,SEA,21.9009,35.246,0.3371,2025-10-23,SEA,WPG,3,0,3,09:47
8483524,SEA,22.492,36.1973,0.6352,2026-01-21,NYI,SEA,1,4,2,07:50
8484153,ANA,22.4629,36.1504,0.6205,2026-03-08,STL,ANA,4,0,3,08:49
8484762,ANA,22.8538,36.7795,0.8046,2026-03-04,NYI,ANA,1,5,2,09:40
8480074,MTL,21.9222,35.2804,0.3453,2025-10-27,STL,PIT,3,6,2,17:28
8484180,CGY,21.8257,35.125,0.3046,2025-11-13,SJS,CGY,0,2,3,19:54
8484768,CGY,21.6548,34.8499,0.4815,2026-03-16,CGY,DET,2,5,2,03:35
8480887,BOS,20.9524,33.7196,0.2562,2025-10-19,BOS,UTA,2,3,3,13:01
8482671,BUF,22.3279,35.9331,0.7623,2025-12-29,BUF,STL,4,2,1,09:02
8482896,BUF,23.4077,37.671,0.9365,2025-11-13,BUF,COL,3,6,3,16:47
8480879,DET,20.7546,33.4011,0.2068,2025-12-27,DET,CAR,2,5,1,03:51
8481013,STL,22.6512,36.4534,0.7117,2026-03-24,WSH,STL,0,3,1,12:26
8479772,NJD,21.2204,34.1508,0.145,2025-11-10,NYI,NJD,3,2,1,05:50
8482090,STL,21.1978,34.1145,0.1401,2026-03-12,STL,CAR,3,1,2,09:07
8484304,FLA,23.1088,37.1898,0.9475,2025-12-02,TOR,FLA,4,1,2,04:12
8483553,NYI,22.8255,36.7341,0.7915,2026-01-03,TOR,NYI,3,4,3,15:44
8475810,PIT,22.7948,36.6846,0.7769,2026-03-26,PIT,OTT,4,3,2,00:25
8481704,NYR,21.0625,33.8967,0.0993,2025-10-11,NYR,PIT,6,1,3,13:47
8483733,PHI,22.0418,35.4728,0.3941,2026-01-06,ANA,PHI,2,5,3,15:32
8484779,PHI,21.9116,35.2632,0.3404,2025-10-20,SEA,PHI,2,5,1,02:40
8482117,BOS,23.0428,37.0838,0.8616,2025-10-25,MTL,VAN,4,3,2,08:09
8482146,NSH,22.4108,36.0666,0.5912,2025-10-11,UTA,NSH,3,2,1,00:24
8476463,MIN,21.3222,34.3147,0.3611,2026-04-07,SEA,MIN,2,5,1,12:16
8482470,PIT,20.473,32.948,0.1451,2026-03-14,PIT,UTA,4,3,2,02:00
8481754,ANA,22.4667,36.1565,0.6221,2025-10-16,CAR,ANA,4,1,1,09:47
8484806,SJS,22.2725,35.844,0.7407,2025-12-01,UTA,SJS,3,6,1,11:31
8477380,NYR,22.65,36.4516,0.7101,2026-01-10,NYR,BOS,2,10,1,05:08
8477947,WSH,22.8738,36.8117,0.8127,2025-11-20,WSH,MTL,8,4,2,16:10
8480990,WSH,21.4994,34.5999,0.4259,2026-01-19,WSH,COL,2,5,2,16:57
8481525,NYR,22.4685,36.1595,0.8086,2026-01-10,NYR,BOS,2,10,3,18:50
8482623,BUF,21.0634,33.8981,0.1026,2025-12-27,BOS,BUF,1,4,2,15:26
8482655,TBL,22.3262,35.9305,0.7562,2026-04-13,DET,TBL,3,4,4,00:17
8480245,OTT,21.562,34.7006,0.2231,2025-10-28,OTT,CHI,3,7,1,02:31
8481606,OTT,21.5164,34.6272,0.4321,2026-04-11,OTT,NYI,3,0,2,07:11
8482095,OTT,21.6678,34.8709,0.4907,2026-03-18,OTT,WSH,1,4,2,07:32
8476525,WPG,21.3908,34.4251,0.4012,2026-01-09,LAK,WPG,1,5,2,07:43
8474037,DET,21.8266,35.1264,0.3062,2026-03-24,OTT,DET,3,2,2,14:30
8484158,TOR,21.6685,34.872,0.2655,2026-03-14,TOR,BUF,2,3,4,01:08
8482126,PHI,21.3484,34.3568,0.3796,2025-12-30,PHI,VAN,6,3,1,03:15
8481161,CBJ,20.8615,33.5733,0.2407,2025-11-05,CBJ,CGY,1,5,2,08:02
8483531,NJD,22.4953,36.2026,0.6384,2026-04-07,PHI,NJD,5,1,2,08:37
8483768,VAN,21.2991,34.2775,0.3519,2026-03-19,TBL,VAN,6,2,3,08:48
8483525,MIN,23.1747,37.296,0.8974,2026-01-20,MIN,MTL,3,4,2,04:38
8479619,UTA,23.9461,38.5375,0.9837,2026-03-14,PIT,UTA,4,3,3,04:31
8480849,UTA,22.7585,36.6262,0.759,2026-03-14,PIT,UTA,4,3,2,09:02
8482103,NSH,21.5879,34.7422,0.2345,2025-11-06,PHI,NSH,3,1,2,03:42
8478458,EDM,22.7621,36.6319,0.7606,2026-01-15,NYI,EDM,1,0,1,02:34
8479442,TOR,22.1566,35.6575,0.7006,2025-11-20,CBJ,TOR,3,2,1,17:01
8481133,FLA,23.0069,37.0259,0.8436,2026-01-15,TOR,VGK,5,6,1,13:28
8482624,CGY,20.048,32.2641,0.0895,2025-10-14,VGK,CGY,4,2,1,11:04
8475755,DAL,21.3325,34.3313,0.3642,2025-11-08,DAL,NSH,5,4,2,16:44
8476422,CAR,21.0747,33.9164,0.2778,2025-11-04,CAR,NYR,3,0,1,12:22
8476873,CAR,22.1815,35.6976,0.4739,2026-03-20,CAR,TOR,4,3,2,06:17
8485402,SJS,22.7544,36.6195,0.7557,2026-01-31,SJS,CGY,2,3,2,09:58
8476856,PIT,22.8394,36.7564,0.9012,2025-10-14,PIT,ANA,3,4,1,05:33
8477365,PIT,22.6747,36.4914,0.8673,2026-03-24,COL,PIT,6,2,3,08:46
8480208,OTT,22.103,35.5712,0.4316,2026-04-07,TBL,OTT,2,6,1,18:26
8484145,BUF,22.0581,35.499,0.4039,2026-03-10,SJS,BUF,3,6,3,12:59
8481593,MTL,21.7925,35.0715,0.5401,2025-11-26,MTL,UTA,4,3,2,02:12
8481560,OTT,21.5596,34.6967,0.2215,2025-10-16,SEA,OTT,3,4,1,16:33
8481237,NYI,22.5734,36.3283,0.6743,2026-04-11,OTT,NYI,3,0,1,07:43
8481546,PHI,22.1261,35.6085,0.6759,2026-03-09,NYR,PHI,6,2,2,05:51
8484135,WPG,22.317,35.9156,0.5391,2025-11-04,WPG,LAK,0,3,2,02:44
8482475,PIT,23.6309,38.0301,0.9658,2026-03-18,PIT,CAR,5,6,3,07:29
8477454,DAL,21.7665,35.0298,0.2899,2026-02-04,STL,DAL,4,5,1,02:43
8481024,VAN,22.4963,36.2043,0.6401,2026-02-04,VAN,VGK,2,5,1,01:30
8484136,VAN,23.6938,38.1313,0.9691,2026-04-01,VAN,COL,8,6,2,08:16
8479705,ANA,22.7869,36.6719,0.772,2026-03-01,CGY,ANA,2,3,2,00:35
8482726,LAK,21.2794,34.2458,0.1515,2026-03-24,LAK,CGY,2,3,1,08:28
8476927,VAN,22.2273,35.7712,0.4984,2026-02-04,VAN,VGK,2,5,2,08:56
8477070,UTA,22.0142,35.4284,0.386,2026-04-11,CAR,UTA,4,1,1,07:49
8479576,SJS,22.1563,35.657,0.6975,2025-11-01,COL,SJS,2,3,1,12:06
8482861,NYR,20.1952,32.501,0.1019,2026-02-05,CAR,NYR,2,0,3,12:41
8480871,NYI,21.8543,35.1709,0.571,2026-01-15,NYI,EDM,1,0,1,10:45
8477508,EDM,22.2288,35.7737,0.5,2026-01-10,LAK,EDM,4,3,3,17:17
8477401,SEA,21.2072,34.1296,0.1417,2025-10-18,SEA,TOR,4,3,3,06:09
8479985,SEA,21.1493,34.0364,0.2994,2026-04-06,SEA,WPG,2,6,3,12:11
8480813,MTL,23.1829,37.3091,0.9007,2026-01-10,DET,MTL,4,0,1,06:13
8483424,MTL,22.5808,36.3402,0.6775,2025-12-16,PHI,MTL,4,1,1,05:51
8475752,MIN,22.2752,35.8483,0.5228,2025-12-04,MIN,CGY,1,4,3,10:42
8482516,STL,21.5188,34.631,0.4352,2025-10-18,DAL,STL,1,3,3,03:29
8483565,COL,21.4004,34.4405,0.4074,2025-12-06,NSH,CAR,3,6,3,00:36
8481556,CGY,22.8171,36.7205,0.7866,2026-01-03,NSH,CGY,4,3,1,02:23
8482947,COL,22.1924,35.7151,0.4788,2026-01-21,ANA,COL,2,1,1,10:40
8476456,CGY,21.1198,33.9889,0.1205,2025-10-20,WPG,CGY,2,1,1,02:18
8482125,VGK,21.5996,34.7611,0.2378,2026-01-29,DAL,VGK,5,4,3,06:57
8482172,CHI,22.6566,36.4621,0.7166,2025-11-01,CHI,EDM,2,3,2,03:49
8482178,ANA,23.1981,37.3336,0.9568,2026-03-30,TOR,ANA,5,4,2,19:04
8480259,MIN,21.8455,35.1568,0.316,2025-11-26,MIN,CHI,4,3,1,12:13
8484800,SEA,22.8912,36.8398,0.8176,2026-01-17,SEA,UTA,3,6,3,01:53
8484305,BUF,21.0849,33.9327,0.284,2026-01-24,BUF,NYI,5,0,2,07:08
8483471,WPG,22.6012,36.3731,0.6889,2026-03-17,NSH,WPG,4,3,2,05:52
8484428,CAR,21.2195,34.1494,0.3241,2026-04-11,CAR,UTA,4,1,1,07:49
8478013,EDM,23.5201,37.8518,0.9846,2026-04-02,CHI,EDM,1,3,3,13:40
8476425,VAN,19.2986,31.058,0.0016,2025-10-21,VAN,PIT,1,5,1,15:33
8480058,VAN,22.9985,37.0124,0.9228,2026-01-31,TOR,VAN,3,2,2,12:18
8482496,VAN,20.881,33.6047,0.07,2025-10-23,VAN,NSH,1,2,2,14:57
8483570,SEA,22.8377,36.7536,0.7964,2026-01-08,MIN,SEA,3,2,1,02:21
8483573,WSH,23.5171,37.8471,0.9511,2026-01-31,CAR,WSH,3,4,3,08:49
8470621,TBL,20.8069,33.4854,0.0651,2025-11-28,LAK,ANA,4,5,1,04:54
8476474,NJD,21.5381,34.6621,0.2117,2025-12-19,NJD,UTA,2,1,3,12:31
8483500,BUF,21.8555,35.173,0.3225,2026-02-02,BUF,FLA,5,3,1,05:21
8482749,MTL,22.4115,36.0677,0.5945,2025-10-22,MTL,CGY,2,1,2,09:25
8480828,BOS,20.1563,32.4384,0.0988,2025-11-29,DET,BOS,2,3,3,04:37
8483752,TBL,23.7137,38.1634,0.9723,2025-11-28,TBL,DET,6,3,1,00:15
8476897,STL,21.6349,34.8179,0.2492,2025-12-31,STL,COL,1,6,2,01:03
8484241,NSH,21.9548,35.3327,0.3664,2026-02-02,STL,NSH,5,6,1,02:38
8482911,CAR,21.333,34.332,0.3673,2025-12-29,NYR,CAR,2,3,3,06:28
8477541,TOR,20.4741,32.9498,0.1481,2025-11-28,TOR,WSH,2,4,2,15:29
8479026,TOR,22.2227,35.7639,0.7253,2025-12-23,PIT,TOR,3,6,2,15:41
8481569,NYI,22.7508,36.6137,0.8858,2025-12-27,NYR,NYI,0,2,1,14:10
8476878,TBL,22.4837,36.184,0.6287,2025-12-27,TBL,FLA,4,2,3,05:21
8480426,TBL,22.1138,35.5886,0.6698,2025-11-18,NJD,TBL,1,5,1,16:23
8481655,FLA,21.3285,34.3247,0.1645,2025-11-10,FLA,VGK,3,2,3,10:00
8475795,WSH,21.2706,34.2317,0.3426,2026-03-03,UTA,WSH,3,2,1,01:52
8479980,NSH,22.3545,35.976,0.7685,2025-11-26,NSH,DET,6,3,3,09:27
8484203,CAR,21.787,35.0626,0.2964,2026-04-13,CAR,PHI,2,3,1,16:22
8482072,COL,21.5249,34.6409,0.4383,2025-11-04,TBL,COL,2,3,3,06:35
8480840,DAL,21.912,35.2638,0.342,2026-01-31,DAL,UTA,3,2,1,14:57
8482747,CGY,22.229,35.7741,0.5016,2026-03-28,VAN,CGY,3,7,3,05:03
8483503,PIT,20.2284,32.5543,0.1049,2025-10-30,PIT,MIN,4,1,2,17:55
8480891,BUF,21.6688,34.8725,0.4938,2026-03-05,BUF,PIT,5,1,2,07:40
8478424,ANA,23.951,38.5453,0.9853,2025-11-06,ANA,DAL,7,5,2,02:02
8479393,FLA,22.6712,36.4857,0.7248,2025-12-19,CAR,FLA,3,4,1,02:44
8481219,BOS,22.2445,35.799,0.7315,2025-12-31,BOS,EDM,6,2,3,00:48
8481562,CAR,19.6566,31.6341,0.0401,2025-10-28,VGK,CAR,6,3,1,01:39
8478476,DAL,20.9432,33.7047,0.25,2025-11-22,DAL,CGY,2,3,1,04:05
8477996,NJD,22.5343,36.2654,0.6564,2025-12-13,ANA,NJD,1,4,1,16:07
8483429,NJD,20.3194,32.7009,0.1173,2025-10-28,NJD,COL,4,8,3,11:51
8484240,VAN,22.5221,36.2457,0.8426,2026-04-09,VAN,LAK,1,4,2,00:35
8478104,MTL,20.3532,32.7553,0.0342,2026-01-08,FLA,MTL,2,6,2,06:51
8478413,BUF,21.8269,35.1269,0.3078,2026-04-02,BUF,OTT,1,4,1,02:55
8476907,VAN,21.3035,34.2845,0.1564,2025-11-20,DAL,VAN,4,2,1,16:43
8484164,STL,21.575,34.7214,0.2296,2026-02-02,STL,NSH,5,6,1,12:53
8480825,SJS,20.9286,33.6812,0.0749,2025-11-01,COL,SJS,2,3,3,14:23
8479421,LAK,19.9974,32.1826,0.0741,2025-12-02,WSH,LAK,3,1,1,09:05
8484221,NYI,23.1657,37.2814,0.8958,2026-02-26,NYI,MTL,4,3,1,01:42
8482953,COL,22.6399,36.4353,0.702,2025-11-01,COL,SJS,2,3,1,12:06
8482765,WPG,22.7274,36.5761,0.7427,2026-03-28,WPG,COL,4,2,2,13:36
8481848,PHI,20.6288,33.1988,0.0472,2025-11-02,CGY,PHI,2,1,1,08:22
8479395,NJD,19.9585,32.12,0.0679,2025-12-03,DAL,NJD,3,0,1,16:52
8481554,SEA,21.5816,34.7321,0.2313,2026-04-15,SEA,VGK,1,4,2,10:15
8482206,SJS,21.7792,35.0501,0.2948,2025-12-23,SJS,VGK,2,7,1,04:07
8484197,CHI,23.0026,37.019,0.842,2025-12-04,CHI,LAK,2,1,3,11:47
8483039,COL,21.099,33.9555,0.1124,2025-11-22,COL,NSH,3,0,3,02:39
8476392,WPG,22.0047,35.4131,0.3827,2025-12-13,WSH,WPG,1,5,2,09:05
8476872,LAK,22.3239,35.9267,0.5472,2025-12-27,OTT,TOR,5,7,3,06:10
8478062,CBJ,21.1655,34.0624,0.3086,2025-11-05,CBJ,CGY,1,5,2,08:23
8482165,CGY,22.0431,35.4748,0.6389,2026-01-03,NSH,CGY,4,3,2,18:58
8477435,PIT,21.338,34.3402,0.3765,2025-12-01,PIT,PHI,5,1,3,19:15
8478046,CBJ,21.3867,34.4184,0.1743,2025-11-06,WSH,PIT,3,5,1,03:23
8479533,PIT,21.6501,34.8424,0.259,2025-11-08,PIT,NJD,1,2,2,05:54
8482094,MIN,21.4039,34.4462,0.4105,2025-11-07,MIN,NYI,5,2,1,18:31
8482877,NYR,23.2485,37.4148,0.9088,2026-03-31,NJD,NYR,1,4,2,14:37
8475692,MIN,21.1066,33.9677,0.1156,2026-03-06,MIN,VGK,4,2,2,05:17
8475763,PIT,20.6138,33.1746,0.0456,2025-11-29,TOR,PIT,7,2,3,07:02
8478841,NJD,20.8213,33.5086,0.2284,2025-11-08,PIT,NJD,1,2,2,07:34
8479336,PHI,22.6584,36.4651,0.7182,2025-12-22,VAN,PHI,2,5,3,05:49
8482634,BOS,21.9014,35.2468,0.3388,2025-12-23,MTL,BOS,6,2,2,07:53
8482858,SEA,22.9884,36.9962,0.9198,2026-01-17,SEA,UTA,3,6,3,16:06
8483432,CBJ,20.8975,33.6312,0.0733,2025-12-07,CBJ,WSH,0,2,1,06:13
8484160,DET,22.1985,35.7249,0.4853,2025-12-20,DET,WSH,5,2,3,02:04
8478173,OTT,22.2931,35.8771,0.5293,2025-11-22,OTT,SJS,3,2,1,10:47
8480084,UTA,21.5975,34.7578,0.4691,2026-02-25,COL,UTA,4,2,2,01:49
8482149,WPG,21.537,34.6603,0.2101,2026-01-19,WPG,CHI,0,2,2,00:27
8484210,NYR,21.8372,35.1435,0.3127,2026-01-17,NYR,PHI,6,3,2,16:47
8477406,EDM,22.7714,36.647,0.7655,2026-01-29,SJS,EDM,3,4,2,10:22
8477149,TBL,21.9346,35.3003,0.3518,2026-02-05,FLA,TBL,1,6,1,03:55
8479383,TBL,21.0925,33.945,0.1091,2025-11-15,TBL,FLA,3,1,2,07:41
8476458,CGY,21.3233,34.3165,0.1596,2025-11-30,ANA,CHI,3,5,1,02:13
8482209,CGY,21.1233,33.9946,0.1221,2025-11-13,SJS,CGY,0,2,1,16:24
8483890,VGK,21.4307,34.4892,0.1824,2026-01-27,VGK,MTL,2,3,3,18:34
8480049,WPG,21.7013,34.9248,0.5123,2026-03-17,NSH,WPG,4,3,4,04:42
8481715,STL,19.2182,30.9286,0.0154,2025-11-14,PHI,STL,6,5,3,02:09
8481592,TBL,21.3834,34.4131,0.1726,2026-04-07,TBL,OTT,2,6,2,03:54
8483728,MTL,21.814,35.1062,0.3029,2025-12-06,MTL,TOR,2,1,1,02:09
8481594,NJD,21.1536,34.0434,0.1287,2025-11-15,NJD,WSH,3,2,1,18:24
8482941,NJD,20.5254,33.0324,0.0423,2025-11-15,NJD,WSH,3,2,1,10:27
8475786,EDM,23.062,37.1145,0.8681,2026-01-29,SJS,EDM,3,4,1,14:33
8482859,SJS,23.2739,37.4557,0.9137,2026-01-10,DAL,SJS,4,5,2,07:24
8482666,NYR,20.6144,33.1756,0.1728,2026-01-26,BOS,NYR,3,4,1,15:00
8479362,BOS,20.4971,32.9867,0.0391,2025-11-21,BOS,LAK,2,1,1,05:47
8481712,BOS,20.891,33.6207,0.0717,2025-11-19,BOS,ANA,3,4,1,01:53
8480144,WSH,22.4477,36.126,0.614,2026-04-02,WSH,NJD,3,7,1,03:12
8484901,TOR,22.5666,36.3173,0.6661,2026-03-20,CAR,TOR,4,3,3,02:45
8477463,TBL,20.3823,32.802,0.1327,2025-12-15,FLA,TBL,5,2,3,07:16
8483398,TBL,21.7409,34.9884,0.5278,2026-01-24,TBL,CBJ,5,8,1,18:21
8473994,DAL,21.1672,34.0653,0.1336,2026-01-20,BOS,DAL,2,6,2,13:06
8481609,BOS,22.3215,35.9229,0.7531,2025-12-05,SJS,DAL,1,4,2,11:31
8484821,CGY,20.7528,33.3983,0.0586,2025-11-18,CGY,CHI,2,5,3,14:37
8477426,TBL,22.4939,36.2003,0.6368,2026-03-31,MTL,TBL,4,1,3,05:38
8483433,FLA,21.7417,34.9898,0.2834,2025-11-28,CGY,FLA,5,3,1,14:00
8484168,SEA,21.1841,34.0924,0.1368,2026-03-31,SEA,EDM,0,3,1,13:08
8483676,OTT,22.3305,35.9374,0.5537,2025-12-15,OTT,WPG,3,2,1,17:02
8481591,PIT,19.8772,31.9892,0.0179,2025-11-21,MIN,PIT,5,0,3,10:45
8476867,CBJ,22.067,35.5134,0.4088,2025-12-04,DET,CBJ,5,6,3,19:19
8484403,MTL,21.2982,34.276,0.1531,2025-11-22,TOR,MTL,2,5,1,01:46
8484529,EDM,20.9937,33.786,0.0863,2025-12-04,SEA,EDM,4,9,1,02:56
8484255,COL,20.8218,33.5094,0.0668,2025-11-22,COL,NSH,3,0,1,05:51
8481477,MIN,22.3514,35.971,0.5619,2025-12-31,MIN,SJS,3,4,1,09:30
8482132,NYR,21.6665,34.8688,0.2622,2026-01-29,NYI,NYR,2,1,3,03:27
8476979,DET,20.4748,32.9509,0.1512,2026-01-31,COL,DET,5,0,1,10:42
8482698,PIT,19.743,31.7732,0.0098,2025-11-26,BUF,PIT,2,4,3,02:53
8483510,WPG,21.8447,35.1556,0.5617,2026-03-24,VGK,WPG,1,4,3,09:28
8482785,CAR,22.0956,35.5593,0.4267,2025-11-26,NYR,CAR,4,2,2,16:46
8474090,CBJ,20.6784,33.2786,0.1821,2025-11-26,TOR,CBJ,2,1,3,09:28
8484214,CBJ,21.1001,33.9573,0.114,2025-11-26,TOR,CBJ,2,1,1,00:43
8483930,COL,21.1611,34.0554,0.1303,2026-03-20,COL,CHI,4,1,2,11:15
8483686,MTL,21.3206,34.3121,0.358,2026-04-07,FLA,MTL,3,4,3,07:31
8483567,BOS,19.8265,31.9076,0.0147,2025-11-28,NYR,BOS,6,2,1,05:18
8484262,NYI,19.8984,32.0233,0.0586,2025-12-09,VGK,NYI,4,5,1,14:43
8483513,NSH,22.277,35.8513,0.5244,2025-12-13,NSH,COL,2,4,2,02:24
8479291,UTA,20.5352,33.0481,0.044,2025-11-28,UTA,DAL,3,4,2,17:06
8478211,CGY,20.1923,32.4963,0.0261,2025-12-02,CGY,NSH,1,5,2,09:44
8478147,PIT,21.4201,34.4723,0.1775,2025-12-01,PIT,PHI,5,1,3,01:18
8483487,PIT,22.6127,36.3915,0.6922,2025-12-04,PIT,TBL,4,3,3,09:28
8483630,SJS,22.0503,35.4864,0.3974,2026-04-09,SJS,ANA,1,6,3,06:35
8480021,FLA,22.0581,35.499,0.4039,2025-12-06,CBJ,FLA,6,7,3,05:49
8483472,UTA,21.2416,34.1849,0.3272,2025-12-05,UTA,VAN,4,1,2,16:17
8484388,UTA,21.8739,35.2025,0.329,2025-12-06,UTA,CGY,0,2,1,18:40
8481599,BOS,20.7576,33.406,0.2099,2025-12-18,EDM,BOS,3,1,2,12:02
8483463,STL,22.3845,36.0243,0.5765,2025-12-09,BOS,STL,5,2,2,11:31
8478502,OTT,20.0225,32.223,0.0864,2025-12-04,NYR,OTT,4,2,1,01:41
8481065,NJD,21.1721,34.0731,0.1352,2025-12-11,TBL,NJD,8,4,2,18:15
8479644,STL,21.5077,34.6132,0.1971,2025-12-09,BOS,STL,5,2,2,06:44
8481535,VAN,21.4282,34.4853,0.1792,2025-12-16,VAN,NYR,3,0,2,06:39
8482804,PHI,21.2551,34.2067,0.3302,2025-12-13,CAR,PHI,4,3,2,16:23
8484150,CGY,20.7063,33.3236,0.1883,2026-03-26,ANA,CGY,3,2,2,08:29
8481567,TOR,19.9093,32.0409,0.0617,2025-12-13,EDM,TOR,6,3,3,07:22
8483841,NJD,21.6677,34.8707,0.2638,2025-12-17,NJD,VGK,2,1,3,02:12
8477952,MIN,21.5476,34.6774,0.215,2025-12-20,STL,FLA,6,2,2,18:51
8481070,STL,22.1588,35.6611,0.456,2025-12-12,CHI,STL,2,3,2,05:33
8482479,BUF,19.7626,31.8048,0.0114,2025-12-11,BUF,VAN,3,2,2,06:14
8477979,MIN,22.5883,36.3522,0.684,2025-12-16,WSH,MIN,0,5,1,00:33
8482641,MIN,21.1849,34.0937,0.3148,2026-04-14,ANA,MIN,2,3,2,17:46
8482167,WSH,20.7287,33.3595,0.057,2025-12-13,WSH,WPG,1,5,1,02:16
8476952,CHI,22.1996,35.7267,0.487,2025-12-18,CHI,MTL,1,4,1,06:15
8484185,CHI,23.0008,37.0161,0.8404,2026-04-15,SJS,CHI,2,5,1,09:02
8479368,EDM,22.3575,35.9809,0.5651,2025-12-21,VGK,EDM,3,4,2,14:09
8482874,SEA,22.1928,35.7158,0.4805,2025-12-29,VAN,SEA,3,2,3,08:01
8477499,PHI,21.4156,34.4649,0.4136,2025-12-31,PHI,CGY,1,5,3,13:50
8481077,DET,22.3171,35.9158,0.5407,2026-01-05,DET,OTT,5,3,1,00:24
8481030,PIT,20.6802,33.2814,0.1852,2025-12-18,PIT,OTT,0,4,3,14:33
8485511,EDM,20.644,33.2232,0.0505,2025-12-18,EDM,BOS,3,1,1,02:55
8484994,SJS,22.1661,35.6729,0.4642,2026-04-06,CHI,SJS,2,3,3,11:00
8484230,STL,20.7784,33.4396,0.0619,2026-01-10,STL,VGK,2,4,1,19:09
8479388,EDM,21.2795,34.2459,0.3457,2025-12-18,EDM,BOS,3,1,1,07:21
8482781,MIN,19.4527,31.306,0.0216,2025-12-18,MIN,CBJ,5,2,3,13:53
8477021,UTA,22.3676,35.9971,0.57,2026-04-02,UTA,SEA,6,2,3,02:16
8484142,PHI,22.4974,36.2059,0.6417,2026-03-28,PHI,DET,5,3,2,01:12
8483491,WSH,22.5288,36.2566,0.6531,2026-01-17,FLA,WSH,5,2,2,03:25
8482673,OTT,21.2387,34.1803,0.1482,2026-01-28,COL,OTT,2,5,1,06:53
8482168,TBL,19.5135,31.4039,0.0247,2025-12-28,MTL,TBL,4,5,2,10:30
8477034,VGK,19.5795,31.5101,0.0309,2026-01-04,VGK,CHI,2,3,1,15:57
8475413,NYR,20.337,32.7292,0.0309,2026-01-05,UTA,NYR,3,2,1,03:55
8476988,TOR,21.1263,33.9993,0.2932,2026-01-03,TOR,NYI,3,4,3,04:37
8484287,NYI,19.6596,31.6389,0.0432,2026-01-06,NJD,NYI,0,9,2,13:37
8477320,NYR,21.4334,34.4936,0.184,2026-02-05,CAR,NYR,2,0,1,15:06
8481517,WSH,22.3675,35.9968,0.5684,2026-01-11,WSH,NSH,2,3,3,07:16
8482766,CGY,19.6521,31.6269,0.0081,2026-01-07,CGY,MTL,1,4,3,17:28
8481732,LAK,22.1618,35.6659,0.4609,2026-01-17,LAK,ANA,1,2,1,02:33
8483406,LAK,22.0786,35.532,0.4169,2026-01-14,VGK,LAK,3,2,1,02:31
8485512,ANA,22.4102,36.0656,0.5896,2026-03-14,ANA,OTT,0,2,1,13:15
8483526,WPG,22.4445,36.1208,0.6107,2026-01-08,EDM,WPG,4,3,3,02:54
8479639,VGK,19.7763,31.8268,0.0556,2026-02-25,VGK,LAK,6,4,2,06:40
8482451,CBJ,21.526,34.6426,0.2068,2026-01-08,CBJ,VGK,3,5,2,17:37
8483466,CHI,20.7366,33.3723,0.2006,2026-04-02,CHI,EDM,1,3,3,04:07
8476391,COL,20.941,33.7011,0.0782,2026-01-10,CBJ,COL,0,4,1,02:17
8483771,FLA,21.9473,35.3206,0.3583,2026-03-03,FLA,NJD,1,5,2,02:03
8480192,NJD,20.6225,33.1885,0.1759,2026-04-07,PHI,NJD,5,1,2,04:25
8483766,MIN,19.1567,30.8297,0.0123,2026-01-15,WPG,MIN,6,2,2,06:55
8479550,VGK,21.43,34.4881,0.1808,2026-01-27,VGK,MTL,2,3,2,10:13
8481600,FLA,21.9136,35.2665,0.5957,2026-04-13,NYR,FLA,2,3,1,00:55
8484797,BUF,21.3505,34.3602,0.1694,2026-01-20,BUF,NSH,5,3,1,19:55
8479718,COL,19.2635,31.0015,0.0,2026-04-16,SEA,COL,0,2,1,16:47
8479314,FLA,20.3364,32.7281,0.0293,2026-03-20,FLA,CGY,1,4,3,14:17
8478967,PHI,21.5251,34.6412,0.2052,2026-01-19,PHI,VGK,2,1,2,06:43
8482192,WPG,20.1448,32.4198,0.0957,2026-01-20,STL,WPG,1,3,1,16:01
8484177,NJD,21.0287,33.8423,0.0928,2026-03-26,NJD,NSH,4,2,1,15:50
8481028,CGY,21.6238,34.8,0.2476,2026-01-25,ANA,CGY,4,3,2,13:52
8480007,VGK,20.829,33.521,0.0684,2026-01-25,VGK,OTT,1,7,1,05:17
8483448,NYI,21.4937,34.5907,0.4228,2026-04-14,CAR,NYI,2,1,2,05:24
8481547,TBL,19.6646,31.6471,0.0463,2026-01-24,TBL,CBJ,5,8,3,10:15
8483756,LAK,23.1201,37.2082,0.8795,2026-04-16,LAK,CGY,1,3,3,04:33
8484509,EDM,21.7462,34.997,0.285,2026-03-13,EDM,STL,2,3,2,02:29
8477971,NSH,20.8316,33.5251,0.2315,2026-01-27,NSH,BOS,2,3,2,16:54
8479387,COL,18.8428,30.3245,0.0062,2026-01-28,COL,OTT,2,5,2,17:25
8483505,BOS,21.0736,33.9146,0.1042,2026-01-29,PHI,BOS,3,6,1,00:14
8483546,TOR,20.7128,33.334,0.1944,2026-01-31,TOR,VAN,3,2,1,13:55
8485251,VGK,20.7244,33.3526,0.0554,2026-02-05,LAK,VGK,1,4,3,01:22
8482993,PIT,21.9309,35.2943,0.3485,2026-02-28,PIT,NYR,2,3,3,16:18
8484933,FLA,20.9925,33.784,0.2623,2026-04-04,FLA,PIT,4,9,1,03:05
8484938,DAL,21.8929,35.2331,0.3322,2026-02-28,NSH,DAL,2,3,1,03:34
8481572,WPG,20.3003,32.6701,0.1111,2026-04-16,SJS,WPG,6,1,1,01:47
8482153,NYR,21.1241,33.9958,0.1238,2026-02-26,PHI,NYR,3,2,1,07:39
8482742,NSH,21.591,34.7473,0.2362,2026-04-07,NSH,ANA,5,0,2,17:52
8479942,DET,22.0952,35.5587,0.4251,2026-04-04,DET,NYR,1,4,1,11:35
8482652,WPG,21.9403,35.3095,0.355,2026-03-03,CHI,WPG,2,3,2,08:21
8483675,LAK,22.2088,35.7414,0.4919,2026-03-02,COL,LAK,4,2,2,02:31
8483699,LAK,19.9797,32.1541,0.071,2026-03-02,COL,LAK,4,2,1,07:16
8481534,VGK,21.0074,33.8081,0.0879,2026-03-03,VGK,BUF,2,3,3,05:32
8477931,FLA,20.9452,33.708,0.0798,2026-03-20,FLA,CGY,1,4,2,00:18
8482715,NSH,20.7102,33.3297,0.1914,2026-03-15,NSH,EDM,1,3,3,06:12
8483731,PHI,22.1755,35.6879,0.4691,2026-03-11,WSH,PHI,1,4,1,10:59
8475718,STL,20.7215,33.348,0.1975,2026-03-21,STL,VAN,3,1,1,13:17
8480870,TOR,22.0914,35.5526,0.4218,2026-03-20,CAR,TOR,4,3,3,10:56
8484188,STL,21.6597,34.8579,0.4846,2026-04-05,STL,COL,3,2,2,07:56
8479543,TOR,21.8319,35.135,0.3094,2026-03-28,TOR,STL,1,5,2,12:47
8480326,DET,21.2478,34.1949,0.1498,2026-03-12,DET,TBL,1,4,1,12:08
8482107,FLA,21.5784,34.7269,0.4568,2026-04-07,FLA,MTL,3,4,4,02:11
8481518,FLA,21.7271,34.9663,0.2785,2026-03-20,FLA,CGY,1,4,2,10:39
8484873,WSH,22.9369,36.9132,0.9136,2026-03-24,WSH,STL,0,3,1,19:43
8482067,NYR,19.5992,31.5418,0.034,2026-03-19,NYR,CBJ,3,6,2,15:38
8475253,PHI,19.4771,31.3453,0.0049,2026-03-21,PHI,SJS,4,1,3,02:24
8482162,EDM,20.929,33.6819,0.0765,2026-03-21,TBL,EDM,5,2,2,02:39
8486056,CGY,21.3552,34.3678,0.171,2026-04-09,CGY,COL,1,3,1,06:26
8481575,OTT,21.3557,34.3686,0.3827,2026-04-07,TBL,OTT,2,6,2,03:59
8483435,OTT,19.4471,31.297,0.0185,2026-03-26,PIT,OTT,4,3,1,09:58
8484759,OTT,20.5495,33.0712,0.1636,2026-03-31,OTT,FLA,3,6,2,05:59
8485391,CHI,21.136,34.0151,0.1254,2026-03-26,CHI,PHI,1,5,3,06:44
8481186,COL,22.6495,36.4508,0.7085,2026-04-01,VAN,COL,8,6,1,17:31
8483669,NYR,22.1114,35.5847,0.4349,2026-04-05,WSH,NYR,1,8,3,18:13
8484793,CHI,20.6395,33.216,0.0489,2026-03-26,CHI,PHI,1,5,1,17:06
8484169,NYR,20.8121,33.4938,0.2222,2026-03-31,NJD,NYR,1,4,1,09:19
8482802,DET,22.3261,35.9303,0.5489,2026-03-31,DET,PIT,1,5,1,05:16
8478888,DAL,20.6889,33.2955,0.0537,2026-04-11,NYR,DAL,0,2,3,05:38
8485406,PHI,21.4812,34.5705,0.1922,2026-04-07,PHI,NJD,5,1,1,03:36
8483444,ANA,21.1612,34.0555,0.1319,2026-04-01,ANA,SJS,3,4,3,02:13
8480075,OTT,19.9388,32.0883,0.0648,2026-04-05,CAR,OTT,3,6,1,18:28
8484406,VAN,21.8589,35.1784,0.3241,2026-04-11,VAN,SJS,4,3,3,02:22
8483397,NJD,21.8121,35.103,0.2997,2026-04-09,PIT,NJD,5,2,1,12:00
8482731,ANA,21.016,33.8219,0.2716,2026-04-09,SJS,ANA,1,6,2,08:10
8482663,TBL,19.6069,31.5542,0.0065,2026-04-07,TBL,OTT,2,6,1,10:57
8484234,CGY,22.1959,35.7208,0.4837,2026-04-14,COL,CGY,3,1,3,19:42
8484999,WSH,20.5098,33.0073,0.0407,2026-04-11,WSH,PIT,6,3,3,11:15
8483687,FLA,20.5254,33.0324,0.1605,2026-04-11,FLA,TOR,6,2,2,13:34
8483712,FLA,21.8829,35.217,0.5864,2026-04-11,FLA,TOR,6,2,1,04:33
8485467,TOR,20.3509,32.7516,0.0326,2026-04-11,FLA,TOR,6,2,2,09:04
8480291,CAR,21.5875,34.7416,0.2329,2026-04-13,CAR,PHI,2,3,1,06:30
8481004,CAR,20.2782,32.6346,0.0277,2026-04-11,CAR,UTA,4,1,1,08:30
8477851,NSH,20.7532,33.399,0.2037,2026-04-09,NSH,UTA,1,4,3,05:46
8482174,TOR,20.3027,32.674,0.1142,2026-04-13,DAL,TOR,6,5,2,13:09
8484380,FLA,20.6869,33.2923,0.0521,2026-04-13,NYR,FLA,2,3,1,05:16
8483709,CGY,19.0849,30.7141,0.0093,2026-04-14,COL,CGY,3,1,2,04:27
8484220,MTL,20.2577,32.6015,0.108,2026-04-14,MTL,PHI,2,4,2,12:20
8485395,BOS,19.9376,32.0864,0.0195,2026-04-12,BOS,CBJ,3,2,2,01:14
8482873,NJD,19.5619,31.4818,0.0278,2026-04-12,OTT,NJD,3,4,2,02:54
8483467,VAN,20.0128,32.2073,0.0833,2026-04-12,VAN,ANA,4,3,1,13:15
8482525,TOR,20.9545,33.7229,0.0814,2026-04-13,DAL,TOR,6,5,1,03:23
8486166,MIN,20.32,32.7018,0.1204,2026-04-13,MIN,STL,3,6,1,03:34
8484152,SJS,20.0976,32.3438,0.0926,2026-04-15,SJS,CHI,2,5,1,07:07
8484242,WPG,20.4197,32.8623,0.0358,2026-04-13,WPG,VGK,2,6,1,02:25
8480853,NYI,21.097,33.9523,0.1107,2026-04-14,CAR,NYI,2,1,1,02:15
8482187,CAR,19.6811,31.6736,0.0494,2026-04-14,CAR,NYI,2,1,3,10:06
8484392,CAR,19.4051,31.2294,0.0033,2026-04-14,CAR,NYI,2,1,1,03:04
8485388,NYI,19.8173,31.8928,0.013,2026-04-14,CAR,NYI,2,1,2,12:19
8478409,PHI,20.4769,32.9544,0.0375,2026-04-14,MTL,PHI,2,4,1,13:08
8483760,PHI,20.3236,32.7076,0.1235,2026-04-14,MTL,PHI,2,4,1,08:26
8484148,PHI,17.787,28.6254,0.0,2026-04-14,MTL,PHI,2,4,1,13:03
8481093,PIT,19.8604,31.9622,0.0163,2026-04-14,PIT,STL,5,7,1,10:01
8486169,PIT,19.6973,31.6997,0.0525,2026-04-14,PIT,STL,5,7,1,19:26
8475857,NSH,18.2395,29.3535,0.0031,2026-04-16,ANA,NSH,5,4,3,14:55
8483482,ANA,19.6546,31.631,0.037,2026-04-16,ANA,NSH,5,4,1,01:58
8483696,NSH,19.9806,32.1556,0.0212,2026-04-16,ANA,NSH,5,4,2,09:52
