skater_id,shooter_team,max_speed_imp,max_speed_met,ax_speed_percentile,game_date,away_team,home_team,way_team_score,home_team_score,period,time_in_period
8473419,FLA,83.89,135.0079,0.4344,2025-12-07,NYI,FLA,1,4,3,18:38
8473422,MIN,83.11,133.7526,0.3787,2026-03-15,TOR,MIN,4,2,1,16:53
8473507,MIN,96.15,154.7384,0.8359,2025-11-28,CGY,FLA,5,3,1,07:33
8475179,FLA,86.85,139.7715,0.3127,2026-03-24,SEA,FLA,4,5,3,01:16
8476473,EDM,93.19,149.9748,0.6687,2025-10-07,CHI,FLA,2,3,2,08:04
8476882,CHI,91.69,147.5608,0.8902,2026-04-02,CHI,EDM,1,3,3,15:36
8476891,CHI,96.7,155.6236,0.8638,2026-01-17,BOS,CHI,5,2,3,01:56
8477409,FLA,86.02,138.4358,0.559,2025-12-30,MTL,FLA,3,2,2,17:19
8477444,CHI,86.35,138.9669,0.5902,2025-10-30,CHI,WPG,3,6,2,14:04
8477450,EDM,88.29,142.089,0.7197,2026-01-12,EDM,CHI,4,1,3,12:43
8477479,CHI,83.82,134.8952,0.4262,2025-12-10,NYR,CHI,0,3,1,19:45
8477495,FLA,92.94,149.5724,0.6563,2025-10-07,CHI,FLA,2,3,2,11:29
8477932,FLA,86.46,139.1439,0.2941,2026-03-12,CBJ,FLA,1,2,4,00:53
8477933,FLA,84.77,136.4241,0.4934,2025-11-13,WSH,FLA,3,6,3,09:10
8477935,FLA,92.87,149.4598,0.9197,2026-04-07,FLA,MTL,3,4,3,08:36
8477987,CHI,91.26,146.8687,0.882,2025-11-23,COL,CHI,1,0,3,03:37
8478043,CHI,71.64,115.2934,0.0623,2026-04-11,STL,CHI,5,3,1,08:49
8478055,FLA,100.41,161.5942,0.9721,2025-11-08,FLA,SJS,1,3,1,13:59
8478421,FLA,88.66,142.6844,0.7459,2025-12-15,FLA,TBL,5,2,2,11:03
8478542,FLA,89.96,144.7766,0.8311,2026-03-24,SEA,FLA,4,5,3,05:12
8478859,FLA,85.76,138.0173,0.2663,2025-12-23,FLA,CAR,5,2,3,03:53
8479316,FLA,83.3,134.0584,0.4016,2026-01-06,FLA,TOR,1,4,2,13:53
8479981,FLA,78.2,125.8507,0.1508,2025-10-16,FLA,NJD,1,3,3,07:30
8480003,FLA,83.71,134.7182,0.4164,2025-12-29,WSH,FLA,3,5,1,05:18
8480185,FLA,83.19,133.8813,0.3885,2025-12-27,TBL,FLA,4,2,1,09:45
8481624,CHI,87.8,141.3004,0.6803,2025-12-06,CHI,LAK,0,6,2,03:55
8482113,FLA,82.56,132.8674,0.3344,2025-11-22,EDM,FLA,6,3,3,11:44
8482176,CHI,89.14,143.4569,0.4241,2026-01-29,CHI,PIT,2,6,3,15:17
8482703,EDM,83.14,133.8009,0.382,2026-03-06,CAR,EDM,6,3,2,10:54
8482807,CHI,93.46,150.4093,0.7028,2026-03-27,CHI,NYR,1,6,3,04:26
8483450,CHI,83.27,134.0101,0.3984,2026-03-22,NSH,CHI,3,2,1,11:54
8483493,CHI,94.0,151.2783,0.9492,2025-11-28,NSH,CHI,4,3,3,00:12
8483506,CHI,85.72,137.953,0.2632,2026-02-02,SJS,CHI,3,6,1,17:32
8484144,CHI,90.74,146.0319,0.8656,2026-02-28,CHI,COL,1,3,3,07:56
8484783,CHI,93.21,150.007,0.6718,2026-01-01,DAL,CHI,3,4,1,08:53
8471215,PIT,93.07,149.7816,0.9279,2025-11-21,MIN,PIT,5,0,1,04:10
8471675,PIT,89.62,144.2294,0.8164,2026-03-24,COL,PIT,6,2,3,03:39
8471724,PIT,92.58,148.9931,0.6223,2025-12-11,MTL,PIT,4,2,1,04:55
8474578,PIT,96.64,155.527,0.8607,2025-11-03,PIT,TOR,3,4,2,06:14
8475842,BUF,85.14,137.0195,0.523,2026-03-08,TBL,BUF,7,8,3,06:12
8476389,NYR,91.12,146.6434,0.8754,2025-11-28,NYR,BOS,6,2,2,04:46
8476459,NYR,96.39,155.1247,0.982,2025-11-22,NYR,UTA,2,3,3,18:42
8476468,NYR,102.58,165.0865,0.9984,2026-01-20,NYR,LAK,3,4,2,19:12
8476483,PIT,88.0,141.6223,0.6934,2026-01-08,NJD,PIT,1,4,2,06:16
8477369,NYI,92.22,148.4137,0.6037,2026-01-29,NYI,NYR,2,1,3,11:32
8477511,PIT,95.95,154.4166,0.977,2025-11-29,TOR,PIT,7,2,2,16:10
8477839,NYR,79.95,128.6671,0.2,2026-03-29,FLA,NYR,1,3,3,11:14
8478438,PIT,82.73,133.141,0.3459,2026-01-22,PIT,EDM,6,2,3,05:38
8478450,PIT,90.12,145.0341,0.4799,2025-10-16,PIT,LAK,4,2,3,06:21
8478452,PIT,78.84,126.8807,0.1238,2025-10-18,PIT,SJS,3,0,1,18:06
8478550,LAK,89.48,144.0041,0.8082,2026-04-11,EDM,LAK,0,1,3,15:30
8478569,PIT,76.98,123.8873,0.1246,2026-03-30,PIT,NYI,8,3,3,00:39
8478840,NYR,85.39,137.4219,0.2477,2026-03-02,CBJ,NYR,5,4,3,12:31
8478854,PIT,88.43,142.3143,0.3839,2025-11-22,SEA,PIT,3,2,1,09:45
8478882,NYR,94.28,151.729,0.7399,2026-02-05,CAR,NYR,2,0,1,12:07
8479323,NYR,84.97,136.746,0.2415,2025-10-30,NYR,EDM,4,3,2,13:33
8479390,NYR,86.15,138.645,0.5738,2025-10-23,SJS,NYR,6,5,3,11:50
8479638,PIT,85.69,137.9047,0.5508,2026-02-03,PIT,NYI,4,5,3,02:15
8480001,NYR,83.58,134.509,0.1858,2025-10-12,WSH,NYR,1,0,2,01:19
8480980,PIT,83.98,135.1527,0.4393,2025-12-28,PIT,CHI,7,3,1,15:27
8481481,PIT,84.76,136.408,0.4902,2025-11-29,TOR,PIT,7,2,3,12:42
8481577,PIT,68.79,110.7068,0.0475,2025-10-14,PIT,ANA,3,4,2,14:48
8481726,NYR,82.68,133.0606,0.3393,2025-11-15,NYR,CBJ,2,1,3,09:41
8482073,NYR,92.33,148.5907,0.613,2026-01-26,BOS,NYR,3,4,4,03:10
8482109,NYR,84.32,135.6999,0.4672,2025-12-31,NYR,WSH,3,6,3,07:29
8482157,NYR,90.33,145.372,0.8492,2026-03-25,NYR,TOR,3,4,1,07:25
8482460,NYR,70.28,113.1047,0.0541,2025-10-18,NYR,MTL,4,3,3,11:27
8482758,PIT,84.72,136.3436,0.4852,2026-04-12,PIT,WSH,0,3,2,05:47
8483690,NYR,79.63,128.1521,0.1918,2026-03-14,NYR,MIN,4,2,1,02:41
8484839,PIT,85.41,137.4541,0.2508,2025-10-07,PIT,NYR,3,0,1,00:46
8485414,PIT,89.44,143.9397,0.8066,2026-01-31,NYR,PIT,5,6,1,17:36
8470613,COL,94.98,152.8555,0.7833,2026-01-10,CBJ,COL,0,4,3,08:33
8471685,LAK,87.24,140.3992,0.6459,2025-10-08,LAK,VGK,6,5,1,13:57
8474563,LAK,96.55,155.3822,0.8545,2025-11-06,FLA,LAK,5,2,1,05:08
8475208,LAK,87.5,140.8176,0.3406,2026-01-29,LAK,BUF,1,4,1,07:59
8475754,COL,86.46,139.1439,0.5967,2025-12-19,WPG,COL,2,3,2,19:51
8476312,COL,95.44,153.5958,0.8142,2026-02-26,MIN,COL,5,2,2,14:53
8476441,LAK,99.09,159.4699,0.9412,2025-10-08,LAK,VGK,6,5,3,01:27
8476455,COL,92.08,148.1884,0.9033,2025-11-28,COL,MIN,2,3,3,17:37
8476469,LAK,89.18,143.5213,0.7803,2026-02-04,SEA,LAK,4,2,1,04:47
8476479,MTL,88.82,142.9419,0.7557,2025-11-20,LAK,SJS,3,4,2,04:32
8476879,LAK,95.05,152.9681,0.7895,2026-01-20,NYR,LAK,3,4,2,01:04
8477476,COL,87.89,141.4452,0.6852,2025-10-11,DAL,COL,5,4,1,08:41
8477492,COL,90.99,146.4342,0.8721,2026-01-12,TOR,COL,4,3,4,01:27
8477501,COL,87.68,141.1073,0.6705,2026-04-07,COL,STL,3,1,1,09:37
8477942,LAK,94.3,151.7611,0.9525,2025-12-22,CBJ,LAK,3,1,1,08:58
8477960,LAK,95.3,153.3705,0.9689,2026-01-07,SJS,LAK,4,3,2,01:19
8477998,OTT,91.93,147.947,0.8984,2026-02-26,EDM,LAK,8,1,3,06:20
8478038,COL,91.56,147.3515,0.5573,2026-03-06,COL,DAL,5,4,2,03:24
8478109,CGY,89.96,144.7766,0.8311,2025-12-23,UTA,COL,0,1,2,14:28
8479398,PIT,87.4,140.6567,0.3344,2026-03-26,PIT,OTT,4,3,3,09:19
8479525,COL,94.11,151.4554,0.9508,2026-01-16,NSH,COL,7,3,1,01:17
8479675,LAK,88.15,141.8637,0.7049,2026-03-19,PHI,LAK,4,3,1,02:39
8479998,LAK,83.11,133.7526,0.1765,2026-01-29,LAK,BUF,1,4,2,00:50
8480039,COL,93.38,150.2805,0.9344,2026-02-26,MIN,COL,5,2,2,02:11
8480069,COL,98.21,158.0537,0.9071,2026-03-18,DAL,COL,2,1,2,10:39
8480448,COL,90.29,145.3077,0.8475,2026-03-02,COL,LAK,4,2,3,12:43
8480835,COL,84.39,135.8125,0.4721,2026-03-30,CGY,COL,2,9,1,18:21
8481532,LAK,79.46,127.8785,0.1885,2025-11-11,LAK,MTL,5,1,3,16:05
8481641,COL,84.85,136.5528,0.5033,2025-12-04,COL,NYI,3,6,1,14:43
8482124,LAK,88.94,143.1351,0.7672,2026-03-24,LAK,CGY,2,3,3,00:17
8482155,LAK,86.97,139.9646,0.6311,2026-01-10,LAK,EDM,4,3,2,08:16
8482408,LAK,78.82,126.8485,0.1738,2026-03-05,NYI,LAK,3,5,2,08:38
8482730,LAK,87.0,140.0129,0.3158,2026-04-13,LAK,SEA,5,3,2,00:18
8483808,LAK,92.35,148.6229,0.9082,2026-01-14,VGK,LAK,3,2,3,14:17
8484149,COL,86.26,138.822,0.582,2025-11-11,ANA,COL,1,4,2,09:01
8484258,COL,96.79,155.7684,0.87,2026-01-19,WSH,COL,2,5,3,11:41
8475166,TOR,88.46,142.3626,0.7344,2025-10-11,TOR,DET,3,6,2,07:39
8475171,TOR,92.79,149.331,0.644,2026-01-13,TOR,UTA,1,6,2,06:23
8475690,TOR,79.17,127.4118,0.13,2025-12-28,TOR,DET,2,3,1,11:54
8475714,TOR,94.51,152.0991,0.9607,2025-12-13,EDM,TOR,6,3,1,04:52
8475848,MTL,83.41,134.2354,0.4066,2026-04-02,MTL,NYR,3,2,2,03:14
8476853,TOR,87.13,140.2221,0.322,2025-10-13,DET,TOR,3,2,2,16:30
8476875,MTL,100.56,161.8356,0.9752,2026-04-07,FLA,MTL,3,4,3,05:03
8476931,TOR,91.18,146.74,0.5387,2026-04-15,TOR,OTT,1,3,1,12:42
8476981,MTL,87.54,140.882,0.6656,2025-12-23,MTL,BOS,6,2,3,04:15
8477503,TOR,85.29,137.2609,0.5295,2026-02-26,TOR,FLA,1,5,3,06:07
8477939,TOR,92.61,149.0413,0.9115,2026-04-13,DAL,TOR,6,5,1,01:20
8478057,TOR,80.04,128.8119,0.2049,2026-03-21,TOR,OTT,2,5,3,01:48
8478133,MTL,75.74,121.8917,0.1016,2025-10-20,BUF,MTL,2,4,1,04:37
8478443,TOR,93.42,150.3449,0.6997,2025-10-16,NYR,TOR,1,2,1,07:20
8478462,COL,81.66,131.419,0.2869,2026-02-26,TOR,FLA,1,5,3,09:20
8478851,MTL,85.93,138.2909,0.2724,2025-11-20,WSH,MTL,8,4,2,15:02
8478904,TOR,82.54,132.8353,0.3328,2026-01-31,TOR,VAN,3,2,1,14:25
8479318,TOR,88.35,142.1855,0.7279,2026-03-04,TOR,NJD,3,4,2,05:07
8479339,MTL,87.83,141.3487,0.6836,2025-10-14,SEA,MTL,4,5,1,08:06
8480018,MTL,86.02,138.4358,0.559,2026-01-04,MTL,DAL,4,3,4,01:53
8480865,MTL,93.49,150.4576,0.7059,2026-03-03,MTL,SJS,5,7,1,06:35
8481122,TOR,93.92,151.1496,0.7214,2026-04-09,TOR,NYI,3,5,2,09:17
8481523,MTL,83.2,133.8974,0.3902,2025-11-11,LAK,MTL,5,1,2,15:18
8481540,MTL,88.0,141.6223,0.6934,2026-01-29,COL,MTL,3,7,3,15:26
8481582,TOR,94.77,152.5175,0.9656,2025-11-15,TOR,CHI,2,3,1,16:02
8481618,MTL,83.24,133.9618,0.3934,2026-04-02,MTL,NYR,3,2,1,15:26
8481711,TOR,89.42,143.9075,0.8049,2026-03-15,TOR,MIN,4,2,2,00:45
8482087,MTL,87.64,141.0429,0.3467,2026-02-28,WSH,MTL,2,6,1,01:13
8482259,SEA,89.22,143.5857,0.7852,2025-11-18,STL,TOR,2,3,3,16:10
8482720,TOR,87.21,140.3509,0.6426,2025-10-21,NJD,TOR,5,2,2,09:15
8482737,MTL,87.82,141.3326,0.682,2025-10-09,MTL,DET,5,1,3,12:42
8482775,MTL,88.48,142.3948,0.7377,2025-12-30,MTL,FLA,3,2,2,15:24
8482964,MTL,98.97,159.2768,0.9319,2026-04-09,TBL,MTL,1,2,2,11:21
8483457,MTL,90.18,145.1306,0.4861,2026-01-27,VGK,MTL,2,3,2,06:45
8483515,MTL,86.89,139.8359,0.618,2026-01-31,MTL,BUF,4,2,3,12:14
8484984,MTL,90.14,145.0663,0.8393,2026-02-28,WSH,MTL,2,6,2,10:27
8471214,WSH,97.3,156.5892,0.9885,2025-11-26,WPG,WSH,3,4,3,13:25
8474590,ANA,99.77,160.5643,0.9598,2026-04-09,SJS,ANA,1,6,3,14:03
8475343,VGK,82.49,132.7548,0.3279,2026-02-25,PHI,WSH,1,3,2,02:43
8476374,BOS,87.28,140.4635,0.6525,2026-03-29,BOS,CBJ,4,3,1,14:59
8476854,BOS,90.68,145.9353,0.5108,2025-11-28,NYR,BOS,6,2,3,09:33
8476880,WSH,91.2,146.7722,0.8787,2026-03-14,BOS,WSH,3,2,1,05:34
8477496,BOS,88.3,142.1051,0.7246,2025-12-02,BOS,DET,4,5,2,04:50
8477507,BOS,99.67,160.4033,0.9536,2026-03-28,MIN,BOS,3,6,1,08:29
8477845,WSH,84.14,135.4102,0.195,2026-04-08,WSH,TOR,4,0,3,02:29
8477956,BOS,93.06,149.7656,0.9262,2026-04-05,BOS,PHI,1,2,2,19:58
8478042,BOS,94.63,152.2922,0.9639,2026-01-08,CGY,BOS,1,4,1,13:20
8478401,BOS,92.95,149.5885,0.923,2025-11-06,OTT,BOS,2,3,1,13:54
8478440,WSH,83.88,134.9918,0.4328,2026-03-28,WSH,VGK,5,4,4,03:18
8478463,WSH,83.99,135.1688,0.441,2026-02-25,PHI,WSH,1,3,2,12:41
8478911,WSH,95.97,154.4487,0.8328,2026-03-03,UTA,WSH,3,2,1,16:19
8479325,BOS,92.99,149.6529,0.6594,2026-01-06,BOS,SEA,4,7,3,06:56
8479345,WSH,99.06,159.4216,0.9381,2025-12-20,DET,WSH,5,2,2,07:15
8479369,BOS,91.28,146.9009,0.5449,2026-01-26,BOS,NYR,3,4,1,07:33
8479400,WSH,86.04,138.468,0.5639,2026-03-28,WSH,VGK,5,4,4,02:50
8479520,WSH,83.38,134.1871,0.4049,2025-10-19,VAN,WSH,4,3,1,08:02
8479591,BOS,84.05,135.2654,0.4443,2025-10-21,FLA,BOS,4,3,2,14:37
8479661,BOS,88.22,141.9763,0.7131,2026-01-13,DET,BOS,0,3,1,17:33
8479987,BOS,103.03,165.8107,1.0,2025-11-11,TOR,BOS,3,5,3,14:25
8479999,BOS,78.17,125.8024,0.1492,2025-12-31,BOS,EDM,6,2,1,18:13
8480035,BOS,91.28,146.9009,0.5449,2025-10-18,BOS,COL,1,4,3,18:19
8480355,BOS,92.33,148.5907,0.9066,2026-01-17,BOS,CHI,5,2,3,06:15
8480796,WSH,92.67,149.1379,0.6285,2026-02-25,PHI,WSH,1,3,2,09:35
8480873,WSH,90.74,146.0319,0.517,2025-10-19,VAN,WSH,4,3,3,13:50
8481580,WSH,91.4,147.094,0.8885,2026-03-22,COL,WSH,3,2,2,04:55
8481656,WSH,89.17,143.5052,0.7787,2026-04-14,WSH,CBJ,2,1,2,15:40
8482088,WSH,88.88,143.0385,0.7639,2025-11-20,WSH,MTL,8,4,3,16:23
8482148,WSH,84.11,135.3619,0.4459,2025-10-24,WSH,CBJ,5,1,3,05:27
8482177,BOS,82.94,133.479,0.3639,2026-01-11,PIT,BOS,0,1,2,18:56
8482511,BOS,87.29,140.4796,0.3251,2025-12-06,NJD,BOS,1,4,1,01:39
8483489,BOS,85.2,137.1161,0.5262,2025-10-27,BOS,OTT,2,7,1,17:34
8484186,WSH,93.94,151.1818,0.9475,2026-04-11,WSH,PIT,6,3,1,15:23
8474150,CGY,93.53,150.5219,0.9377,2026-01-15,CGY,CHI,3,1,3,11:33
8474641,EDM,88.29,142.089,0.7197,2025-11-20,EDM,TBL,1,2,1,05:19
8475172,COL,85.7,137.9208,0.5525,2025-10-15,CGY,UTA,1,3,1,12:21
8475218,EDM,98.4,158.3594,0.9133,2025-11-22,EDM,FLA,6,3,2,03:32
8476399,CGY,88.67,142.7005,0.7475,2025-12-16,CGY,SJS,3,6,1,11:01
8476454,EDM,88.46,142.3626,0.7344,2025-10-25,EDM,SEA,2,3,3,10:40
8476967,COL,91.68,147.5447,0.5635,2026-01-25,PIT,VAN,3,2,3,02:59
8477346,UTA,90.98,146.4181,0.5294,2026-03-28,UTA,LAK,6,2,3,04:49
8477498,EDM,94.47,152.0347,0.7523,2025-12-20,EDM,MIN,2,5,3,11:04
8477810,CGY,91.75,147.6573,0.582,2026-03-18,STL,CGY,1,2,3,05:02
8477934,EDM,86.26,138.822,0.582,2025-10-21,EDM,OTT,3,2,2,00:36
8477953,EDM,91.2,146.7722,0.8787,2026-03-19,FLA,EDM,4,0,2,04:58
8477993,CGY,87.05,140.0934,0.6344,2025-10-09,CGY,VAN,1,5,1,13:01
8478233,CHI,86.16,138.6611,0.5754,2025-11-25,DAL,EDM,8,3,3,19:56
8478397,VGK,100.26,161.3528,0.969,2025-12-23,CGY,EDM,1,5,2,00:51
8478402,EDM,82.05,132.0467,0.3098,2025-11-13,EDM,CBJ,4,5,3,00:39
8479066,CGY,78.05,125.6093,0.1475,2025-11-01,CGY,NSH,2,4,1,08:01
8479365,EDM,87.79,141.2843,0.6787,2025-11-20,EDM,TBL,1,2,1,01:32
8479402,CGY,79.86,128.5222,0.1331,2025-11-01,CGY,NSH,2,4,3,04:37
8480028,CGY,81.52,131.1937,0.282,2026-04-04,CGY,ANA,5,3,3,19:07
8480797,CGY,83.73,134.7504,0.4197,2025-11-18,CGY,CHI,2,5,1,15:41
8480803,EDM,98.08,157.8445,0.8978,2026-01-03,PHI,EDM,5,2,1,17:22
8480831,EDM,82.28,132.4168,0.161,2025-11-25,DAL,EDM,8,3,3,19:37
8480834,EDM,91.8,147.7378,0.5851,2025-10-08,CGY,EDM,4,3,1,06:00
8480860,CGY,95.48,153.6602,0.8173,2025-12-18,SEA,CGY,2,4,3,08:35
8481068,CGY,96.14,154.7223,0.9803,2026-01-23,WSH,CGY,3,1,1,08:44
8481167,CGY,86.62,139.4014,0.3003,2026-01-05,SEA,CGY,5,1,1,07:48
8481491,CAR,82.35,132.5295,0.318,2025-11-12,EDM,PHI,2,1,1,19:57
8481617,EDM,91.11,146.6273,0.8738,2026-01-20,NJD,EDM,2,1,3,12:28
8482074,CGY,78.91,126.9933,0.177,2026-03-03,DAL,CGY,6,1,3,18:56
8482679,CGY,87.94,141.5257,0.6885,2026-03-09,CGY,WSH,3,7,2,01:16
8483455,EDM,82.9,133.4146,0.359,2025-10-23,MTL,EDM,5,6,3,10:31
8483512,EDM,81.26,130.7753,0.2672,2025-12-21,VGK,EDM,3,4,2,08:13
8483609,CGY,92.58,148.9931,0.9098,2026-03-30,CGY,COL,2,9,2,10:13
8484860,CGY,89.7,144.3582,0.823,2026-02-02,TOR,CGY,4,2,3,10:07
8485493,EDM,88.7,142.7488,0.7492,2025-11-13,EDM,CBJ,4,5,3,14:01
8475188,VGK,94.45,152.0025,0.7492,2026-04-02,CGY,VGK,3,6,1,11:32
8475191,VGK,81.78,131.6122,0.2967,2025-11-20,VGK,UTA,4,1,3,13:24
8475913,VGK,97.27,156.5409,0.9852,2026-03-14,CHI,VGK,0,4,1,00:20
8476438,VGK,81.11,130.5339,0.2557,2025-10-18,CGY,VGK,1,6,1,06:29
8476448,VGK,84.6,136.1505,0.4803,2025-10-11,VGK,SEA,1,2,4,04:01
8476881,VGK,89.51,144.0524,0.8098,2026-04-15,SEA,VGK,1,4,1,18:35
8476925,VGK,84.76,136.408,0.4902,2025-12-31,NSH,VGK,4,2,3,18:25
8477447,VGK,92.77,149.2988,0.6409,2025-11-10,FLA,VGK,3,2,2,06:58
8477964,VGK,87.36,140.5923,0.659,2026-03-30,VAN,VGK,2,4,3,06:16
8478396,VGK,90.61,145.8227,0.5077,2025-11-10,FLA,VGK,3,2,2,01:44
8478403,VGK,94.62,152.2761,0.9623,2026-01-15,TOR,VGK,5,6,1,06:43
8478434,VGK,80.74,129.9384,0.2361,2026-03-04,VGK,DET,4,3,2,06:40
8478468,VGK,91.07,146.563,0.5356,2025-11-08,ANA,VGK,4,3,1,11:20
8478483,VGK,86.31,138.9025,0.5885,2025-11-10,FLA,VGK,3,2,3,10:37
8479353,VGK,85.19,137.1,0.5246,2026-03-26,EDM,VGK,4,3,2,06:09
8480727,CGY,94.05,151.3588,0.7307,2026-03-24,LAK,CGY,2,3,1,03:27
8481527,VGK,89.84,144.5835,0.4582,2025-12-21,VGK,EDM,3,4,3,17:21
8481604,VGK,93.33,150.2001,0.9328,2025-10-16,BOS,VGK,5,6,1,01:13
8481568,CHI,95.38,153.4992,0.808,2026-01-23,TBL,CHI,2,1,1,13:53
8481806,CHI,102.83,165.4888,0.9938,2026-02-28,CHI,COL,1,3,1,03:19
8475722,BUF,83.15,133.817,0.3852,2025-10-11,BUF,BOS,1,3,3,09:46
8477419,BUF,40.83,65.7095,0.0082,2025-10-11,BUF,BOS,1,3,2,02:52
8477949,BUF,89.31,143.7305,0.7951,2026-03-14,TOR,BUF,2,3,3,14:37
8479359,BUF,86.45,139.1278,0.5951,2026-03-21,BUF,LAK,4,1,1,04:40
8479420,BUF,97.94,157.6192,0.9918,2025-11-21,CHI,BUF,3,9,1,03:33
8479941,BUF,69.19,111.3505,0.0492,2025-10-09,NYR,BUF,4,0,2,03:05
8479982,BUF,101.12,162.7369,0.9783,2025-11-23,CAR,BUF,1,4,1,16:09
8480064,BUF,87.36,140.5923,0.659,2026-04-04,BUF,WSH,2,6,2,06:58
8480196,WPG,86.34,138.9508,0.2879,2026-03-15,STL,WPG,2,3,3,02:08
8480802,BUF,85.98,138.3714,0.5574,2025-12-29,BUF,STL,4,2,3,11:33
8480807,BUF,98.09,157.8606,0.9009,2026-03-22,BUF,ANA,5,6,1,03:58
8480839,BUF,96.17,154.7706,0.8421,2025-11-06,STL,BUF,3,0,3,14:16
8481522,BUF,85.54,137.6633,0.541,2025-12-05,BUF,WPG,1,4,2,10:03
8481524,BUF,91.87,147.8504,0.5882,2025-11-23,CAR,BUF,1,4,2,15:46
8481564,BUF,78.92,127.0094,0.1269,2025-10-13,COL,BUF,3,1,3,02:55
8482097,BUF,87.68,141.1073,0.6705,2026-03-22,BUF,ANA,5,6,2,12:09
8482659,BUF,89.06,143.3282,0.7721,2025-11-15,BUF,DET,5,4,3,13:15
8483468,BUF,86.83,139.7393,0.6148,2025-10-25,BUF,TOR,3,4,1,16:48
8474141,DET,76.45,123.0343,0.1131,2026-01-01,DET,PIT,3,4,2,10:35
8474612,DET,89.45,143.9558,0.4427,2026-01-24,DET,WPG,5,1,2,06:46
8475279,DET,93.38,150.2805,0.6935,2025-12-13,DET,CHI,4,0,3,19:53
8477429,DET,82.63,132.9801,0.3377,2025-10-22,DET,BUF,2,4,3,03:26
8477456,DET,85.73,137.9691,0.5541,2026-02-28,DET,CAR,2,5,3,04:43
8477946,DET,91.73,147.6251,0.8934,2026-01-16,SJS,DET,2,4,1,17:08
8478891,DET,81.44,131.065,0.2754,2026-01-03,PIT,DET,4,1,3,06:44
8479337,DET,88.14,141.8476,0.7033,2026-03-19,MTL,DET,1,3,2,08:17
8479992,DET,83.25,133.9779,0.3951,2026-01-05,DET,OTT,5,3,3,12:53
8481542,DET,98.93,159.2124,0.9288,2026-01-05,DET,OTT,5,3,2,08:20
8481607,DET,93.52,150.5059,0.709,2026-01-22,DET,MIN,3,4,3,05:07
8481725,PIT,92.73,149.2345,0.9148,2025-12-10,DET,CGY,4,3,1,06:45
8482078,DET,90.47,145.5974,0.8557,2026-04-15,DET,FLA,1,8,3,01:29
8482762,DET,88.81,142.9258,0.4087,2026-04-13,DET,TBL,3,4,1,06:34
8483464,DET,87.11,140.19,0.6393,2025-11-28,TBL,DET,6,3,2,10:50
8484223,DET,97.98,157.6835,0.8947,2025-10-25,STL,DET,4,6,2,04:56
8484471,DET,86.07,138.5162,0.5656,2025-12-17,UTA,DET,4,1,1,15:19
8484794,DET,87.73,141.1877,0.6738,2025-10-22,DET,BUF,2,4,2,14:02
8473512,OTT,88.94,143.1351,0.7672,2026-01-22,OTT,NSH,3,5,2,10:36
8474102,DET,88.04,141.6866,0.6967,2026-03-19,MTL,DET,1,3,1,05:30
8474151,TBL,88.57,142.5396,0.3963,2025-10-11,NJD,TBL,5,3,2,17:23
8474189,OTT,85.65,137.8403,0.5492,2026-01-24,CAR,OTT,4,1,1,19:42
8475167,TBL,101.42,163.2197,0.9814,2025-10-17,TBL,DET,1,2,2,01:08
8475324,OTT,84.3,135.6677,0.2043,2025-12-04,NYR,OTT,4,2,3,03:10
8476393,OTT,86.6,139.3692,0.6033,2025-11-20,OTT,ANA,3,2,1,16:39
8476453,TBL,92.06,148.1562,0.9016,2025-12-22,STL,TBL,1,4,1,08:52
8476826,TBL,88.82,142.9419,0.7557,2025-11-06,TBL,VGK,6,3,2,04:51
8477073,OTT,79.71,128.2808,0.1951,2025-12-15,OTT,WPG,3,2,1,05:01
8477404,TBL,83.05,133.656,0.3754,2025-12-20,CAR,TBL,4,6,2,04:05
8477416,TBL,85.58,137.7277,0.5426,2026-02-25,TOR,TBL,2,4,1,14:18
8478010,TBL,77.27,124.354,0.1328,2026-04-13,DET,TBL,3,4,3,17:29
8478020,OTT,87.67,141.0912,0.6689,2025-11-01,OTT,MTL,3,4,2,05:34
8478178,TBL,100.13,161.1436,0.9628,2025-11-28,TBL,DET,6,3,1,17:07
8478416,TBL,87.37,140.6084,0.3313,2025-10-30,DAL,TBL,1,2,2,03:51
8478469,OTT,93.62,150.6668,0.7121,2025-10-28,OTT,CHI,3,7,2,06:17
8478519,TBL,85.4,137.438,0.5361,2025-12-02,TBL,NYI,1,2,3,18:37
8479542,TBL,87.58,140.9463,0.6672,2025-10-14,TBL,WSH,2,3,3,09:25
8480188,OTT,94.3,151.7611,0.9525,2026-01-25,VGK,OTT,1,7,1,09:13
8480801,OTT,92.28,148.5103,0.9049,2026-03-23,OTT,NYR,2,1,3,14:10
8480876,VAN,81.26,130.7753,0.2672,2026-04-02,VAN,MIN,2,5,2,16:37
8480995,TBL,84.86,136.5689,0.5049,2026-01-06,COL,TBL,2,4,1,03:25
8481528,OTT,90.04,144.9053,0.8361,2026-04-02,BUF,OTT,1,4,2,12:17
8481596,OTT,90.56,145.7422,0.8574,2025-10-18,NYI,OTT,5,4,2,05:32
8481719,TBL,84.52,136.0218,0.2198,2026-01-16,TBL,STL,2,3,1,07:44
8482070,TBL,83.63,134.5894,0.4115,2025-10-09,OTT,TBL,5,4,1,11:42
8482092,OTT,86.03,138.4519,0.5623,2025-10-16,SEA,OTT,3,4,1,05:55
8482105,OTT,99.72,160.4838,0.9567,2026-02-03,OTT,CAR,3,4,1,11:54
8482116,OTT,90.1,145.0019,0.8377,2025-12-02,OTT,MTL,5,2,1,11:50
8482131,FLA,90.01,144.8571,0.4675,2026-04-11,FLA,TOR,6,2,2,08:55
8482201,TBL,84.22,135.539,0.4557,2025-12-02,TBL,NYI,1,2,2,02:12
8482245,OTT,94.74,152.4693,0.7678,2025-12-15,OTT,WPG,3,2,3,19:57
8482929,TBL,89.69,144.3421,0.452,2025-11-28,TBL,DET,6,3,3,06:27
8483447,TBL,90.83,146.1767,0.8672,2025-10-18,TBL,CBJ,2,3,2,12:12
8484321,OTT,92.84,149.4115,0.6502,2026-03-19,NYI,OTT,2,3,1,16:23
8475235,CAR,89.08,143.3604,0.7738,2025-12-16,PHI,MTL,4,1,3,04:50
8476372,PHI,88.76,142.8454,0.4056,2025-12-20,PHI,NYR,4,5,3,11:51
8476461,PHI,84.88,136.6011,0.5082,2025-10-28,PIT,PHI,2,3,2,19:51
8477903,PHI,83.14,133.8009,0.382,2026-03-19,PHI,LAK,4,3,2,19:58
8477948,PHI,94.84,152.6302,0.7709,2026-03-07,PHI,PIT,4,3,1,11:57
8477989,PHI,81.22,130.7109,0.2656,2026-04-13,CAR,PHI,2,3,2,11:30
8478439,PHI,89.37,143.8271,0.7967,2025-10-28,PIT,PHI,2,3,4,03:34
8478454,PHI,92.13,148.2689,0.6006,2026-01-29,PHI,BOS,3,6,2,10:34
8479022,PHI,84.83,136.5207,0.5,2025-12-14,PHI,CAR,2,3,3,10:58
8480015,PHI,93.15,149.9104,0.9295,2026-03-12,PHI,MIN,3,2,3,07:58
8480220,PHI,82.36,132.5456,0.3197,2025-11-12,EDM,PHI,2,1,1,00:51
8480874,PHI,80.97,130.3086,0.1424,2025-10-09,PHI,FLA,1,2,3,13:19
8481178,CBJ,90.15,145.0824,0.483,2026-01-10,CBJ,COL,0,4,2,04:51
8481533,PHI,82.79,133.2376,0.3508,2026-03-14,CBJ,PHI,2,1,2,17:44
8481553,MIN,84.72,136.3436,0.4852,2025-11-01,TOR,PHI,5,2,2,01:22
8482142,PHI,98.46,158.456,0.9164,2026-04-03,PHI,NYI,4,1,1,09:40
8482159,PHI,92.9,149.5081,0.9213,2025-11-29,PHI,NJD,5,3,2,14:07
8484387,PHI,82.5,132.7709,0.3295,2025-11-15,PHI,DAL,1,5,2,01:40
8475151,NYI,89.38,143.8432,0.7984,2025-11-08,NYI,NYR,5,0,2,17:33
8475231,NYI,89.09,143.3765,0.7754,2025-11-08,NYI,NYR,5,0,1,03:05
8475314,NYI,87.27,140.4475,0.6508,2025-11-16,NYI,COL,1,4,3,05:58
8476419,NYI,81.72,131.5156,0.2934,2026-01-03,TOR,NYI,3,4,1,05:19
8476429,NYI,87.43,140.7049,0.3375,2025-12-23,NJD,NYI,1,2,1,10:36
8476917,NYI,96.33,155.0281,0.8452,2025-11-10,NYI,NJD,3,2,2,02:03
8477407,NYI,90.36,145.4203,0.8508,2026-01-08,NYI,NSH,1,2,2,00:22
8477494,STL,85.58,137.7277,0.5426,2025-10-09,NYI,PIT,3,4,3,17:35
8477500,NYI,93.4,150.3127,0.9361,2025-11-28,PHI,NYI,4,3,1,05:31
8477506,NYI,103.01,165.7785,0.9969,2025-11-23,SEA,NYI,0,1,1,16:52
8477950,NYI,88.3,142.1051,0.3808,2025-11-02,CBJ,NYI,2,3,1,02:50
8478445,NYI,83.89,135.0079,0.4344,2025-12-16,NYI,DET,2,3,2,15:19
8480842,PIT,79.61,128.1199,0.1902,2025-10-21,VAN,PIT,1,5,2,15:25
8481014,NYI,93.14,149.8943,0.6625,2025-11-02,CBJ,NYI,2,3,3,01:50
8481601,NYI,90.56,145.7422,0.8574,2025-12-09,VGK,NYI,4,5,2,13:30
8482476,NYI,97.28,156.557,0.9869,2026-01-24,BUF,NYI,5,0,3,13:39
8484958,NJD,80.88,130.1637,0.2475,2025-12-20,NYI,BUF,2,3,1,19:25
8485366,NYI,93.91,151.1335,0.7183,2025-10-28,NYI,BOS,2,5,3,10:42
8485702,NYI,85.24,137.1805,0.5279,2025-12-16,NYI,DET,2,3,2,18:56
8473533,CAR,88.4,142.266,0.7311,2026-02-03,OTT,CAR,3,4,2,03:52
8474149,NJD,79.66,128.2003,0.1934,2026-01-17,CAR,NJD,4,1,1,10:41
8475455,NJD,90.71,145.9836,0.5139,2026-01-08,NJD,PIT,1,4,2,11:51
8475791,CAR,88.27,142.0568,0.718,2025-11-23,CAR,BUF,1,4,3,05:14
8476292,NYI,88.51,142.443,0.7393,2026-03-07,NYI,SJS,2,1,1,07:19
8476462,NJD,96.55,155.3822,0.8545,2026-03-03,FLA,NJD,1,5,3,05:16
8476822,PHI,82.23,132.3364,0.3164,2025-11-20,NJD,FLA,0,1,1,11:07
8476906,CAR,93.97,151.2301,0.7245,2026-03-31,CAR,CBJ,5,2,1,12:28
8476921,CAR,84.36,135.7643,0.4705,2026-03-12,STL,CAR,3,1,1,03:16
8476958,CAR,99.18,159.6147,0.9443,2026-04-07,BOS,CAR,5,6,1,06:49
8477015,NJD,80.8,130.035,0.241,2026-03-16,BOS,NJD,3,4,1,16:14
8477478,CAR,82.97,133.5273,0.3672,2025-10-16,CAR,ANA,4,1,1,10:12
8477488,NJD,82.9,133.4146,0.1734,2025-12-23,NJD,NYI,1,2,1,14:56
8477940,CAR,93.63,150.6829,0.9443,2025-10-25,CAR,DAL,2,3,3,18:09
8478399,NJD,90.88,146.2572,0.5263,2026-01-25,NJD,SEA,2,4,3,06:31
8478414,NJD,94.3,151.7611,0.9525,2026-03-07,NYR,NJD,3,6,1,05:29
8478427,CAR,89.18,143.5213,0.7803,2026-03-31,CAR,CBJ,5,2,1,08:46
8478970,CAR,94.62,152.2761,0.7616,2026-01-19,BUF,CAR,1,2,2,15:27
8479407,NJD,84.3,135.6677,0.4639,2026-03-20,NJD,WSH,1,2,2,08:29
8479996,NJD,83.12,133.7687,0.3803,2025-12-06,NJD,BOS,1,4,3,01:28
8480002,NJD,89.41,143.8914,0.8033,2026-03-26,NJD,NSH,4,2,3,14:48
8480336,CAR,95.36,153.467,0.805,2026-01-06,DAL,CAR,3,6,3,15:58
8480762,CAR,85.06,136.8908,0.5148,2025-12-20,CAR,TBL,4,6,2,07:03
8480817,CAR,92.59,149.0092,0.6254,2026-03-02,CAR,SEA,1,2,3,00:29
8480829,CAR,81.99,131.9501,0.3066,2025-11-08,BUF,CAR,3,6,2,11:39
8480830,CAR,96.06,154.5936,0.9787,2026-01-19,BUF,CAR,1,2,1,01:24
8481032,NJD,91.72,147.609,0.8918,2026-03-31,NJD,NYR,1,4,3,11:10
8481559,NJD,83.72,134.7343,0.418,2026-01-29,NSH,NJD,2,3,1,03:29
8481721,NJD,90.64,145.8709,0.8639,2026-01-31,NJD,OTT,1,4,2,08:30
8482093,CAR,88.16,141.8798,0.7066,2026-01-12,CAR,DET,3,4,1,06:00
8482100,CAR,99.4,159.9688,0.9505,2026-03-12,STL,CAR,3,1,2,09:39
8482110,NJD,86.9,139.852,0.6197,2025-11-24,DET,NJD,3,4,3,14:54
8482684,NJD,97.21,156.4443,0.8916,2026-03-16,BOS,NJD,3,4,1,10:23
8482702,CAR,86.21,138.7415,0.5803,2026-01-17,CAR,NJD,4,1,2,10:44
8482809,CAR,84.22,135.539,0.4557,2026-03-20,CAR,TOR,4,3,3,05:41
8483495,NJD,91.48,147.2228,0.5542,2026-04-02,WSH,NJD,3,7,3,13:35
8474567,MIN,93.3,150.1518,0.6811,2026-03-28,MIN,BOS,3,6,2,11:22
8474716,MIN,92.28,148.5103,0.6099,2026-03-12,PHI,MIN,3,2,3,18:14
8475149,MIN,86.59,139.3531,0.6016,2026-02-26,MIN,COL,5,2,1,09:21
8475170,NYI,87.25,140.4153,0.6475,2025-10-25,STL,DET,4,6,3,17:50
8475220,MIN,88.31,142.1212,0.7262,2025-11-11,SJS,MIN,2,1,1,17:16
8475753,DET,96.15,154.7384,0.8359,2025-12-22,STL,TBL,1,4,2,18:32
8475760,NJD,81.0,130.3569,0.2525,2026-01-13,CAR,STL,0,3,1,19:09
8475764,STL,84.31,135.6838,0.2074,2025-10-30,VAN,STL,4,3,3,06:52
8475765,MIN,84.48,135.9574,0.477,2025-12-31,MIN,SJS,3,4,1,10:38
8476892,STL,95.1,153.0486,0.7957,2025-10-11,STL,CGY,4,2,1,10:18
8476994,FLA,83.65,134.6216,0.4131,2026-01-31,MIN,EDM,7,3,2,06:11
8477402,STL,88.86,143.0063,0.7623,2026-03-06,STL,SJS,3,2,2,05:11
8477451,MIN,87.38,140.6245,0.6623,2025-12-18,MIN,CBJ,5,2,2,15:08
8477573,STL,82.68,133.0606,0.3393,2025-10-15,CHI,STL,8,3,3,10:47
8478136,MIN,84.91,136.6494,0.2353,2025-10-30,PIT,MIN,4,1,1,07:15
8478472,LAK,82.9,133.4146,0.359,2025-10-13,STL,VAN,5,2,2,00:20
8478493,MIN,91.37,147.0458,0.8852,2026-04-09,MIN,DAL,4,5,3,12:23
8478508,MIN,88.7,142.7488,0.7492,2026-04-02,VAN,MIN,2,5,1,07:57
8478864,MIN,87.78,141.2682,0.6754,2026-01-12,NJD,MIN,5,2,2,08:13
8479385,STL,85.46,137.5345,0.5377,2025-10-25,STL,DET,4,6,2,10:18
8480023,STL,81.8,131.6443,0.2984,2025-12-18,NYR,STL,2,1,3,04:51
8480281,STL,88.62,142.6201,0.7443,2026-01-31,CBJ,STL,5,3,2,18:03
8480459,STL,86.79,139.675,0.6115,2026-02-26,SEA,STL,1,5,2,08:34
8481006,STL,94.51,152.0991,0.7554,2025-12-20,STL,FLA,6,2,1,15:45
8481557,MIN,93.61,150.6507,0.941,2025-11-09,CGY,MIN,0,2,1,00:10
8481598,STL,94.41,151.9382,0.7461,2026-03-21,STL,VAN,3,1,1,09:58
8482077,STL,93.05,149.7495,0.9246,2025-11-29,UTA,STL,0,1,3,00:47
8482079,VAN,84.78,136.4402,0.4967,2026-04-04,UTA,VAN,7,4,3,03:40
8482089,STL,82.52,132.8031,0.3311,2025-12-04,STL,BOS,2,5,1,01:11
8482122,MIN,92.67,149.1379,0.6285,2026-01-08,MIN,SEA,3,2,1,10:04
8482733,STL,94.92,152.7589,0.7771,2025-12-12,CHI,STL,2,3,1,03:41
8483452,MIN,85.87,138.1944,0.5557,2026-04-13,MIN,STL,3,6,3,12:15
8483460,PHI,94.87,152.6785,0.774,2026-04-14,MTL,PHI,2,4,2,10:22
8483499,VAN,91.9,147.8987,0.8967,2025-12-16,VAN,NYR,3,0,2,03:24
8483516,STL,95.56,153.7889,0.9721,2026-01-07,STL,CHI,3,7,1,05:34
8484798,VAN,83.9,135.024,0.192,2026-04-14,LAK,VAN,3,4,1,15:24
8474564,NSH,95.0,152.8877,0.9672,2025-12-23,NSH,MIN,3,2,2,01:18
8474600,NSH,96.74,155.6879,0.8669,2025-12-29,NSH,UTA,4,3,3,09:43
8475158,NSH,84.82,136.5046,0.4984,2025-11-14,PIT,NSH,1,2,2,00:41
8475287,NSH,87.32,140.5279,0.6557,2025-11-26,NSH,DET,6,3,2,09:56
8475745,CBJ,89.76,144.4547,0.8262,2026-01-11,CBJ,UTA,3,2,2,18:10
8475790,CBJ,98.6,158.6813,0.9195,2026-03-28,SJS,CBJ,3,2,1,03:57
8476432,CBJ,90.27,145.2755,0.8459,2025-11-10,CBJ,EDM,4,5,1,17:53
8476539,NSH,89.6,144.1972,0.8131,2026-03-02,DET,NSH,4,2,3,07:25
8476869,NSH,89.71,144.3743,0.4551,2026-03-28,MTL,NSH,4,1,2,12:49
8476887,NSH,90.46,145.5813,0.8541,2026-04-09,NSH,UTA,1,4,2,10:03
8476923,CBJ,96.87,155.8972,0.8731,2026-02-04,CHI,CBJ,0,4,1,03:32
8477425,CBJ,84.24,135.5711,0.4607,2025-11-20,CBJ,TOR,3,2,3,01:10
8477446,MIN,89.28,143.6822,0.7918,2026-01-03,NSH,CGY,4,3,3,02:44
8477497,CBJ,82.68,133.0606,0.3393,2026-01-06,CBJ,SJS,2,5,3,13:36
8478047,DAL,86.4,139.0473,0.5934,2026-01-03,NSH,CGY,4,3,2,16:04
8478460,CBJ,95.33,153.4188,0.8019,2025-12-04,DET,CBJ,5,6,1,18:32
8478500,CBJ,97.11,156.2834,0.8762,2026-03-14,CBJ,PHI,2,1,2,02:31
8479370,NSH,84.24,135.5711,0.4607,2026-01-29,NSH,NJD,2,3,3,17:50
8479371,CBJ,92.41,148.7195,0.6161,2025-11-18,CBJ,WPG,2,5,1,13:02
8479671,CBJ,89.39,143.8593,0.8,2026-01-22,DAL,CBJ,0,1,1,19:08
8479944,CBJ,82.8,133.2537,0.3541,2025-10-25,CBJ,PIT,5,4,3,07:42
8480246,NSH,85.94,138.307,0.2755,2025-11-04,NSH,MIN,2,3,1,06:32
8480806,CBJ,78.67,126.6071,0.1623,2025-11-26,TOR,CBJ,2,1,3,07:26
8480893,CBJ,88.7,142.7488,0.7492,2026-03-10,CBJ,TBL,5,2,2,11:42
8481056,EDM,84.37,135.7804,0.2136,2025-11-16,NSH,PIT,0,4,3,08:00
8481716,CBJ,84.6,136.1505,0.4803,2025-11-11,CBJ,SEA,2,1,1,09:03
8482062,VGK,79.3,127.621,0.1852,2025-10-09,CBJ,NSH,1,2,1,01:55
8482111,NSH,84.67,136.2632,0.226,2025-10-21,ANA,NSH,5,2,1,11:39
8482482,NSH,90.58,145.7744,0.5046,2026-02-28,NSH,DAL,2,3,1,10:49
8482660,CBJ,83.26,133.994,0.3967,2025-11-01,STL,CBJ,2,3,1,02:57
8482705,CBJ,87.01,140.029,0.6328,2026-01-10,CBJ,COL,0,4,2,17:54
8482768,NSH,81.5,131.1615,0.2803,2025-11-08,DAL,NSH,5,4,2,11:48
8483465,NSH,92.61,149.0413,0.9115,2026-03-22,NSH,CHI,3,2,2,11:29
8483485,CBJ,89.21,143.5696,0.4303,2026-03-31,CAR,CBJ,5,2,2,09:53
8484166,CBJ,88.4,142.266,0.7311,2025-11-13,EDM,CBJ,4,5,2,10:55
8485405,NSH,67.29,108.2928,0.0377,2025-10-21,ANA,NSH,5,2,2,19:16
8473604,WPG,88.08,141.751,0.7016,2026-01-22,FLA,WPG,2,1,2,06:22
8474568,BUF,88.96,143.1672,0.418,2026-03-14,TOR,BUF,2,3,3,10:04
8474679,WPG,76.34,122.8573,0.1098,2026-03-12,NYR,WPG,6,3,1,12:53
8475168,DAL,84.21,135.5229,0.4541,2025-12-27,CHI,DAL,4,3,1,10:08
8475794,DAL,80.52,129.5844,0.2246,2025-10-28,WSH,DAL,0,1,1,13:57
8475799,WPG,87.26,140.4314,0.6492,2026-01-11,NJD,WPG,3,4,3,05:48
8476278,DAL,84.23,135.555,0.459,2025-11-15,PHI,DAL,1,5,1,09:12
8476331,WPG,86.58,139.337,0.2972,2025-11-26,WPG,WSH,3,4,2,19:09
8476460,WPG,86.91,139.8681,0.623,2025-10-23,SEA,WPG,3,0,2,09:43
8476480,WPG,77.2,124.2414,0.1295,2025-11-18,CBJ,WPG,2,5,1,02:41
8476871,BUF,86.57,139.3209,0.6,2026-01-11,NJD,WPG,3,4,3,10:42
8476889,DAL,88.21,141.9602,0.7115,2025-12-21,TOR,DAL,1,5,3,09:01
8476902,DAL,85.66,137.8564,0.2601,2026-03-16,UTA,DAL,6,3,3,15:42
8477504,WPG,92.82,149.3793,0.6471,2026-04-14,WPG,UTA,3,5,3,13:52
8477938,WPG,96.5,155.3017,0.8514,2026-03-21,WPG,PIT,4,5,1,11:42
8478398,WPG,90.91,146.3055,0.8705,2026-01-31,WPG,FLA,2,1,3,17:12
8478420,DAL,87.13,140.2221,0.641,2025-12-23,DAL,DET,3,4,3,07:22
8478449,DAL,92.03,148.1079,0.9,2025-10-14,MIN,DAL,2,5,1,14:16
8479351,DAL,86.18,138.6933,0.577,2025-10-11,DAL,COL,5,4,3,15:33
8479378,BUF,97.13,156.3156,0.8793,2026-01-08,EDM,WPG,4,3,2,13:05
8479414,DAL,80.44,129.4556,0.218,2026-01-22,DAL,CBJ,0,1,3,10:31
8480014,WPG,82.1,132.1271,0.3131,2026-01-06,VGK,WPG,4,3,1,12:56
8480027,DAL,90.18,145.1306,0.841,2026-01-01,DAL,CHI,3,4,2,08:34
8480036,DAL,89.56,144.1328,0.4458,2025-10-28,WSH,DAL,0,1,3,05:48
8480113,WPG,88.84,142.9741,0.7607,2026-03-14,COL,WPG,1,3,3,11:05
8480145,WPG,90.56,145.7422,0.5015,2025-12-13,WSH,WPG,1,5,3,07:11
8480289,WPG,95.62,153.8855,0.9738,2025-10-28,WPG,MIN,4,3,3,19:59
8480878,DAL,95.53,153.7406,0.8204,2026-03-26,DAL,NYI,1,2,2,07:51
8480950,DAL,87.83,141.3487,0.356,2025-10-28,WSH,DAL,0,1,1,03:55
8481043,WPG,89.65,144.2777,0.818,2026-01-01,WPG,TOR,5,6,2,19:20
8481581,DAL,88.14,141.8476,0.3684,2025-10-11,DAL,COL,5,4,1,18:51
8482145,DAL,89.7,144.3582,0.823,2025-12-07,PIT,DAL,2,3,3,11:23
8482740,DAL,84.89,136.6172,0.5098,2026-01-06,DAL,CAR,3,6,2,10:36
8482787,WPG,81.54,131.2259,0.2836,2026-04-14,WPG,UTA,3,5,1,06:09
8483425,DAL,94.12,151.4715,0.7337,2026-04-09,MIN,DAL,4,5,3,03:18
8484829,DAL,85.09,136.9391,0.518,2025-11-22,DAL,CGY,2,3,1,13:22
8474013,UTA,88.18,141.912,0.3715,2025-12-29,NSH,UTA,4,3,3,02:13
8475461,UTA,44.91,72.2756,0.0098,2025-10-09,UTA,COL,1,2,1,02:32
8476874,CGY,90.84,146.1928,0.5201,2026-03-10,CGY,NYR,0,4,1,06:19
8477220,UTA,98.85,159.0837,0.9257,2026-03-14,PIT,UTA,4,3,2,18:39
8477951,UTA,89.28,143.6822,0.7918,2025-12-19,NJD,UTA,2,1,2,02:41
8478474,UTA,92.84,149.4115,0.918,2025-12-23,UTA,COL,0,1,1,03:11
8478507,UTA,92.1,148.2206,0.5975,2025-12-19,NJD,UTA,2,1,1,08:08
8478831,UTA,90.62,145.8388,0.8623,2026-04-09,NSH,UTA,1,4,1,02:21
8479293,UTA,86.72,139.5623,0.6082,2025-11-28,UTA,DAL,3,4,2,07:11
8479343,UTA,91.26,146.8687,0.882,2026-03-14,PIT,UTA,4,3,2,04:03
8479410,UTA,99.0,159.3251,0.935,2026-04-12,UTA,CGY,1,4,2,01:17
8479977,UTA,86.92,139.8842,0.6279,2026-04-07,EDM,UTA,5,6,2,14:52
8480434,UTA,93.33,150.2001,0.6904,2026-01-21,PHI,UTA,4,5,1,07:34
8480855,UTA,84.14,135.4102,0.4508,2026-01-11,CBJ,UTA,3,2,2,08:34
8482175,UTA,84.48,135.9574,0.477,2025-11-04,UTA,BUF,2,1,1,16:01
8482699,UTA,91.39,147.0779,0.8869,2026-03-14,PIT,UTA,4,3,3,19:17
8483431,UTA,87.97,141.574,0.6918,2026-03-22,LAK,UTA,3,4,2,11:10
8484386,UTA,93.22,150.023,0.6749,2025-11-22,NYR,UTA,2,3,3,07:21
8474574,DAL,92.67,149.1379,0.6285,2025-11-28,VAN,SJS,2,3,2,01:03
8475169,VAN,88.29,142.089,0.7197,2025-11-11,WPG,VAN,5,3,1,10:28
8475762,VAN,56.83,91.459,0.0,2025-10-11,VAN,EDM,1,3,3,01:37
8477969,VAN,89.62,144.2294,0.4489,2025-10-30,VAN,STL,4,3,2,12:07
8478444,VAN,96.4,155.1408,0.9836,2025-11-20,DAL,VAN,4,2,2,04:20
8478498,VAN,85.35,137.3575,0.5328,2025-10-25,MTL,VAN,4,3,3,03:13
8478856,CBJ,84.12,135.378,0.4475,2025-10-21,VAN,PIT,1,5,1,01:18
8479425,VAN,95.6,153.8533,0.8266,2025-11-11,WPG,VAN,5,3,2,08:55
8480012,VAN,91.81,147.7539,0.8951,2025-10-23,VAN,NSH,1,2,1,18:57
8480078,VAN,78.74,126.7197,0.1689,2025-10-09,CGY,VAN,1,5,2,12:48
8480748,SJS,95.79,154.1591,0.9754,2026-01-03,BOS,VAN,3,2,3,12:07
8480800,MIN,95.04,152.9521,0.7864,2025-10-16,VAN,DAL,5,3,1,13:03
8482055,VAN,88.06,141.7188,0.6984,2025-12-06,MIN,VAN,2,4,2,12:18
8482691,VAN,88.91,143.0868,0.7656,2026-04-07,VGK,VAN,2,1,3,13:58
8483395,VAN,82.77,133.2054,0.3492,2025-12-11,BUF,VAN,3,2,2,12:30
8483476,VAN,84.83,136.5207,0.5,2025-10-11,VAN,EDM,1,3,1,06:13
8483678,VAN,98.17,157.9893,0.904,2026-01-29,ANA,VAN,0,2,3,02:37
8485385,VAN,NaN,NaN,NaN,NaN,NaN,NaN,NaN,NaN,NaN,NaN
8471817,SJS,80.36,129.3269,0.2115,2026-01-20,SJS,TBL,1,4,3,12:42
8475181,SJS,85.12,136.9874,0.2446,2026-04-06,CHI,SJS,2,3,1,02:36
8475200,SJS,92.27,148.4942,0.6068,2026-02-04,SJS,COL,2,4,3,13:01
8475726,SJS,89.22,143.5857,0.7852,2026-01-10,DAL,SJS,4,5,4,01:58
8475784,SJS,86.26,138.822,0.582,2025-10-09,VGK,SJS,4,3,2,04:21
8475906,SJS,93.66,150.7312,0.7152,2026-03-01,WPG,SJS,1,2,2,17:00
8476624,SJS,82.03,132.0145,0.3082,2026-01-20,SJS,TBL,1,4,1,13:08
8477018,VGK,90.19,145.1467,0.4892,2025-12-20,VGK,CGY,3,6,3,05:48
8477505,SJS,89.21,143.5696,0.7836,2026-03-17,SJS,EDM,3,5,3,02:14
8478874,SJS,84.77,136.4241,0.4934,2025-11-28,VAN,SJS,2,3,2,07:16
8479983,SJS,95.59,153.8372,0.8235,2026-02-26,CGY,SJS,4,1,1,14:32
8480043,WSH,91.72,147.609,0.5728,2026-02-04,SJS,COL,2,4,3,00:43
8480798,SJS,85.33,137.3253,0.5311,2025-10-30,NJD,SJS,2,5,1,14:42
8480848,SJS,89.97,144.7927,0.8344,2025-11-07,WPG,SJS,1,2,1,03:43
8482166,SJS,90.87,146.2411,0.5232,2026-03-14,SJS,MTL,4,2,3,02:11
8482667,SJS,89.26,143.65,0.7902,2026-03-19,BUF,SJS,5,0,2,02:44
8484227,SJS,90.26,145.2594,0.8443,2025-11-23,BOS,SJS,1,3,1,06:17
8484801,SJS,97.89,157.5387,0.9902,2026-01-15,SJS,WSH,3,2,1,17:02
8484911,SJS,78.85,126.8968,0.1754,2026-01-19,SJS,FLA,4,1,3,13:32
8473986,ANA,85.09,136.9391,0.518,2026-01-25,ANA,CGY,4,3,2,19:54
8474586,SEA,82.41,132.626,0.323,2025-10-28,MTL,SEA,4,3,1,19:38
8475184,ANA,86.92,139.8842,0.6279,2025-11-06,ANA,DAL,7,5,2,01:16
8475462,ANA,98.83,159.0515,0.9226,2026-03-06,MTL,ANA,5,6,3,04:56
8475768,SEA,89.4,143.8754,0.8016,2025-11-15,SJS,SEA,1,4,1,17:01
8475798,ANA,83.42,134.2515,0.4082,2026-01-21,ANA,COL,2,1,3,03:12
8476457,SEA,98.39,158.3434,0.9102,2025-12-04,SEA,EDM,4,9,1,02:32
8476467,SEA,94.97,152.8394,0.7802,2026-04-15,SEA,VGK,1,4,2,02:21
8476885,ANA,96.47,155.2534,0.8483,2026-03-12,ANA,TOR,4,6,1,06:37
8476905,SEA,85.59,137.7438,0.5459,2025-12-12,SEA,UTA,3,5,3,00:28
8477527,ANA,83.0,133.5756,0.3721,2025-12-16,ANA,CBJ,3,4,1,03:08
8477919,SEA,83.82,134.8952,0.4262,2025-12-12,SEA,UTA,3,5,2,03:10
8477955,SEA,94.42,151.9543,0.959,2026-02-28,VAN,SEA,1,5,3,12:52
8477986,SEA,101.56,163.445,0.9845,2026-03-26,SEA,TBL,4,3,3,08:37
8478366,ANA,89.6,144.1972,0.8131,2025-12-20,CBJ,ANA,3,4,2,09:15
8478407,SEA,94.23,151.6485,0.7368,2025-10-20,SEA,PHI,2,5,3,00:26
8478873,ANA,83.21,133.9135,0.3918,2025-10-23,ANA,BOS,7,5,3,06:22
8478975,CBJ,87.21,140.3509,0.6426,2025-11-22,SEA,PIT,3,2,2,15:44
8479324,SEA,86.28,138.8542,0.2848,2025-12-14,BUF,SEA,3,1,3,13:21
8479372,SEA,90.07,144.9536,0.4737,2025-12-08,MIN,SEA,4,1,1,18:54
8480009,SEA,92.8,149.3471,0.9164,2025-12-29,VAN,SEA,3,2,4,04:27
8480068,ANA,80.77,129.9867,0.2393,2026-01-10,ANA,BUF,3,5,2,13:00
8481563,ANA,91.91,147.9148,0.5913,2025-10-21,ANA,NSH,5,2,2,00:35
8481605,ANA,95.38,153.4992,0.808,2025-11-30,ANA,CHI,3,5,1,05:31
8481789,NYR,86.9,139.852,0.6197,2025-11-29,EDM,SEA,4,0,1,04:54
8482118,ANA,78.59,126.4783,0.159,2025-10-21,ANA,NSH,5,2,2,12:41
8482665,SEA,90.36,145.4203,0.8508,2025-11-13,WPG,SEA,3,5,3,04:02
8482745,ANA,87.5,140.8176,0.6639,2025-12-29,SJS,ANA,5,4,3,18:03
8482751,SEA,83.85,134.9435,0.4295,2025-12-22,SEA,ANA,3,1,1,02:05
8482803,ANA,90.03,144.8892,0.4706,2025-11-26,VAN,ANA,5,4,1,13:11
8483445,ANA,99.9,160.7735,0.9967,2026-03-14,ANA,OTT,0,2,3,00:12
8483490,ANA,82.08,132.095,0.1548,2026-01-13,DAL,ANA,1,3,1,19:58
8483497,SEA,94.41,151.9382,0.9574,2025-10-20,SEA,PHI,2,5,3,14:42
8483524,SEA,80.37,129.343,0.2148,2026-03-19,SEA,NSH,1,3,2,01:31
8484153,ANA,85.49,137.5828,0.5393,2026-04-03,STL,ANA,6,2,3,02:58
8484762,ANA,95.45,153.6119,0.9705,2026-02-27,WPG,ANA,4,5,3,05:39
8480074,MTL,88.06,141.7188,0.6984,2025-12-09,TBL,MTL,6,1,1,16:02
8484180,CGY,88.18,141.912,0.7082,2025-10-22,MTL,CGY,2,1,2,02:30
8484768,CGY,84.32,135.6999,0.2105,2026-04-07,CGY,DAL,3,4,2,05:23
8480887,BOS,83.5,134.3802,0.1827,2025-10-21,FLA,BOS,4,3,3,15:37
8482671,BUF,92.88,149.4759,0.6533,2026-01-31,MTL,BUF,4,2,2,11:19
8482896,BUF,81.12,130.55,0.2574,2026-03-03,VGK,BUF,2,3,1,05:26
8480879,DET,87.61,140.9946,0.3437,2026-01-16,SJS,DET,2,4,2,12:37
8481013,STL,80.47,129.5039,0.2213,2025-11-24,DET,NJD,3,4,2,14:45
8479772,NJD,99.2,159.6469,0.9951,2025-10-11,NJD,TBL,5,3,3,05:31
8482090,STL,81.17,130.6305,0.2607,2026-04-16,STL,UTA,5,3,1,02:09
8484304,FLA,97.18,156.396,0.8854,2025-12-30,MTL,FLA,3,2,1,15:21
8483553,NYI,86.91,139.8681,0.623,2025-12-11,ANA,NYI,2,5,3,11:08
8475810,PIT,88.38,142.2338,0.7295,2025-10-25,CBJ,PIT,5,4,2,03:49
8481704,NYR,88.77,142.8615,0.7541,2025-10-30,NYR,EDM,4,3,2,12:31
8483733,PHI,82.7,133.0927,0.3443,2025-12-22,VAN,PHI,2,5,3,16:44
8484779,PHI,45.13,72.6297,0.0115,2025-10-20,SEA,PHI,2,5,1,02:40
8482117,BOS,82.06,132.0628,0.3115,2026-03-24,TOR,BOS,4,2,2,08:58
8482146,NSH,80.44,129.4556,0.218,2025-10-28,TBL,NSH,5,2,3,17:51
8476463,MIN,89.24,143.6179,0.4334,2025-11-09,CGY,MIN,0,2,1,12:36
8482470,PIT,97.18,156.396,0.8854,2026-01-12,TOR,COL,4,3,2,13:48
8481754,ANA,84.61,136.1666,0.4836,2025-12-29,SJS,ANA,5,4,1,06:05
8484806,SJS,91.73,147.6251,0.5759,2026-03-15,SJS,OTT,4,7,3,06:56
8477380,NYR,88.61,142.604,0.7426,2025-11-01,NYR,SEA,3,2,1,10:07
8477947,WSH,76.85,123.6781,0.1164,2025-11-01,WSH,BUF,3,4,1,03:54
8480990,WSH,91.18,146.74,0.5387,2025-12-23,NYR,WSH,7,3,1,02:15
8481525,NYR,93.98,151.2461,0.7276,2026-04-05,WSH,NYR,1,8,1,05:01
8482623,BUF,80.09,128.8924,0.2066,2025-11-06,STL,BUF,3,0,1,13:45
8482655,TBL,86.79,139.675,0.3065,2025-11-02,TBL,UTA,4,2,2,17:08
8480245,OTT,74.33,119.6225,0.0869,2025-10-23,PHI,OTT,1,2,1,13:57
8481606,OTT,94.31,151.7772,0.743,2026-01-24,CAR,OTT,4,1,3,06:36
8482095,OTT,103.51,166.5832,1.0,2026-01-31,NJD,OTT,1,4,3,12:37
8476525,WPG,102.47,164.9095,0.9907,2025-11-26,WPG,WSH,3,4,1,17:49
8474037,DET,90.84,146.1928,0.8689,2026-04-07,CBJ,DET,4,3,1,05:57
8484158,TOR,86.84,139.7554,0.6164,2026-04-15,TOR,OTT,1,3,2,04:46
8482126,PHI,88.11,141.7993,0.3653,2026-01-14,PHI,BUF,2,5,2,08:42
8481161,CBJ,90.37,145.4364,0.4923,2025-11-05,CBJ,CGY,1,5,1,17:55
8483531,NJD,89.94,144.7444,0.8295,2025-10-22,MIN,NJD,1,4,3,10:09
8483768,VAN,86.34,138.9508,0.2879,2026-03-28,VAN,CGY,3,7,2,05:16
8483525,MIN,89.24,143.6179,0.7885,2025-12-11,DAL,MIN,2,5,3,06:06
8479619,UTA,88.18,141.912,0.7082,2025-11-17,UTA,ANA,2,3,1,19:17
8480849,UTA,82.84,133.3181,0.3557,2025-11-26,MTL,UTA,4,3,2,05:11
8482103,NSH,75.97,122.2619,0.1066,2025-10-30,NSH,PHI,1,4,3,19:04
8478458,EDM,86.91,139.8681,0.623,2026-03-21,TBL,EDM,5,2,2,00:29
8479442,TOR,84.65,136.231,0.2229,2026-01-17,TOR,WPG,4,3,2,03:15
8481133,FLA,85.08,136.923,0.5164,2026-04-04,FLA,PIT,4,9,1,08:58
8482624,CGY,71.19,114.5692,0.0372,2025-10-14,VGK,CGY,4,2,3,14:35
8475755,DAL,92.74,149.2506,0.6378,2026-01-20,BOS,DAL,2,6,1,01:43
8476422,CAR,93.3,150.1518,0.6811,2025-12-27,DET,CAR,2,5,2,14:05
8476873,CAR,79.91,128.6027,0.1984,2026-04-02,CBJ,CAR,1,5,3,09:18
8485402,SJS,86.28,138.8542,0.5869,2026-04-16,SJS,WPG,6,1,2,17:59
8476856,PIT,91.7,147.5768,0.5697,2025-11-29,TOR,PIT,7,2,2,18:17
8477365,PIT,89.03,143.2799,0.4211,2025-12-20,PIT,MTL,0,4,1,06:14
8480208,OTT,90.61,145.8227,0.8607,2025-10-28,OTT,CHI,3,7,3,08:55
8484145,BUF,80.92,130.2281,0.2492,2025-12-14,BUF,SEA,3,1,2,14:23
8481593,MTL,88.44,142.3304,0.387,2026-04-05,NJD,MTL,3,0,1,15:10
8481560,OTT,81.66,131.419,0.2869,2025-10-16,SEA,OTT,3,4,1,05:15
8481237,NYI,86.08,138.5323,0.5672,2025-12-02,TBL,NYI,1,2,1,18:19
8481546,PHI,93.14,149.8943,0.6625,2025-11-28,PHI,NYI,4,3,2,17:12
8484135,WPG,80.2,129.0694,0.2082,2025-10-30,CHI,WPG,3,6,1,03:28
8482475,PIT,99.03,159.3733,0.9934,2025-11-22,CBJ,DET,3,4,3,05:06
8477454,DAL,81.0,130.3569,0.2525,2025-11-04,EDM,DAL,3,4,1,02:29
8481024,VAN,83.69,134.686,0.4148,2025-11-14,VAN,CAR,3,4,3,14:57
8484136,VAN,84.0,135.1849,0.4426,2026-04-01,VAN,COL,8,6,2,06:12
8479705,ANA,82.79,133.2376,0.3508,2026-01-23,ANA,SEA,4,2,1,09:05
8482726,LAK,86.62,139.4014,0.6049,2026-03-14,LAK,NJD,4,6,1,06:12
8476927,VAN,81.17,130.6305,0.2607,2026-03-30,VAN,VGK,2,4,2,03:33
8477070,UTA,81.62,131.3547,0.2852,2026-04-11,CAR,UTA,4,1,2,17:44
8479576,SJS,83.47,134.3319,0.1796,2026-04-09,SJS,ANA,1,6,2,16:04
8482861,NYR,87.83,141.3487,0.356,2026-01-11,VGK,SJS,7,2,2,01:05
8480871,NYI,88.73,142.7971,0.4025,2026-01-24,BUF,NYI,5,0,2,14:18
8477508,EDM,81.87,131.757,0.3016,2026-04-16,VAN,EDM,1,6,2,01:54
8477401,SEA,79.26,127.5566,0.1836,2025-10-21,SEA,WSH,1,4,1,08:53
8479985,SEA,94.73,152.4532,0.7647,2026-01-06,BOS,SEA,4,7,1,16:32
8480813,MTL,87.96,141.5579,0.6902,2026-03-19,MTL,DET,1,3,2,05:13
8483424,MTL,81.69,131.4673,0.2918,2026-01-07,CGY,MTL,1,4,1,09:11
8475752,MIN,80.7,129.8741,0.2344,2025-12-11,DAL,MIN,2,5,1,06:19
8482516,STL,95.16,153.1452,0.7988,2026-03-08,STL,ANA,4,0,2,03:48
8483565,COL,89.97,144.7927,0.4644,2026-04-14,COL,CGY,3,1,3,08:18
8481556,CGY,86.11,138.5806,0.5721,2025-12-20,VGK,CGY,3,6,1,12:06
8482947,COL,85.04,136.8586,0.5115,2026-03-14,COL,WPG,1,3,1,14:01
8476456,CGY,83.29,134.0423,0.4,2026-01-19,NJD,CGY,2,1,1,18:35
8482125,VGK,89.04,143.296,0.7705,2026-01-22,VGK,BOS,3,4,3,01:36
8482172,CHI,82.96,133.5112,0.3656,2026-04-04,CHI,SEA,4,2,2,02:54
8482178,ANA,91.69,147.5608,0.5666,2026-03-08,STL,ANA,4,0,1,06:15
8480259,MIN,80.67,129.8258,0.2311,2025-11-01,VAN,MIN,2,5,2,08:30
8484800,SEA,83.74,134.7665,0.423,2026-03-07,OTT,SEA,7,4,2,08:57
8484305,BUF,92.02,148.0918,0.5944,2026-03-21,BUF,LAK,4,1,3,02:25
8483471,WPG,73.85,118.8501,0.0836,2026-03-17,NSH,WPG,4,3,2,05:52
8484428,CAR,84.86,136.5689,0.2291,2025-10-20,CAR,VGK,1,4,1,11:53
8478013,EDM,101.97,164.1048,0.9876,2026-04-16,VAN,EDM,1,6,2,06:08
8476425,VAN,80.55,129.6327,0.2279,2025-10-21,VAN,PIT,1,5,3,06:54
8480058,VAN,84.87,136.585,0.2322,2026-01-29,ANA,VAN,0,2,2,10:12
8482496,VAN,60.36,97.14,0.023,2025-10-21,VAN,PIT,1,5,3,06:39
8483570,SEA,89.56,144.1328,0.8115,2026-03-24,SEA,FLA,4,5,1,02:28
8483573,WSH,89.69,144.3421,0.8197,2025-11-26,WPG,WSH,3,4,2,11:08
8470621,TBL,88.23,141.9924,0.7148,2026-01-03,MIN,LAK,4,5,2,10:27
8476474,NJD,80.02,128.7797,0.2016,2025-12-13,ANA,NJD,1,4,1,08:16
8483500,BUF,87.34,140.5601,0.6574,2026-02-25,BUF,NJD,2,1,1,02:24
8482749,MTL,69.76,112.2678,0.0508,2025-11-20,WSH,MTL,8,4,1,04:59
8480828,BOS,71.73,115.4382,0.0557,2025-12-02,BOS,DET,4,5,1,17:45
8483752,TBL,86.09,138.5484,0.5689,2026-01-26,UTA,TBL,0,2,3,15:45
8476897,STL,81.4,131.0006,0.2738,2025-12-22,STL,TBL,1,4,1,18:57
8484241,NSH,80.36,129.3269,0.2115,2026-03-07,NSH,BUF,2,3,3,09:00
8482911,CAR,89.43,143.9236,0.4396,2025-11-14,VAN,CAR,3,4,1,14:44
8477541,TOR,87.75,141.2199,0.3498,2025-11-20,CBJ,TOR,3,2,2,06:37
8479026,TOR,99.3,159.8079,0.9474,2026-04-02,TOR,SJS,1,4,3,00:55
8481569,NYI,84.95,136.7138,0.2384,2025-12-28,NYI,CBJ,2,4,1,03:55
8476878,TBL,91.17,146.7239,0.877,2025-12-27,TBL,FLA,4,2,1,03:23
8480426,TBL,95.95,154.4166,0.8297,2026-03-31,MTL,TBL,4,1,2,09:43
8481655,FLA,81.48,131.1293,0.277,2026-04-13,NYR,FLA,2,3,2,01:48
8475795,WSH,90.49,145.6295,0.4985,2025-12-31,NYR,WSH,3,6,2,05:40
8479980,NSH,95.07,153.0003,0.7926,2025-12-04,NSH,FLA,2,1,2,19:11
8484203,CAR,83.15,133.817,0.3852,2026-04-13,CAR,PHI,2,3,4,04:54
8482072,COL,78.81,126.8324,0.1207,2025-11-04,TBL,COL,2,3,2,02:01
8480840,DAL,72.86,117.2568,0.0689,2026-03-21,DAL,MIN,1,2,1,01:43
8482747,CGY,81.34,130.904,0.2721,2025-12-21,NYR,NSH,1,2,2,01:46
8483503,PIT,91.74,147.6412,0.5789,2025-11-01,PIT,WPG,2,5,1,10:32
8480891,BUF,94.57,152.1957,0.7585,2026-03-05,BUF,PIT,5,1,3,04:28
8478424,ANA,87.78,141.2682,0.6754,2026-02-01,VGK,ANA,3,4,1,11:17
8479393,FLA,84.3,135.6677,0.4639,2025-11-20,NJD,FLA,0,1,1,03:12
8481219,BOS,97.15,156.3478,0.8824,2026-03-12,SJS,BOS,4,2,1,11:41
8481562,CAR,71.63,115.2773,0.0495,2025-10-28,VGK,CAR,6,3,2,02:44
8478476,DAL,92.5,148.8643,0.6192,2025-12-11,DAL,MIN,2,5,2,01:47
8477996,NJD,77.45,124.6437,0.1361,2025-10-28,NJD,COL,4,8,2,04:10
8483429,NJD,69.78,112.3,0.0341,2025-10-28,NJD,COL,4,8,1,02:20
8484240,VAN,86.83,139.7393,0.3096,2026-03-26,LAK,VAN,4,0,2,08:23
8478104,MTL,76.94,123.8229,0.1197,2026-01-07,CGY,MTL,1,4,3,03:20
8478413,BUF,81.81,131.6604,0.3,2025-12-14,BUF,SEA,3,1,2,12:57
8476907,VAN,73.09,117.627,0.0738,2025-11-03,VAN,NSH,5,4,1,15:22
8484164,STL,89.81,144.5352,0.8279,2025-10-30,VAN,STL,4,3,1,19:57
8480825,SJS,56.53,90.9762,0.0197,2025-11-01,COL,SJS,2,3,3,05:23
8479421,LAK,71.89,115.6957,0.0588,2025-11-24,OTT,LAK,1,2,2,06:48
8484221,NYI,80.92,130.2281,0.2492,2025-12-02,TBL,NYI,1,2,1,16:37
8482953,COL,71.47,115.0198,0.0607,2026-01-23,PHI,COL,7,3,3,19:17
8482765,WPG,84.34,135.7321,0.4689,2026-03-24,VGK,WPG,1,4,1,10:15
8481848,PHI,78.74,126.7197,0.1689,2025-11-01,TOR,PHI,5,2,3,10:34
8479395,NJD,88.2,141.9441,0.3746,2026-04-09,PIT,NJD,5,2,3,14:03
8481554,SEA,87.3,140.4957,0.6541,2025-12-14,BUF,SEA,3,1,1,03:02
8482206,SJS,85.04,136.8586,0.5115,2025-11-02,DET,SJS,3,2,2,01:42
8484197,CHI,86.35,138.9669,0.5902,2026-01-07,STL,CHI,3,7,2,07:41
8483039,COL,67.83,109.1618,0.0393,2025-11-23,COL,CHI,1,0,2,18:18
8476392,WPG,86.1,138.5645,0.5705,2026-03-28,WPG,COL,4,2,1,15:05
8476872,LAK,89.09,143.3765,0.7754,2026-01-10,VAN,TOR,0,5,2,07:57
8478062,CBJ,74.09,119.2363,0.0774,2025-11-05,CBJ,CGY,1,5,3,05:02
8482165,CGY,100.17,161.208,0.9659,2026-04-09,CGY,COL,1,3,2,15:31
8477435,PIT,91.61,147.432,0.5604,2025-11-09,LAK,PIT,3,2,3,10:19
8478046,CBJ,84.12,135.378,0.4475,2025-12-18,PIT,OTT,0,4,1,08:10
8479533,PIT,77.24,124.3057,0.1311,2025-11-21,MIN,PIT,5,0,3,02:59
8482094,MIN,88.81,142.9258,0.4087,2025-11-11,SJS,MIN,2,1,1,06:30
8482877,NYR,80.66,129.8097,0.2295,2026-04-11,NYR,DAL,0,2,2,02:19
8475692,MIN,88.58,142.5557,0.741,2026-03-19,CHI,MIN,2,1,1,03:56
8475763,PIT,81.67,131.4351,0.2902,2025-12-09,ANA,PIT,4,3,3,07:54
8478841,NJD,81.14,130.5822,0.1455,2025-12-13,ANA,NJD,1,4,3,19:24
8479336,PHI,80.03,128.7958,0.2033,2025-12-13,CAR,PHI,4,3,3,12:49
8482634,BOS,84.41,135.8447,0.4738,2026-01-11,PIT,BOS,0,1,2,17:30
8482858,SEA,88.71,142.7649,0.3994,2026-03-31,SEA,EDM,0,3,2,10:54
8483432,CBJ,75.78,121.9561,0.1033,2025-12-07,CBJ,WSH,0,2,1,06:14
8484160,DET,81.94,131.8696,0.3033,2025-12-23,DAL,DET,3,4,1,16:07
8478173,OTT,82.73,133.141,0.3459,2025-11-26,OTT,VGK,4,3,2,12:55
8480084,UTA,88.45,142.3465,0.3901,2026-01-17,SEA,UTA,3,6,2,18:43
8482149,WPG,83.78,134.8308,0.4246,2026-04-16,SJS,WPG,6,1,3,01:33
8484210,NYR,77.78,125.1748,0.141,2026-03-27,CHI,NYR,1,6,1,14:42
8477406,EDM,68.33,109.9665,0.041,2026-01-22,PIT,EDM,6,2,3,16:38
8477149,TBL,83.73,134.7504,0.4197,2026-04-15,NYR,TBL,4,2,3,04:21
8479383,TBL,0.0,0.0,0.0,2025-11-12,NYR,TBL,7,3,3,0
8476458,CGY,80.67,129.8258,0.2311,2025-11-19,BOS,ANA,3,4,3,12:28
8482209,CGY,73.1,117.643,0.0754,2025-11-13,SJS,CGY,0,2,1,19:11
8483890,VGK,79.17,127.4118,0.1803,2025-11-29,SJS,VGK,3,4,1,07:57
8480049,WPG,90.1,145.0019,0.4768,2025-12-03,WPG,MTL,2,3,2,07:56
8481715,STL,71.7,115.39,0.0526,2025-11-14,PHI,STL,6,5,2,13:21
8481592,TBL,73.55,118.3673,0.0803,2026-04-15,NYR,TBL,4,2,3,11:37
8483728,MTL,80.75,129.9545,0.2377,2025-12-09,TBL,MTL,6,1,3,16:10
8481594,NJD,NaN,NaN,NaN,NaN,NaN,NaN,NaN,NaN,NaN,NaN
8482941,NJD,NaN,NaN,NaN,NaN,NaN,NaN,NaN,NaN,NaN,NaN
8475786,EDM,78.81,126.8324,0.1721,2025-11-29,EDM,SEA,4,0,1,14:01
8482859,SJS,82.22,132.3203,0.3148,2025-12-09,SJS,PHI,1,4,1,06:11
8482666,NYR,91.06,146.5469,0.5325,2025-12-27,NYR,NYI,0,2,3,16:05
8479362,BOS,79.75,128.3452,0.1967,2025-11-17,CAR,BOS,3,1,1,02:07
8481712,BOS,75.0,120.7008,0.0951,2025-11-21,BOS,LAK,2,1,3,11:58
8480144,WSH,80.4,129.3913,0.2164,2025-12-08,DET,VAN,4,0,2,19:47
8484901,TOR,82.4,132.6099,0.3213,2025-11-20,CBJ,TOR,3,2,2,17:06
8477463,TBL,88.26,142.0407,0.3777,2025-11-29,TBL,NYR,4,1,2,02:29
8483398,TBL,85.84,138.1461,0.2693,2026-02-01,BOS,TBL,5,6,3,05:35
8473994,DAL,90.18,145.1306,0.841,2026-02-25,SEA,DAL,1,4,2,01:58
8481609,BOS,85.99,138.3875,0.2786,2025-11-20,DAL,VAN,4,2,2,08:24
8484821,CGY,74.39,119.7191,0.0902,2025-11-18,CGY,CHI,2,5,1,05:38
8477426,TBL,82.93,133.4629,0.3623,2026-04-09,TBL,MTL,1,2,1,12:46
8483433,FLA,72.61,116.8545,0.0656,2025-11-20,NJD,FLA,0,1,2,08:04
8484168,SEA,75.83,122.0366,0.1049,2026-03-28,SEA,BUF,2,3,1,11:25
8483676,OTT,81.76,131.58,0.2951,2025-11-22,OTT,SJS,3,2,1,05:30
8481591,PIT,78.69,126.6393,0.1639,2025-11-21,MIN,PIT,5,0,3,02:24
8476867,CBJ,82.99,133.5595,0.3705,2026-01-17,CBJ,PIT,4,3,3,13:13
8484403,MTL,78.36,126.1082,0.1541,2025-11-22,TOR,MTL,2,5,2,05:27
8484529,EDM,82.84,133.3181,0.3557,2025-12-04,SEA,EDM,4,9,1,02:58
8484255,COL,65.03,104.6556,0.0311,2026-04-16,SEA,COL,0,2,3,16:38
8481477,MIN,83.87,134.9757,0.4311,2025-12-13,OTT,MIN,2,3,2,03:43
8482132,NYR,75.49,121.4894,0.0984,2025-11-29,TBL,NYR,4,1,3,04:08
8476979,DET,82.5,132.7709,0.1703,2026-01-31,COL,DET,5,0,3,16:25
8482698,PIT,69.81,112.3483,0.0525,2025-11-26,BUF,PIT,2,4,2,06:45
8483510,WPG,89.24,143.6179,0.4334,2026-03-17,NSH,WPG,4,3,3,18:25
8482785,CAR,58.24,93.7282,0.0213,2025-11-28,WPG,CAR,1,5,2,19:00
8474090,CBJ,84.46,135.9252,0.2167,2025-11-28,PIT,CBJ,4,3,2,12:58
8484214,CBJ,80.8,130.035,0.241,2025-11-26,TOR,CBJ,2,1,4,01:13
8483930,COL,79.16,127.3957,0.1787,2025-11-26,SJS,COL,0,6,3,02:21
8483686,MTL,86.78,139.6589,0.3034,2025-12-13,MTL,NYR,4,5,2,08:21
8483567,BOS,65.96,106.1523,0.0344,2025-11-28,NYR,BOS,6,2,1,08:13
8484262,NYI,81.83,131.6926,0.1486,2025-12-11,ANA,NYI,2,5,2,12:29
8483513,NSH,84.45,135.9091,0.4754,2026-03-26,NJD,NSH,4,2,2,11:09
8479291,UTA,68.66,110.4976,0.0426,2025-11-28,UTA,DAL,3,4,1,12:17
8478211,CGY,46.26,74.4483,0.0131,2025-12-02,CGY,NSH,1,5,2,07:11
8478147,PIT,74.97,120.6525,0.0934,2025-12-01,PIT,PHI,5,1,2,14:40
8483487,PIT,86.18,138.6933,0.577,2025-12-11,MTL,PIT,4,2,2,18:30
8483630,SJS,81.96,131.9018,0.3049,2026-01-16,SJS,DET,2,4,2,01:05
8480021,FLA,78.72,126.6876,0.1672,2025-12-07,NYI,FLA,1,4,2,17:52
8483472,UTA,88.52,142.4591,0.3932,2025-12-06,UTA,CGY,0,2,2,13:35
8484388,UTA,88.23,141.9924,0.7148,2026-01-09,STL,UTA,2,4,3,09:07
8481599,BOS,82.31,132.4651,0.1641,2025-12-04,STL,BOS,2,5,1,13:02
8483463,STL,77.85,125.2874,0.1443,2025-12-09,BOS,STL,5,2,3,19:28
8478502,OTT,89.18,143.5213,0.4272,2026-03-15,SJS,OTT,4,7,1,10:18
8481065,NJD,73.42,118.158,0.0787,2025-12-11,TBL,NJD,8,4,1,12:01
8479644,STL,84.86,136.5689,0.5049,2025-12-12,CHI,STL,2,3,1,11:48
8481535,VAN,93.61,150.6507,0.941,2026-03-21,STL,VAN,3,1,3,05:56
8482804,PHI,71.32,114.7784,0.0402,2025-12-09,SJS,PHI,1,4,1,02:34
8484150,CGY,83.86,134.9596,0.1889,2026-03-18,STL,CGY,1,2,4,04:21
8481567,TOR,78.26,125.9473,0.1146,2025-12-13,EDM,TOR,6,3,3,07:24
8483841,NJD,71.26,114.6819,0.059,2025-12-14,VAN,NJD,2,1,3,09:54
8477952,MIN,85.37,137.3897,0.5344,2025-12-29,BUF,STL,4,2,2,07:20
8481070,STL,78.36,126.1082,0.1541,2025-12-15,NSH,STL,5,2,2,14:51
8482479,BUF,64.61,103.9797,0.0295,2025-12-11,BUF,VAN,3,2,1,06:10
8477979,MIN,80.84,130.0994,0.2443,2026-04-13,MIN,STL,3,6,3,08:04
8482641,MIN,73.67,118.5604,0.0712,2025-12-16,WSH,MIN,0,5,1,09:56
8482167,WSH,77.06,124.016,0.1262,2025-12-18,TOR,WSH,0,4,1,08:27
8476952,CHI,72.89,117.3051,0.0705,2025-12-18,CHI,MTL,1,4,1,13:09
8484185,CHI,87.09,140.1578,0.6377,2026-04-04,CHI,SEA,4,2,2,00:14
8479368,EDM,86.74,139.5945,0.6098,2025-12-20,EDM,MIN,2,5,3,19:28
8482874,SEA,78.66,126.591,0.1607,2026-04-09,VGK,SEA,3,4,2,13:42
8477499,PHI,93.25,150.0713,0.678,2026-01-06,ANA,PHI,2,5,2,04:26
8481077,DET,83.6,134.5412,0.4098,2025-12-16,NYI,DET,2,3,2,08:49
8481030,PIT,87.33,140.544,0.3282,2026-01-04,PIT,CBJ,5,4,1,12:10
8485511,EDM,65.77,105.8466,0.0328,2025-12-20,EDM,MIN,2,5,2,11:40
8484994,SJS,81.13,130.5661,0.259,2026-04-11,VAN,SJS,4,3,3,00:26
8484230,STL,81.21,130.6948,0.2639,2026-01-18,STL,EDM,0,5,1,12:04
8479388,EDM,73.02,117.5143,0.0681,2025-12-18,EDM,BOS,3,1,3,13:33
8482781,MIN,78.67,126.6071,0.1176,2025-12-18,MIN,CBJ,5,2,1,19:32
8477021,UTA,76.82,123.6298,0.1148,2026-04-09,NSH,UTA,1,4,2,10:36
8484142,PHI,79.4,127.7819,0.1869,2026-01-19,PHI,VGK,2,1,2,15:41
8483491,WSH,93.76,150.8921,0.9459,2026-03-26,WSH,UTA,7,4,1,02:07
8482673,OTT,62.86,101.1634,0.0262,2025-12-27,OTT,TOR,5,7,1,07:21
8482168,TBL,76.56,123.2114,0.0898,2025-12-28,MTL,TBL,4,5,3,07:06
8477034,VGK,67.49,108.6146,0.0186,2026-01-19,PHI,VGK,2,1,1,02:12
8475413,NYR,32.88,52.9152,0.0049,2026-01-02,NYR,FLA,5,1,1,06:01
8476988,TOR,72.23,116.2429,0.065,2026-01-03,TOR,NYI,3,4,3,13:52
8484287,NYI,68.67,110.5137,0.0248,2026-01-08,NYI,NSH,1,2,2,11:45
8477320,NYR,76.93,123.8068,0.118,2026-01-05,UTA,NYR,3,2,1,07:57
8481517,WSH,68.76,110.6585,0.0459,2026-01-11,WSH,NSH,2,3,2,10:06
8482766,CGY,62.0,99.7793,0.0246,2026-01-10,CGY,PIT,2,1,3,06:17
8481732,LAK,82.44,132.6743,0.3246,2026-01-16,ANA,LAK,3,2,2,17:41
8483406,LAK,93.28,150.1196,0.9311,2026-02-04,SEA,LAK,4,2,2,14:31
8485512,ANA,81.49,131.1454,0.2787,2026-02-01,VGK,ANA,3,4,1,03:36
8483526,WPG,85.59,137.7438,0.5459,2026-03-28,WPG,COL,4,2,1,12:41
8479639,VGK,93.41,150.3288,0.6966,2026-01-08,CBJ,VGK,3,5,3,05:14
8482451,CBJ,84.18,135.4746,0.4525,2026-01-11,CBJ,UTA,3,2,2,11:55
8483466,CHI,86.0,138.4036,0.2817,2026-04-15,SJS,CHI,2,5,3,05:50
8476391,COL,27.42,44.1282,0.0033,2026-01-10,CBJ,COL,0,4,2,02:56
8483771,FLA,77.38,124.531,0.1344,2026-02-27,BUF,FLA,3,2,2,15:23
8480192,NJD,88.84,142.9741,0.4149,2026-04-02,WSH,NJD,3,7,2,00:20
8483766,MIN,NaN,NaN,NaN,NaN,NaN,NaN,NaN,NaN,NaN,NaN
8479550,VGK,76.96,123.8551,0.1213,2026-01-23,VGK,TOR,6,3,2,02:40
8481600,FLA,78.13,125.738,0.1084,2026-04-15,DET,FLA,1,8,3,17:20
8484797,BUF,83.35,134.1388,0.4033,2026-01-20,BUF,NSH,5,3,3,14:03
8479718,COL,68.68,110.5297,0.0443,2026-04-16,SEA,COL,0,2,2,09:02
8479314,FLA,79.23,127.5083,0.182,2026-01-22,FLA,WPG,2,1,3,16:15
8478967,PHI,80.86,130.1316,0.2459,2026-01-21,PHI,UTA,4,5,2,18:12
8482192,WPG,89.9,144.68,0.4613,2026-03-05,TBL,WPG,1,4,3,07:09
8484177,NJD,87.08,140.1417,0.6361,2026-03-26,NJD,NSH,4,2,1,09:14
8481028,CGY,84.73,136.3597,0.4885,2026-01-23,WSH,CGY,3,1,1,12:02
8480007,VGK,80.5,129.5522,0.223,2026-01-23,VGK,TOR,6,3,2,18:44
8483448,NYI,76.66,123.3723,0.0929,2026-04-14,CAR,NYI,2,1,1,14:59
8481547,TBL,66.39,106.8443,0.0124,2026-01-24,TBL,CBJ,5,8,3,14:19
8483756,LAK,88.82,142.9419,0.7557,2026-03-21,BUF,LAK,4,1,2,10:21
8484509,EDM,74.67,120.1697,0.0918,2026-04-08,EDM,SJS,5,2,3,06:41
8477971,NSH,75.3,121.1836,0.0836,2026-01-31,NSH,NYI,4,3,1,04:10
8479387,COL,77.77,125.1587,0.1053,2026-01-29,COL,MTL,3,7,1,04:51
8483505,BOS,77.11,124.0965,0.1279,2026-02-01,BOS,TBL,5,6,1,18:21
8483546,TOR,76.77,123.5493,0.0991,2026-01-31,TOR,VAN,3,2,2,09:26
8485251,VGK,76.96,123.8551,0.1213,2026-02-05,LAK,VGK,1,4,3,11:58
8482993,PIT,82.48,132.7387,0.3262,2026-03-12,PIT,VGK,2,6,2,07:37
8484933,FLA,76.18,122.5998,0.0867,2026-04-02,BOS,FLA,1,2,3,03:05
8484938,DAL,86.82,139.7232,0.6131,2026-03-28,DAL,PIT,6,3,3,17:14
8481572,WPG,78.15,125.7702,0.1115,2026-03-05,TBL,WPG,1,4,3,13:55
8482153,NYR,12.28,19.7627,0.0016,2026-02-26,PHI,NYR,3,2,1,07:40
8482742,NSH,83.07,133.6882,0.377,2026-03-29,NSH,TBL,2,3,2,15:24
8479942,DET,74.38,119.703,0.0885,2026-04-04,DET,NYR,1,4,2,08:01
8482652,WPG,72.84,117.2246,0.0672,2026-03-05,TBL,WPG,1,4,2,11:45
8483675,LAK,85.11,136.9713,0.5213,2026-03-02,COL,LAK,4,2,3,16:53
8483699,LAK,63.2,101.7105,0.0062,2026-03-02,COL,LAK,4,2,1,02:00
8481534,VGK,73.15,117.7235,0.077,2026-03-03,VGK,BUF,2,3,2,02:23
8477931,FLA,75.27,121.1353,0.0967,2026-03-28,FLA,NYI,2,5,1,14:28
8482715,NSH,88.0,141.6223,0.3622,2026-03-05,BOS,NSH,3,6,1,12:50
8483731,PHI,86.62,139.4014,0.6049,2026-03-14,CBJ,PHI,2,1,1,00:39
8475718,STL,71.59,115.2129,0.0464,2026-03-13,EDM,STL,2,3,2,16:34
8480870,TOR,83.0,133.5756,0.3721,2026-03-12,ANA,TOR,4,6,3,08:35
8484188,STL,85.56,137.6955,0.2539,2026-04-11,STL,CHI,5,3,1,17:48
8479543,TOR,78.54,126.3979,0.1574,2026-04-11,FLA,TOR,6,2,1,15:08
8480326,DET,72.04,115.9371,0.0639,2026-03-12,DET,TBL,1,4,2,08:23
8482107,FLA,90.41,145.5008,0.4954,2026-04-04,FLA,PIT,4,9,2,11:36
8481518,FLA,73.64,118.5121,0.082,2026-04-05,FLA,PIT,2,5,1,07:16
8484873,WSH,87.77,141.2521,0.3529,2026-03-28,WSH,VGK,5,4,3,14:20
8482067,NYR,87.03,140.0612,0.3189,2026-03-23,OTT,NYR,2,1,3,02:44
8475253,PHI,73.05,117.5626,0.0721,2026-03-19,PHI,LAK,4,3,2,09:48
8482162,EDM,66.7,107.3432,0.0361,2026-03-21,TBL,EDM,5,2,3,06:08
8486056,CGY,70.32,113.1691,0.0557,2026-03-28,VAN,CGY,3,7,2,17:54
8481575,OTT,93.32,150.184,0.6873,2026-04-02,BUF,OTT,1,4,3,03:54
8483435,OTT,69.73,112.2196,0.031,2026-03-24,OTT,DET,3,2,2,05:40
8484759,OTT,91.28,146.9009,0.5449,2026-03-26,PIT,OTT,4,3,3,04:32
8485391,CHI,93.56,150.5702,0.9393,2026-04-02,CHI,EDM,1,3,2,05:52
8481186,COL,87.92,141.4935,0.6869,2026-03-26,COL,WPG,3,2,1,15:48
8483669,NYR,74.2,119.4133,0.0852,2026-04-13,NYR,FLA,2,3,2,13:16
8484793,CHI,80.28,129.1981,0.2098,2026-04-02,CHI,EDM,1,3,1,17:29
8484169,NYR,76.75,123.5172,0.096,2026-04-08,BUF,NYR,5,3,2,08:13
8482802,DET,76.34,122.8573,0.1098,2026-04-11,NJD,DET,5,3,3,17:10
8478888,DAL,49.39,79.4855,0.0148,2026-04-09,MIN,DAL,4,5,2,16:16
8485406,PHI,86.48,139.1761,0.5984,2026-04-05,BOS,PHI,1,2,3,15:38
8483444,ANA,81.32,130.8719,0.2705,2026-04-01,ANA,SJS,3,4,3,08:13
8480075,OTT,84.15,135.4263,0.1981,2026-04-07,TBL,OTT,2,6,2,09:36
8484406,VAN,71.1,114.4244,0.0574,2026-04-16,VAN,EDM,1,6,2,13:42
8483397,NJD,82.57,132.8835,0.3361,2026-04-07,PHI,NJD,5,1,3,18:44
8482731,ANA,85.57,137.7116,0.257,2026-04-04,CGY,ANA,5,3,3,14:09
8482663,TBL,77.62,124.9173,0.1377,2026-04-07,TBL,OTT,2,6,1,06:20
8484234,CGY,83.94,135.0883,0.4377,2026-04-09,CGY,COL,1,3,3,16:07
8484999,WSH,78.69,126.6393,0.1639,2026-04-14,WSH,CBJ,2,1,1,10:33
8483687,FLA,84.24,135.5711,0.2012,2026-04-11,FLA,TOR,6,2,1,09:58
8483712,FLA,82.39,132.5939,0.1672,2026-04-09,FLA,OTT,1,5,2,14:02
8485467,TOR,77.78,125.1748,0.141,2026-04-09,TOR,NYI,3,5,3,06:16
8480291,CAR,78.3,126.0116,0.1525,2026-04-09,CAR,CHI,7,2,3,13:43
8481004,CAR,82.98,133.5434,0.3689,2026-04-11,CAR,UTA,4,1,3,01:28
8477851,NSH,72.05,115.9532,0.0619,2026-04-09,NSH,UTA,1,4,3,14:43
8482174,TOR,77.0,123.9195,0.1022,2026-04-13,DAL,TOR,6,5,3,08:41
8484380,FLA,76.12,122.5033,0.1082,2026-04-15,DET,FLA,1,8,3,17:43
8483709,CGY,69.66,112.1069,0.0279,2026-04-11,CGY,SEA,1,4,3,14:18
8484220,MTL,81.99,131.9501,0.1517,2026-04-14,MTL,PHI,2,4,2,07:54
8485395,BOS,77.67,124.9977,0.1393,2026-04-12,BOS,CBJ,3,2,3,08:19
8482873,NJD,73.82,118.8018,0.0743,2026-04-14,NJD,BOS,0,4,3,09:03
8483467,VAN,74.15,119.3329,0.0805,2026-04-12,VAN,ANA,4,3,2,08:05
8482525,TOR,40.49,65.1623,0.0066,2026-04-15,TOR,OTT,1,3,3,08:48
8486166,MIN,56.95,91.6521,0.0031,2026-04-14,ANA,MIN,2,3,3,04:51
8484152,SJS,80.38,129.3591,0.1393,2026-04-16,SJS,WPG,6,1,3,09:16
8484242,WPG,80.53,129.6005,0.2262,2026-04-16,SJS,WPG,6,1,2,18:44
8480853,NYI,77.91,125.384,0.1459,2026-04-14,CAR,NYI,2,1,1,02:16
8482187,CAR,66.18,106.5064,0.0093,2026-04-14,CAR,NYI,2,1,1,01:39
8484392,CAR,51.01,82.0926,0.0164,2026-04-14,CAR,NYI,2,1,1,14:22
8485388,NYI,63.17,101.6623,0.0279,2026-04-14,CAR,NYI,2,1,3,03:05
8478409,PHI,NaN,NaN,NaN,NaN,NaN,NaN,NaN,NaN,NaN,NaN
8483760,PHI,82.2,132.2881,0.1579,2026-04-14,MTL,PHI,2,4,3,01:57
8484148,PHI,80.03,128.7958,0.1362,2026-04-14,MTL,PHI,2,4,1,14:42
8481093,PIT,75.72,121.8595,0.1,2026-04-14,PIT,STL,5,7,3,03:11
8486169,PIT,67.15,108.0674,0.0155,2026-04-14,PIT,STL,5,7,2,12:29
8475857,NSH,71.4,114.9072,0.0433,2026-04-16,ANA,NSH,5,4,2,05:05
8483482,ANA,67.49,108.6146,0.0186,2026-04-16,ANA,NSH,5,4,1,01:44
8483696,NSH,54.96,88.4495,0.018,2026-04-16,ANA,NSH,5,4,1,04:09
