skater_id,behind_net_sog,behind_net_goals,beyond_red_line_sog,beyond_red_line_goals,center_point_sog,center_point_goals,crease_sog,crease_goals,high_slot_sog,high_slot_goals,l_circle_sog,l_circle_goals,l_corner_sog,l_corner_goals,l_net_side_sog,l_net_side_goals,l_point_sog,l_point_goals,low_slot_sog,low_slot_goals,o_neutral_zone_sog,o_neutral_zone_goals,outside_l_sog,outside_l_goals,outside_r_sog,outside_r_goals,r_circle_sog,r_circle_goals,r_corner_sog,r_corner_goals,r_net_side_sog,r_net_side_goals,r_point_sog,r_point_goals
8473419,0,0,4,2,5,0,6,3,17,5,17,1,0,0,1,0,8,0,45,13,4,1,9,1,3,0,14,1,0,0,1,0,4,0
8473422,0,0,4,0,0,0,5,1,4,1,4,0,0,0,3,0,0,0,16,2,2,0,4,0,1,0,2,0,0,0,4,0,0,0
8473507,0,0,1,0,10,0,0,0,1,0,0,0,0,0,0,0,0,0,3,0,2,0,1,0,12,0,2,0,1,0,1,0,20,0
8475179,0,0,0,0,1,0,0,0,2,0,0,0,0,0,0,0,5,0,0,0,0,0,3,0,0,0,2,0,0,0,1,0,1,0
8476473,0,0,6,0,10,0,0,0,6,2,1,0,0,0,0,0,4,0,3,1,2,0,1,0,8,1,5,0,0,0,2,0,22,1
8476882,1,0,2,0,3,0,4,1,7,2,13,1,0,0,4,1,7,0,15,8,4,0,6,0,7,0,11,1,1,0,0,0,4,0
8476891,0,0,4,0,10,0,0,0,0,0,3,0,0,0,0,0,30,0,1,0,0,0,14,0,3,0,3,0,0,0,0,0,0,0
8477409,1,0,2,0,9,1,7,1,19,2,38,6,1,1,3,0,10,0,55,10,1,0,17,2,7,0,13,0,1,1,2,1,1,0
8477444,0,0,1,1,4,0,4,1,18,3,9,1,0,0,0,0,1,0,25,5,1,0,4,0,3,0,15,0,0,0,2,0,0,0
8477450,1,0,5,0,2,0,1,0,11,4,10,0,0,0,1,0,4,0,18,2,1,0,6,0,3,1,6,0,0,0,1,0,3,0
8477479,0,0,6,0,2,0,22,9,11,0,16,2,0,0,1,0,6,0,70,20,7,0,7,0,5,0,8,0,0,0,2,1,1,0
8477495,1,0,4,0,27,1,0,0,8,1,3,0,0,0,0,0,2,0,7,3,0,0,2,0,5,0,7,0,0,0,0,0,22,2
8477932,0,0,3,0,13,0,1,0,6,0,6,1,0,0,2,0,3,0,7,0,1,0,2,1,16,0,7,2,0,0,0,0,30,0
8477933,2,0,1,1,4,1,5,1,26,5,12,0,0,0,7,3,1,0,64,13,8,1,1,0,10,1,14,2,0,0,6,1,5,0
8477935,1,0,4,0,6,0,11,3,27,0,32,6,1,0,8,1,9,0,59,13,8,0,12,1,2,0,12,2,0,0,7,0,2,0
8477987,0,0,4,0,1,0,10,2,9,2,13,4,0,0,3,0,4,0,32,6,5,0,6,0,7,0,17,0,0,0,6,1,5,0
8478043,0,0,0,0,0,0,0,0,0,0,0,0,0,0,0,0,0,0,5,1,1,0,0,0,0,0,2,0,0,0,0,0,1,0
8478055,0,0,0,0,25,0,0,0,6,1,21,1,0,0,0,0,42,0,1,0,1,0,10,0,0,0,1,0,0,0,0,0,5,0
8478421,3,1,1,0,1,0,5,1,9,2,10,0,0,0,2,0,4,0,40,6,1,1,4,1,1,1,18,3,0,0,4,1,1,0
8478542,1,0,6,0,3,0,3,0,11,2,14,1,0,0,5,1,3,0,38,7,2,0,16,0,27,0,19,0,0,0,2,0,10,0
8478859,0,0,3,0,5,1,0,0,6,0,4,1,0,0,2,0,16,1,6,0,0,0,21,0,3,0,2,0,0,0,0,0,0,0
8479316,1,0,1,0,2,0,6,0,4,1,7,1,0,0,0,0,1,0,12,2,0,0,0,0,3,0,4,0,0,0,2,0,6,0
8479981,0,0,0,0,0,0,0,0,2,0,1,0,0,0,0,0,0,0,1,0,0,0,1,0,1,0,2,0,0,0,0,0,0,0
8480003,1,0,2,0,4,1,1,0,6,0,2,0,0,0,6,0,2,0,17,3,3,0,6,0,5,0,5,0,0,0,3,0,1,0
8480185,3,0,6,1,3,0,5,0,11,1,10,0,0,0,1,0,1,0,46,7,0,0,8,0,0,0,6,0,0,0,5,1,2,1
8481624,1,0,2,0,7,0,5,3,12,2,21,2,0,0,2,0,8,0,41,8,2,0,9,2,2,0,5,1,1,0,1,0,4,0
8482113,2,0,1,1,6,0,6,3,8,1,13,2,1,0,6,0,6,0,41,8,3,0,9,0,6,1,16,2,0,0,7,0,7,0
8482176,0,0,7,0,9,0,3,0,12,4,12,0,0,0,1,0,12,1,4,1,2,0,8,0,1,0,0,0,0,0,0,0,4,0
8482703,0,0,1,0,1,0,2,0,6,0,6,0,0,0,4,1,10,0,15,2,0,0,2,0,3,0,7,2,0,0,1,0,0,0
8482807,0,0,0,0,1,0,0,0,1,0,4,0,0,0,0,0,3,0,1,0,0,0,2,0,1,0,1,0,0,0,1,0,3,0
8483450,1,0,3,0,4,0,3,0,11,1,14,1,0,0,3,0,3,0,47,8,1,0,3,1,2,0,12,1,0,0,2,0,0,0
8483493,2,0,0,0,5,0,3,2,17,3,12,1,0,0,0,0,2,0,50,8,4,0,6,1,10,0,19,0,0,0,3,0,5,0
8483506,0,0,1,0,15,0,0,0,10,1,3,0,0,0,0,0,2,0,2,0,0,0,1,0,13,1,6,1,0,0,2,1,28,0
8484144,1,0,4,2,9,1,8,4,34,2,19,3,0,0,4,1,7,1,46,9,3,0,10,1,16,1,49,5,1,0,11,0,4,0
8484783,0,0,2,0,13,0,2,0,11,1,2,0,0,0,1,0,0,0,5,1,0,0,0,0,10,0,11,0,0,0,1,0,26,0
8471215,4,2,0,0,6,0,10,2,17,1,15,1,1,0,3,0,4,0,45,8,3,1,5,1,5,2,24,1,0,0,2,0,4,0
8471675,6,1,6,1,1,0,9,3,13,4,11,2,1,0,7,0,5,1,53,13,3,0,8,1,10,1,17,0,0,0,9,2,1,0
8471724,0,0,10,0,14,1,0,0,5,1,4,0,0,0,0,0,4,0,8,1,3,0,3,0,18,0,11,0,0,0,0,0,24,0
8474578,1,0,10,1,42,2,0,0,12,2,12,0,0,0,0,0,11,1,14,0,1,0,3,0,21,2,20,4,0,0,1,0,28,3
8475842,0,0,9,1,0,0,5,1,6,0,2,1,0,0,2,0,2,0,20,3,6,0,0,0,10,1,8,2,0,0,1,0,4,0
8476389,1,0,2,0,4,0,1,0,23,4,4,1,1,0,8,0,1,0,42,8,0,0,2,0,6,1,8,1,2,0,3,1,6,0
8476459,1,1,9,1,21,1,4,2,21,4,24,5,0,0,12,3,8,1,49,12,6,0,13,2,10,1,20,0,0,0,7,1,10,0
8476468,0,0,4,0,5,0,18,6,15,2,12,0,1,0,3,0,5,0,55,6,4,0,4,0,3,0,11,2,1,0,1,0,2,1
8476483,1,0,2,0,2,0,18,4,20,4,12,3,0,0,6,0,1,0,72,12,1,0,7,0,5,0,13,0,0,0,5,1,1,0
8477369,0,0,3,0,7,0,1,1,3,0,10,3,0,0,0,0,21,0,5,0,3,0,6,1,1,0,1,0,0,0,0,0,1,0
8477511,1,0,1,1,2,1,7,3,14,1,20,3,0,0,6,0,7,0,58,21,1,0,6,1,1,0,16,1,0,0,7,1,5,0
8477839,0,0,3,0,2,0,1,0,10,2,10,0,0,0,1,0,2,0,25,5,1,0,3,0,5,0,13,0,0,0,2,0,3,0
8478438,2,1,0,0,4,1,7,2,18,4,16,1,0,0,2,0,3,0,43,6,1,0,6,0,6,0,18,1,0,0,4,0,0,0
8478450,0,0,7,0,12,2,0,0,2,0,13,1,0,0,0,0,21,0,1,0,3,0,8,0,0,0,1,0,0,0,0,0,2,0
8478452,0,0,0,0,4,0,0,0,0,0,0,0,0,0,0,0,0,0,0,0,0,0,1,0,0,0,0,0,0,0,0,0,0,0
8478550,1,1,1,0,23,2,1,0,33,6,43,4,0,0,6,0,21,2,30,6,1,0,15,1,13,1,28,5,0,0,1,0,7,0
8478569,0,0,4,0,1,0,5,3,15,1,6,3,0,0,3,1,1,0,29,5,2,0,2,0,6,0,10,0,0,0,7,0,2,0
8478840,0,0,2,0,5,0,2,1,2,0,2,1,0,0,0,0,2,0,1,0,3,0,0,0,12,0,4,0,0,0,3,0,31,3
8478854,0,0,6,0,8,1,0,0,3,1,18,3,0,0,0,0,15,0,2,0,0,0,7,0,1,0,4,1,0,0,0,0,8,0
8478882,0,0,6,0,27,2,1,1,14,1,6,1,0,0,2,0,29,2,10,4,2,0,11,0,0,0,7,2,0,0,2,1,2,0
8479323,1,0,5,2,23,4,0,0,8,1,5,1,0,0,0,0,4,0,9,0,1,0,1,0,9,0,5,0,1,0,2,1,17,0
8479390,1,0,2,0,3,1,2,0,5,1,2,1,0,0,0,0,0,0,21,5,0,0,2,0,4,0,4,1,0,0,2,0,5,0
8479638,3,0,1,0,0,0,7,0,6,1,3,1,1,0,4,1,1,0,51,13,4,0,2,0,7,0,9,1,0,0,4,0,1,0
8480001,0,0,2,0,6,0,0,0,1,0,3,0,0,0,0,0,9,0,0,0,0,0,2,0,0,0,0,0,0,0,0,0,0,0
8480980,1,0,5,3,4,0,2,0,17,4,10,1,0,0,4,1,7,0,32,5,7,0,8,0,3,0,3,0,0,0,2,0,5,0
8481481,0,0,1,1,0,0,2,1,4,0,4,0,0,0,3,0,3,1,17,2,2,1,0,0,4,0,7,1,0,0,1,0,1,0
8481577,0,0,1,0,0,0,0,0,0,0,2,0,0,0,0,0,0,0,5,0,0,0,0,0,1,0,0,0,0,0,0,0,0,0
8481726,0,0,1,0,0,0,1,0,1,1,4,0,1,0,1,0,3,0,17,2,0,0,1,0,0,0,1,0,0,0,0,0,0,0
8482073,0,0,9,0,21,0,0,0,6,2,1,0,0,0,0,0,0,0,4,0,1,0,0,0,15,0,7,0,0,0,1,0,37,0
8482109,1,0,0,0,1,0,7,2,16,3,16,0,0,0,5,0,2,0,61,15,3,1,10,0,4,0,29,2,0,0,5,1,4,0
8482157,1,1,2,1,4,0,12,3,12,3,19,1,0,0,4,1,8,1,52,6,0,0,10,1,9,0,12,2,0,0,7,0,5,0
8482460,0,0,0,0,1,0,1,0,1,0,1,0,0,0,1,0,0,0,9,1,1,0,0,0,0,0,0,0,0,0,0,0,0,0
8482758,1,0,0,0,1,0,1,0,5,0,5,1,0,0,2,0,1,0,12,1,1,0,2,0,0,0,4,0,0,0,1,0,0,0
8483690,1,0,3,0,6,0,6,1,6,0,5,0,0,0,3,0,0,0,22,6,3,0,1,0,3,0,11,2,0,0,2,0,1,0
8484839,0,0,0,0,1,0,0,0,2,1,0,0,0,0,0,0,0,0,0,0,0,0,0,0,1,0,1,0,0,0,0,0,3,0
8485414,0,0,4,0,10,1,7,2,19,3,17,4,0,0,2,0,3,0,48,6,5,0,2,0,11,0,18,1,0,0,2,0,3,0
8470613,0,0,7,0,30,2,1,0,13,3,6,0,0,0,0,0,15,0,3,0,1,0,2,0,13,0,12,2,0,0,0,0,69,5
8471685,3,0,1,0,3,0,8,4,10,1,8,0,0,0,0,0,5,0,45,5,0,0,7,1,3,0,4,1,0,0,3,0,1,0
8474563,0,0,5,1,32,0,0,0,7,0,1,0,1,0,0,0,6,0,5,1,0,0,2,0,7,1,4,0,0,0,0,0,31,2
8475208,0,0,5,0,13,0,0,0,6,1,5,0,0,0,2,0,16,1,3,0,2,0,6,0,0,0,0,0,0,0,0,0,3,0
8475754,2,0,1,0,1,0,6,2,36,7,22,1,0,0,3,1,3,0,68,13,1,1,3,0,8,2,29,6,0,0,2,0,1,0
8476312,0,0,6,0,32,4,1,0,5,0,8,1,0,0,1,0,18,0,14,0,1,0,1,0,4,0,2,0,0,0,0,0,35,0
8476441,0,0,9,0,16,1,0,0,1,0,8,0,0,0,2,0,25,0,8,0,0,0,7,0,7,0,1,0,0,0,0,0,20,1
8476455,1,0,2,0,4,1,7,3,15,1,16,1,0,0,3,0,3,0,48,8,4,0,7,0,6,0,9,0,0,0,6,0,1,0
8476469,0,0,3,1,5,0,5,1,14,5,3,0,1,1,5,1,3,0,22,4,7,0,3,0,7,0,8,0,0,0,0,0,6,0
8476479,3,1,0,0,0,0,6,0,14,1,5,1,1,0,1,0,9,0,28,3,4,0,8,0,3,0,3,0,0,0,4,0,2,0
8476879,0,0,6,0,9,0,0,0,4,1,0,0,0,0,0,0,0,0,3,0,2,0,0,0,6,0,4,0,0,0,1,0,24,0
8477476,0,0,2,0,3,0,6,2,22,4,13,0,0,0,3,1,2,0,74,12,6,0,4,0,2,0,13,0,0,0,3,2,0,0
8477492,3,0,3,1,16,4,11,3,42,8,77,10,1,0,19,3,11,2,72,16,5,0,38,2,12,1,30,2,0,0,5,1,5,0
8477501,0,0,2,0,14,0,8,0,20,2,11,0,1,0,4,1,5,0,53,11,5,0,10,0,7,0,12,3,0,0,1,0,7,0
8477942,4,0,2,0,13,0,5,3,12,1,13,1,3,1,4,0,7,0,39,9,0,0,11,0,8,0,19,2,0,0,3,1,4,0
8477960,1,0,2,0,26,2,7,4,26,7,23,3,0,0,3,0,8,0,52,13,13,1,10,0,7,0,31,5,0,0,5,1,12,0
8477998,2,0,4,0,3,1,3,1,14,4,12,2,0,0,1,0,4,0,32,3,0,0,9,0,4,0,12,0,0,0,3,1,2,1
8478038,0,0,10,0,37,1,0,0,10,0,7,0,0,0,0,0,17,0,13,2,2,0,2,0,2,0,7,0,0,0,0,0,8,0
8478109,0,0,0,0,6,0,2,0,24,3,15,2,0,0,2,0,8,0,38,5,0,0,7,0,3,0,34,3,0,0,2,0,6,0
8479398,0,0,4,0,8,0,0,0,3,0,3,0,0,0,0,0,11,0,5,1,3,0,2,1,0,0,0,0,0,0,1,0,1,1
8479525,0,0,6,1,10,1,7,1,21,1,16,1,0,0,4,0,8,0,36,2,5,1,15,0,7,0,9,1,0,0,4,0,5,0
8479675,3,0,6,0,6,0,2,0,15,1,8,2,1,0,8,0,7,0,44,9,2,0,16,1,6,0,16,0,0,0,9,0,10,0
8479998,0,0,1,0,14,1,0,0,3,0,2,1,0,0,0,0,24,1,6,1,1,0,7,0,0,0,0,0,0,0,0,0,3,0
8480039,0,0,3,2,11,1,5,3,14,2,37,8,0,0,8,2,7,1,49,9,2,0,10,1,16,3,33,4,0,0,4,2,7,0
8480069,0,0,5,2,51,3,1,0,24,3,11,2,0,0,2,0,11,0,17,2,0,0,1,0,15,1,29,5,0,0,4,1,28,1
8480448,0,0,5,0,7,0,6,2,16,3,8,4,0,0,1,1,5,0,31,9,9,0,6,0,1,0,7,2,0,0,1,0,1,0
8480835,1,1,4,0,5,0,5,1,16,3,13,1,1,0,4,0,2,0,24,4,3,0,5,0,7,0,6,0,0,0,3,0,0,0
8481532,0,0,0,0,0,0,7,1,6,0,10,0,0,0,1,1,1,0,28,1,1,0,4,0,1,0,4,0,0,0,3,0,1,0
8481641,2,0,2,0,3,0,0,0,6,0,7,0,0,0,1,1,4,0,17,2,0,0,1,0,3,0,3,0,0,0,1,0,0,0
8482124,2,0,1,0,9,0,6,2,22,5,20,0,1,0,1,0,4,0,57,11,6,1,14,1,9,0,23,4,0,0,1,0,4,0
8482155,1,0,7,0,4,1,2,0,19,1,24,3,1,0,3,0,3,0,77,14,5,0,5,0,15,0,36,2,0,0,4,0,3,0
8482408,0,0,1,0,1,0,0,0,6,1,4,0,0,0,2,0,0,0,24,1,3,0,6,0,2,0,4,1,0,0,1,0,0,0
8482730,1,0,9,0,24,3,2,0,12,1,4,1,0,0,2,0,16,0,12,2,3,0,5,0,15,0,15,1,0,0,3,0,36,0
8483808,1,0,2,0,5,1,8,3,6,1,8,0,0,0,2,1,3,0,24,5,2,0,2,1,0,0,5,1,0,0,1,0,0,0
8484149,3,0,0,0,2,0,0,0,5,0,5,0,0,0,2,0,0,0,28,5,0,0,5,0,2,0,8,1,0,0,2,0,0,0
8484258,0,0,0,0,39,3,1,0,8,1,8,1,0,0,2,0,16,1,5,1,2,0,6,0,14,0,24,1,0,0,0,0,39,0
8475166,1,0,1,1,1,0,20,3,24,3,20,3,0,0,4,0,3,1,86,19,3,0,7,0,2,0,13,1,0,0,4,0,3,0
8475171,0,0,3,0,25,2,0,0,13,3,4,0,0,0,1,0,24,0,4,1,3,0,1,1,2,0,9,1,0,0,1,0,18,0
8475690,0,0,0,0,2,0,0,0,1,0,0,0,0,0,0,0,0,0,0,0,0,0,0,0,3,0,1,0,0,0,0,0,1,0
8475714,0,0,0,0,2,0,2,1,4,1,4,0,0,0,0,0,3,0,10,2,5,1,3,0,7,0,1,1,0,0,0,0,4,0
8475848,0,0,6,0,4,0,8,0,5,0,11,1,1,0,7,0,2,0,39,5,3,0,4,0,10,0,12,1,0,0,4,0,5,0
8476853,1,0,11,0,19,0,0,0,13,1,15,4,0,0,3,1,20,1,6,3,4,0,28,1,3,0,6,0,0,0,1,0,11,0
8476875,1,0,7,1,23,2,1,0,9,2,14,0,0,0,0,0,33,0,10,2,2,0,5,0,1,0,1,0,0,0,1,0,6,0
8476931,0,0,11,0,11,1,0,0,7,0,7,0,0,0,0,0,20,2,6,1,2,0,2,0,1,1,4,0,0,0,1,0,5,0
8476981,0,0,5,2,1,0,0,0,9,3,10,1,0,0,0,0,2,1,40,5,2,0,3,1,6,0,8,0,0,0,2,1,1,0
8477503,0,0,5,0,7,0,3,0,13,1,20,4,0,0,0,0,4,0,26,6,5,0,13,0,4,0,11,1,0,0,0,0,7,0
8477939,1,0,3,0,11,1,6,2,13,2,18,2,0,0,6,1,10,0,40,18,6,1,6,0,15,1,15,2,0,0,3,0,3,0
8478057,0,0,1,0,1,0,5,0,4,2,4,2,0,0,1,0,2,0,26,5,1,0,1,1,2,0,0,0,0,0,3,0,1,0
8478133,1,1,8,2,0,0,5,1,4,0,6,1,0,0,1,0,5,1,24,3,3,0,1,0,4,1,7,1,1,0,4,0,1,1
8478443,0,0,14,0,8,0,0,0,3,0,1,0,0,0,0,0,2,0,2,0,3,0,3,0,7,0,7,0,0,0,0,0,16,0
8478462,0,0,1,0,1,0,2,0,7,1,5,0,0,0,3,0,0,0,41,6,1,0,0,0,3,0,10,1,0,0,0,0,2,0
8478851,1,0,10,0,7,0,0,0,3,3,0,0,0,0,0,0,1,0,5,2,0,0,0,0,10,0,5,0,0,0,0,0,14,2
8478904,2,0,2,0,1,0,3,1,9,3,6,0,0,0,1,0,5,0,25,1,3,0,6,1,1,0,3,1,1,0,0,0,2,0
8479318,3,0,4,1,12,0,14,3,27,4,28,4,0,0,6,0,6,0,70,11,2,0,5,0,4,1,30,2,0,0,14,1,2,0
8479339,0,0,0,0,0,0,0,0,1,0,2,0,0,0,0,0,0,0,0,0,0,0,3,0,0,0,0,0,0,0,0,0,0,0
8480018,2,0,3,1,5,0,6,3,20,3,29,3,1,0,8,3,3,0,46,7,3,1,18,5,14,0,17,3,2,0,3,0,3,0
8480865,1,1,3,0,20,2,3,0,2,1,10,1,0,0,0,0,11,1,11,1,3,0,8,1,21,0,14,2,1,0,2,0,48,2
8481122,0,0,4,0,5,0,0,0,5,0,10,0,0,0,3,0,17,0,3,0,1,0,9,0,1,0,0,0,0,0,1,0,1,0
8481523,3,1,0,0,1,0,3,1,3,1,4,0,0,0,2,0,0,0,15,4,2,0,0,0,4,0,6,0,0,0,2,1,2,0
8481540,6,1,3,0,6,0,14,7,15,3,32,7,3,0,28,5,2,0,65,15,3,0,14,1,15,2,34,8,2,0,11,2,5,0
8481582,0,0,2,0,5,0,3,2,16,4,18,3,1,0,6,0,7,0,41,6,4,0,9,1,4,0,6,0,0,0,3,0,2,0
8481618,0,0,0,0,1,0,1,1,8,3,10,1,0,0,1,1,2,0,18,3,1,0,0,0,4,3,11,1,0,0,2,0,2,0
8481711,0,0,1,0,4,0,2,1,10,2,13,0,0,0,4,0,2,0,30,6,1,0,7,1,2,0,11,3,0,0,3,1,0,0
8482087,0,0,0,0,8,2,0,0,3,0,5,0,0,0,1,0,14,0,2,0,0,0,4,0,0,0,1,0,0,0,0,0,2,0
8482259,2,0,4,1,3,0,4,2,15,5,17,2,1,0,7,0,9,0,47,13,12,0,25,2,8,1,15,2,0,0,9,1,5,0
8482720,1,0,1,1,2,0,10,3,11,3,14,1,0,0,1,0,8,2,74,10,4,1,3,0,1,0,8,2,0,0,2,0,0,0
8482737,1,0,1,0,1,0,5,1,14,3,9,0,0,0,2,0,3,0,36,7,3,0,4,0,7,0,11,1,0,0,2,0,2,0
8482775,1,0,3,1,1,0,5,1,15,2,12,3,0,0,5,1,3,0,53,13,3,0,2,0,6,0,19,1,0,0,2,0,1,0
8482964,0,0,1,0,12,1,0,0,1,0,1,0,0,0,0,0,11,0,1,0,0,0,3,0,0,0,2,0,0,0,0,0,8,0
8483457,1,0,3,1,17,0,3,1,20,6,14,0,0,0,3,0,17,0,16,2,3,0,12,0,2,1,7,1,0,0,1,0,5,0
8483515,1,0,5,0,2,0,4,2,17,4,22,3,1,0,8,1,1,0,63,15,1,0,9,0,13,3,20,2,1,0,10,0,2,0
8484984,0,0,2,0,2,0,8,2,17,1,12,0,0,0,4,0,2,0,21,5,4,0,8,0,14,3,21,6,1,0,5,2,6,0
8471214,0,0,6,4,11,1,2,0,19,4,68,4,0,0,4,0,18,1,59,14,1,1,13,0,6,0,21,1,0,0,3,1,13,1
8474590,0,0,15,2,30,3,0,0,13,3,7,2,0,0,4,0,6,0,15,0,3,0,2,0,10,1,14,1,0,0,3,0,31,2
8475343,0,0,3,0,4,0,3,0,7,0,4,2,0,0,2,0,1,0,24,3,4,0,1,0,4,0,7,0,0,0,0,0,2,0
8476374,1,0,8,0,3,0,8,1,7,1,6,1,0,0,3,0,2,0,19,2,3,0,14,0,10,0,11,1,1,0,4,0,10,0
8476854,0,0,7,0,22,0,0,0,9,0,11,2,0,0,3,0,21,2,3,0,1,0,13,1,1,0,6,0,0,0,0,0,3,0
8476880,2,0,6,2,10,1,5,1,15,5,6,0,0,0,1,1,2,0,68,15,4,0,4,1,7,0,10,2,1,0,2,0,10,2
8477496,0,0,1,0,9,1,8,2,12,2,7,1,0,0,0,0,0,0,37,6,6,0,4,1,4,0,14,4,0,0,4,0,8,0
8477507,0,0,19,0,15,0,0,0,8,0,2,0,0,0,2,0,33,2,4,0,1,0,13,0,1,0,6,0,0,0,1,0,2,0
8477845,0,0,5,0,3,0,1,0,2,0,0,0,0,0,0,0,2,0,10,3,0,0,0,0,6,0,1,0,0,0,1,0,13,0
8477956,3,1,3,0,14,2,8,1,29,2,29,4,0,0,13,1,15,1,49,9,7,0,19,1,11,0,44,3,2,0,3,2,12,2
8478042,3,1,4,2,6,0,10,2,18,2,19,1,0,0,2,0,7,0,51,10,7,1,9,1,16,2,16,3,0,0,2,0,5,0
8478401,1,0,2,0,3,0,5,4,15,3,22,5,0,0,1,1,3,0,56,15,4,0,3,0,3,1,9,0,0,0,3,1,1,0
8478440,0,0,8,0,9,1,5,2,12,1,8,0,1,0,4,0,5,0,45,11,9,0,3,1,5,0,15,2,1,0,7,0,6,1
8478463,2,0,3,0,4,0,8,2,7,0,20,0,0,0,9,2,4,0,64,9,2,0,9,1,3,0,13,1,0,0,4,0,3,0
8478911,0,0,9,0,13,0,2,0,2,0,4,0,0,0,0,0,2,0,7,1,0,0,2,0,5,0,7,0,0,0,1,0,40,1
8479325,0,0,7,0,24,2,1,0,15,2,4,1,0,0,0,0,0,0,18,5,1,0,0,0,11,0,9,0,0,0,1,0,20,1
8479345,0,0,5,0,53,5,2,0,24,6,21,4,0,0,2,0,36,0,24,4,2,0,14,1,6,1,18,3,0,0,4,1,10,1
8479369,0,0,8,1,13,0,0,0,2,0,0,0,0,0,0,0,3,0,3,1,2,0,0,0,11,1,10,0,0,0,1,1,29,1
8479400,0,0,0,0,3,0,2,0,3,0,4,1,0,0,2,0,1,0,17,2,0,0,1,0,2,0,4,2,0,0,2,0,1,0
8479520,2,1,3,0,0,0,5,0,3,0,3,0,0,0,3,0,0,0,26,2,2,0,4,0,3,0,6,0,0,0,2,1,2,0
8479591,3,0,2,0,2,0,15,2,5,0,9,0,3,0,2,0,4,0,19,3,0,0,12,0,17,0,10,2,0,0,5,1,1,0
8479661,1,0,1,0,1,0,5,1,7,0,10,0,0,0,6,1,2,0,27,3,0,0,2,0,5,0,8,1,0,0,1,0,2,0
8479987,2,1,1,0,6,2,2,1,23,6,28,6,0,0,5,1,11,2,56,16,2,0,12,2,7,0,13,2,0,0,6,0,7,0
8479999,0,0,3,0,5,0,2,2,7,0,13,2,0,0,3,0,2,0,25,9,2,0,5,0,1,0,8,1,0,0,3,1,1,0
8480035,0,0,2,0,10,0,0,0,1,1,1,0,0,0,0,0,0,0,0,0,0,0,2,0,6,0,8,1,0,0,1,0,9,0
8480355,2,0,9,0,1,0,5,2,7,1,11,2,0,0,4,0,1,0,28,5,3,0,7,1,10,0,7,0,0,0,2,0,3,1
8480796,0,0,5,0,7,1,1,0,7,2,9,1,0,0,3,0,23,0,7,1,6,0,2,0,0,0,2,0,0,0,0,0,1,0
8480873,0,0,4,0,19,1,1,0,6,1,11,1,0,0,2,0,16,1,8,1,1,0,8,0,1,0,6,0,0,0,0,0,7,0
8481580,2,0,6,0,3,0,5,1,10,2,16,0,0,0,4,0,2,0,58,10,2,0,9,0,4,0,14,1,0,0,4,0,3,0
8481656,0,0,7,1,6,0,3,3,12,4,15,0,3,0,8,2,6,0,44,9,7,2,18,3,9,0,12,1,0,0,3,0,6,0
8482088,1,0,0,0,4,0,5,3,7,2,8,1,0,0,1,0,4,0,38,7,4,0,7,0,12,0,11,2,0,0,1,0,5,0
8482148,0,0,1,0,5,0,0,0,12,1,4,0,0,0,1,0,0,0,22,3,1,0,2,0,0,0,4,0,0,0,1,0,0,0
8482177,0,0,3,0,0,0,3,2,11,2,10,0,0,0,1,0,3,0,29,6,4,1,3,1,2,0,7,3,0,0,1,0,1,0
8482511,0,0,2,0,14,1,0,0,10,0,9,1,0,0,2,0,14,2,3,1,0,0,9,0,1,0,5,2,1,0,0,0,2,0
8483489,2,0,1,0,2,0,3,3,19,5,16,3,0,0,1,0,4,0,42,5,6,0,9,0,1,0,6,1,0,0,3,0,1,0
8484186,0,0,2,0,12,0,6,1,22,4,19,2,0,0,3,2,5,0,29,7,3,0,3,0,12,1,27,3,1,0,0,0,9,0
8474150,1,0,9,2,6,0,5,2,15,1,15,0,2,0,6,1,15,2,43,8,16,0,24,0,8,0,12,1,0,0,5,0,4,0
8474641,2,0,2,0,3,0,6,0,7,2,8,0,0,0,1,0,1,0,34,1,6,0,7,0,4,0,5,0,0,0,1,0,4,0
8475172,2,0,5,0,6,0,9,1,16,3,20,0,0,0,8,0,6,0,61,7,2,0,21,0,13,3,32,2,0,0,9,0,3,0
8475218,0,0,11,1,13,0,2,0,9,1,16,1,0,0,1,0,36,1,11,2,7,0,16,0,2,0,2,0,0,0,0,0,5,0
8476399,4,0,4,0,6,0,6,1,15,2,17,2,0,0,5,0,3,1,67,12,7,0,4,0,6,0,19,2,0,0,8,0,5,0
8476454,1,0,3,0,6,1,5,1,14,2,23,2,0,0,2,0,2,0,45,13,2,0,5,0,4,0,12,1,0,0,7,0,2,0
8476967,0,0,7,0,11,1,0,0,3,0,5,0,0,0,2,0,39,0,7,0,1,0,6,0,4,0,1,0,0,0,0,0,9,0
8477346,0,0,7,0,32,2,0,0,10,2,5,0,0,0,0,0,3,0,4,0,3,0,2,0,23,0,9,0,0,0,0,0,56,0
8477498,1,0,6,0,24,0,1,0,6,0,20,1,0,0,3,1,49,2,7,0,4,0,28,0,7,1,3,2,0,0,1,0,4,0
8477810,0,0,3,0,7,0,0,0,1,0,1,0,0,0,0,0,17,0,0,0,0,0,13,0,0,0,0,0,0,0,0,0,1,0
8477934,1,1,2,0,5,0,5,0,21,5,5,2,1,0,5,0,0,0,48,15,3,1,7,0,26,3,23,5,0,0,29,3,5,0
8477953,0,0,3,0,0,0,0,0,8,4,3,0,0,0,3,0,1,0,17,3,5,0,1,0,6,0,10,1,1,0,3,0,4,0
8477993,0,0,1,0,0,0,0,0,0,0,1,0,0,0,0,0,0,0,6,1,1,0,2,0,0,0,0,0,0,0,0,0,0,0
8478233,0,0,0,0,0,0,1,0,8,0,6,2,0,0,1,0,2,0,22,5,3,0,1,0,2,0,8,1,0,0,3,0,1,0
8478397,0,0,9,1,28,1,2,1,9,1,6,0,0,0,2,1,11,1,17,5,3,0,1,0,31,1,23,3,0,0,2,0,34,2
8478402,11,0,1,0,4,0,23,9,27,1,36,6,1,0,34,5,3,1,97,17,3,2,15,2,9,0,29,2,0,0,12,3,1,0
8479066,0,0,1,0,5,0,0,0,7,1,9,0,0,0,5,0,1,0,9,2,0,0,4,0,1,0,6,1,0,0,1,0,4,0
8479365,0,0,1,0,1,0,6,1,7,2,4,0,0,0,6,0,5,0,26,1,4,0,5,0,2,0,8,0,0,0,0,0,2,0
8479402,0,0,1,0,3,0,0,0,2,0,2,0,0,0,0,0,2,0,0,0,0,0,6,1,0,0,0,0,0,0,0,0,0,0
8480028,1,0,4,0,2,0,5,0,17,3,17,1,2,0,3,1,4,0,53,16,3,0,7,0,5,1,9,0,1,0,5,0,2,0
8480797,0,0,4,1,4,0,6,1,9,1,20,1,1,0,5,0,2,0,48,11,2,1,12,1,8,0,11,2,0,0,3,1,7,0
8480803,2,1,6,1,67,3,0,0,34,7,28,4,0,0,1,0,5,0,10,3,1,0,0,0,4,0,25,1,0,0,2,0,36,1
8480831,0,0,0,0,0,0,0,0,1,0,0,0,0,0,0,0,1,0,1,0,0,0,0,0,3,0,3,0,0,0,1,0,8,0
8480834,0,0,4,0,9,0,0,0,1,0,0,0,0,0,0,0,0,0,1,0,0,0,0,0,5,2,6,0,0,0,1,0,19,0
8480860,0,0,5,0,12,2,1,0,2,0,3,0,0,0,1,0,21,1,3,0,0,0,5,1,0,0,3,0,0,0,1,0,0,0
8481068,0,0,4,1,6,0,4,0,14,3,21,2,1,0,3,0,7,0,37,7,5,0,13,0,5,0,16,2,0,0,2,0,4,0
8481167,0,0,2,0,5,1,1,0,1,0,0,0,0,0,0,0,3,0,1,0,0,0,1,0,4,0,2,0,0,0,0,0,8,0
8481491,0,0,0,0,1,0,1,0,2,0,1,0,0,0,0,0,0,0,6,2,0,0,1,0,2,0,0,0,0,0,0,0,0,0
8481617,0,0,2,0,4,0,5,0,16,3,15,1,0,0,5,2,2,0,47,10,3,0,11,1,4,0,16,1,0,0,7,1,2,0
8482074,0,0,1,0,8,0,6,1,8,1,13,1,0,0,2,0,0,0,39,8,12,1,7,0,1,0,10,0,0,0,2,0,1,0
8482679,1,0,0,0,11,0,10,3,30,3,24,1,0,0,10,1,4,1,46,4,3,0,6,1,13,0,30,4,0,0,3,0,6,0
8483455,0,0,0,0,2,0,2,0,4,1,7,0,0,0,1,0,2,0,6,1,1,0,0,0,4,0,6,0,0,0,0,0,1,0
8483512,2,0,2,0,3,0,9,2,21,2,10,1,0,0,7,2,0,0,47,8,5,0,6,1,10,0,12,2,0,0,2,0,2,0
8483609,1,0,4,0,8,0,3,1,9,1,2,1,0,0,2,0,1,0,22,3,1,0,4,0,6,0,14,0,0,0,1,0,2,0
8484860,0,0,1,0,8,0,1,0,8,0,14,1,1,0,2,0,3,0,7,1,3,0,2,1,9,0,3,1,2,0,5,2,1,0
8485493,0,0,1,0,1,0,3,1,2,0,2,0,0,0,0,0,3,1,10,1,0,0,2,0,1,0,4,0,0,0,0,0,1,0
8475188,0,0,7,1,16,0,0,0,4,0,9,0,0,0,2,0,23,0,4,1,2,0,8,2,0,0,3,0,0,0,1,1,2,0
8475191,1,0,2,0,8,0,3,1,13,1,13,3,0,0,1,1,2,0,32,9,5,0,6,0,3,0,4,0,0,0,2,1,0,0
8475913,2,1,5,2,4,0,17,6,11,3,5,0,0,0,6,0,2,0,52,16,5,0,1,0,3,0,5,0,0,0,3,0,9,0
8476438,1,0,0,0,4,0,2,0,9,1,7,0,0,0,4,0,3,0,31,1,0,0,4,0,0,0,9,1,0,0,2,0,2,0
8476448,0,0,1,0,1,0,1,0,2,0,0,0,0,0,3,1,3,0,8,2,2,1,3,0,0,0,3,0,0,0,3,0,0,0
8476881,1,0,1,0,4,0,9,1,30,4,13,1,0,0,2,0,4,0,104,16,7,1,3,0,5,0,9,1,0,0,6,0,4,0
8476925,2,0,1,0,0,0,3,1,4,0,5,0,0,0,1,0,1,0,31,4,4,0,1,0,9,0,10,0,1,0,1,1,0,0
8477447,0,0,11,1,42,2,1,0,11,1,4,0,0,0,0,0,7,1,6,1,5,0,3,0,5,2,15,2,0,0,1,0,19,0
8477964,4,0,3,0,3,0,8,2,16,3,14,1,0,0,2,0,2,1,56,14,7,0,4,0,1,0,4,0,1,0,5,2,3,0
8478396,0,0,5,0,26,2,0,0,2,0,14,0,2,0,1,0,40,0,8,1,0,0,22,0,3,0,6,0,0,0,2,0,4,0
8478403,1,0,12,0,11,0,6,6,29,4,46,3,0,0,7,1,6,0,41,8,14,1,26,0,26,0,20,2,2,0,6,2,7,0
8478434,0,0,2,0,6,0,4,1,1,0,3,0,0,0,1,0,2,0,21,4,8,0,2,0,6,0,6,1,1,0,0,0,4,0
8478468,1,0,6,0,14,0,0,0,4,0,11,1,0,0,2,0,21,0,6,0,2,0,3,0,1,0,2,0,0,0,0,0,0,0
8478483,3,1,1,0,21,2,3,2,19,3,12,0,0,0,0,0,6,1,39,10,4,0,4,2,18,1,22,1,1,0,4,1,8,0
8479353,0,0,2,0,0,0,5,3,9,1,9,1,0,0,2,0,2,0,27,6,3,0,2,0,2,1,3,0,0,0,0,0,0,0
8480727,0,0,4,0,11,0,0,0,4,0,2,0,0,0,0,0,2,0,3,1,5,0,0,0,6,0,10,0,0,0,0,0,20,1
8481527,0,0,6,0,8,0,1,0,3,2,0,0,0,0,1,0,1,0,4,0,2,0,1,0,7,0,10,1,0,0,1,0,15,0
8481604,0,0,1,0,5,0,11,1,29,5,10,2,0,0,3,0,9,0,71,14,2,0,14,1,11,3,38,3,1,0,16,7,9,1
8481568,1,0,8,0,12,0,0,0,3,0,7,0,0,0,0,0,39,0,3,1,0,0,6,0,1,0,2,0,0,0,0,0,4,1
8481806,0,0,7,0,11,0,0,0,5,0,1,0,0,0,0,0,1,0,7,3,1,0,1,0,24,1,9,1,0,0,1,0,46,2
8475722,1,0,1,0,2,0,15,6,6,1,11,3,0,0,4,0,5,0,56,13,1,0,10,0,3,1,5,0,0,0,5,0,3,0
8477419,0,0,0,0,0,0,0,0,0,0,0,0,0,0,0,0,0,0,0,0,1,0,0,0,0,0,0,0,0,0,0,0,0,0
8477949,1,0,4,0,5,1,8,1,15,4,12,1,0,0,7,2,7,0,58,17,1,0,6,0,31,1,27,3,1,0,5,2,7,1
8479359,2,0,3,0,6,1,3,2,5,0,4,0,0,0,0,0,3,0,27,4,2,0,2,0,2,0,5,0,0,0,4,0,4,0
8479420,8,1,1,1,21,2,6,0,30,10,43,5,0,0,7,1,8,0,67,15,0,0,11,0,17,0,37,4,1,0,3,0,12,1
8479941,0,0,0,0,0,0,0,0,0,0,0,0,0,0,0,0,0,0,0,0,1,0,0,0,0,0,0,0,0,0,1,0,0,0
8479982,0,0,1,0,9,0,0,0,2,0,1,0,0,0,0,0,4,0,0,0,0,0,0,0,5,0,2,0,0,0,2,0,18,0
8480064,0,0,0,0,1,0,0,0,12,2,8,3,0,0,0,0,2,0,25,7,0,0,3,0,1,0,11,1,0,0,4,0,2,0
8480196,0,0,0,0,8,0,1,0,0,0,2,0,0,0,0,0,4,1,2,1,0,0,1,0,0,0,0,0,0,0,0,0,4,0
8480802,1,0,5,0,2,0,0,0,15,2,12,1,1,0,3,1,3,0,22,6,0,0,9,1,5,0,9,3,0,0,1,0,2,0
8480807,0,0,9,1,10,3,0,0,11,3,14,2,0,0,2,1,17,1,6,0,1,0,15,1,0,0,6,1,0,0,1,0,17,0
8480839,0,0,7,3,37,0,2,1,29,6,20,0,0,0,5,1,25,1,16,5,0,0,13,0,2,0,16,2,0,0,0,0,22,0
8481522,0,0,4,4,3,0,0,0,8,0,11,0,0,0,2,0,4,0,22,6,3,0,17,0,9,0,6,2,0,0,0,0,4,0
8481524,1,0,11,1,23,0,4,1,11,1,12,1,0,0,0,0,11,1,10,2,2,0,12,0,1,0,7,4,0,0,1,0,3,0
8481564,0,0,0,0,0,0,0,0,0,0,0,0,0,0,0,0,0,0,0,0,0,0,0,0,0,0,0,0,0,0,0,0,0,0
8482097,1,0,2,0,4,1,1,0,35,4,31,1,0,0,9,0,2,0,40,7,3,1,9,1,12,0,31,4,0,0,5,1,6,0
8482659,2,1,2,1,1,0,13,4,8,1,13,1,0,0,5,1,8,0,82,13,0,0,7,0,6,1,15,2,0,0,4,0,4,0
8483468,0,0,0,0,0,0,0,0,1,0,0,0,0,0,0,0,1,0,6,3,0,0,3,0,1,0,7,0,0,0,1,0,0,0
8474141,0,0,0,0,6,1,5,1,18,2,17,2,1,0,7,0,5,0,39,9,5,1,7,0,18,0,24,0,5,0,4,0,8,0
8474612,0,0,3,0,2,0,0,0,2,0,0,0,0,0,0,0,2,0,0,0,2,0,0,0,0,0,0,0,0,0,0,0,10,0
8475279,0,0,8,0,9,1,1,0,7,2,7,0,0,0,1,0,46,2,4,0,5,0,12,0,1,0,1,0,0,0,0,0,1,0
8477429,5,1,1,1,1,0,7,2,7,0,7,1,0,0,6,0,5,0,53,4,3,0,3,0,6,0,5,0,0,0,2,0,4,0
8477456,1,0,3,0,1,0,6,3,11,0,9,0,0,0,2,0,3,0,38,7,0,0,3,0,4,0,13,1,0,0,1,0,0,0
8477946,5,0,6,3,11,1,15,3,26,7,22,1,0,0,7,1,6,0,78,14,6,1,16,1,6,1,16,1,1,0,3,0,5,0
8478891,0,0,2,0,0,0,1,0,3,0,8,2,0,0,1,0,2,0,15,2,3,0,2,0,9,0,6,1,0,0,0,0,11,1
8479337,3,0,0,0,13,0,10,5,41,7,46,4,0,0,14,3,13,1,68,15,9,3,19,1,7,0,31,1,0,0,7,1,6,0
8479992,0,0,2,0,0,0,3,1,1,1,10,2,0,0,3,0,2,0,27,1,2,0,4,0,4,0,4,1,1,0,2,0,0,0
8481542,0,0,5,0,61,4,0,0,19,1,2,0,0,0,1,0,10,1,5,0,7,0,1,0,15,0,17,3,0,0,0,0,44,1
8481607,0,0,0,0,11,0,0,0,3,0,8,1,0,0,1,0,16,0,7,1,1,0,8,0,0,0,1,1,0,0,1,0,4,0
8481725,0,0,1,0,4,0,4,1,8,0,4,0,0,0,2,0,1,0,25,5,3,0,6,1,2,0,6,0,0,0,2,0,1,0
8482078,1,0,2,0,10,0,3,2,21,1,32,4,0,0,10,2,7,0,41,12,6,0,6,0,11,0,18,4,0,0,3,0,2,0
8482762,2,0,9,2,4,0,1,0,7,1,11,1,0,0,5,1,25,1,11,3,1,0,9,0,1,0,0,0,0,0,0,0,2,0
8483464,1,0,0,0,6,0,8,1,10,1,15,0,0,0,2,0,5,1,44,5,0,0,16,0,4,0,11,1,0,0,6,0,3,0
8484223,0,0,1,0,19,1,0,0,1,1,3,1,0,0,0,0,5,1,0,0,0,0,0,0,5,0,4,0,0,0,2,1,28,2
8484471,0,0,2,0,2,0,5,1,7,1,12,1,0,0,3,0,2,0,65,7,4,1,9,0,0,0,8,2,0,0,0,0,1,0
8484794,0,0,0,0,2,0,0,0,4,0,1,0,0,0,0,0,1,0,3,0,0,0,0,0,3,0,4,0,0,0,2,0,0,0
8473512,0,0,10,2,6,0,10,3,17,0,3,0,0,0,3,1,2,0,25,3,17,2,4,1,7,0,23,1,0,0,3,1,8,0
8474102,0,0,1,0,3,0,5,3,15,2,10,2,1,0,6,1,2,0,27,4,2,0,6,0,1,0,9,1,2,0,3,0,0,0
8474151,0,0,3,0,3,1,0,0,3,1,5,1,1,0,0,0,10,0,3,1,1,0,6,1,0,0,2,1,0,0,0,0,2,0
8474189,0,0,3,0,4,0,2,0,7,1,4,0,0,0,1,0,2,0,25,2,2,0,3,0,1,0,9,2,0,0,2,0,2,0
8475167,0,0,2,0,17,0,0,0,4,0,6,0,0,0,1,0,9,1,0,0,1,0,9,0,0,0,1,0,0,0,0,0,0,0
8475324,0,0,0,0,5,0,0,0,1,0,0,0,0,0,0,0,2,0,5,1,0,0,0,0,5,2,8,0,0,0,0,0,10,1
8476393,0,0,0,0,3,0,6,1,10,1,4,0,1,0,3,0,1,0,30,6,8,0,6,0,1,0,4,1,0,0,0,0,2,0
8476453,2,0,1,0,7,0,5,2,25,2,16,2,2,0,6,0,9,2,40,16,2,0,6,0,40,7,37,8,0,0,11,4,22,1
8476826,0,0,4,0,3,0,6,0,11,3,11,0,0,0,0,0,9,0,30,5,6,0,10,0,4,0,13,1,0,0,2,0,5,0
8477073,0,0,0,0,0,0,0,0,0,0,0,0,0,0,0,0,0,0,2,0,2,0,0,0,0,0,0,0,0,0,0,0,0,0
8477404,1,0,1,1,3,0,13,1,21,4,19,3,0,0,3,1,5,0,103,25,2,2,7,0,5,0,22,1,0,0,13,0,2,0
8477416,1,0,2,0,5,0,5,3,14,1,31,3,0,0,2,0,0,0,30,4,1,0,4,1,12,0,18,0,0,0,3,0,2,0
8478010,2,0,0,0,2,0,8,4,17,3,6,0,0,0,3,0,1,0,61,9,1,0,4,0,3,0,15,1,0,0,5,1,1,0
8478020,1,0,2,0,3,0,7,1,10,2,3,0,0,0,5,0,0,0,34,11,5,0,3,0,8,0,7,1,0,0,3,0,5,0
8478178,0,0,5,0,72,9,2,0,15,2,10,2,0,0,0,0,1,0,9,1,5,0,2,0,13,1,20,6,0,0,1,1,57,0
8478416,0,0,1,0,13,0,0,0,1,0,1,0,0,0,1,0,2,0,5,3,0,0,1,0,3,0,4,0,0,0,1,0,20,0
8478469,1,0,5,0,23,2,1,0,9,3,13,0,0,0,2,0,21,1,4,0,1,0,7,1,0,0,5,0,0,0,1,0,6,0
8478519,2,0,1,1,5,1,12,4,15,2,12,2,0,0,3,1,0,0,56,11,1,0,5,0,5,0,7,0,0,0,0,0,1,1
8479542,1,0,4,0,13,0,11,2,30,6,41,7,0,0,5,1,5,0,63,18,0,0,7,1,6,0,21,1,0,0,6,0,1,0
8480188,2,1,2,0,5,2,9,1,19,2,17,0,0,0,2,0,9,2,31,4,3,0,5,1,6,0,13,2,0,0,6,2,3,0
8480801,1,0,4,1,8,1,16,4,18,3,27,2,0,0,2,0,3,0,73,7,6,0,12,1,4,1,29,2,0,0,15,0,3,0
8480876,2,0,1,0,1,0,2,0,1,0,2,0,0,0,1,0,1,0,11,1,2,0,0,0,2,0,0,0,0,0,1,0,2,0
8480995,0,0,1,1,3,1,5,1,14,2,5,0,0,0,2,0,1,0,30,5,6,0,10,0,1,0,9,1,0,0,1,0,2,0
8481528,1,0,1,0,8,0,8,1,40,8,24,2,0,0,5,0,0,0,75,9,4,0,2,0,7,0,22,5,0,0,5,1,3,2
8481596,1,0,3,1,10,0,8,2,22,2,9,4,0,0,3,0,3,1,51,10,2,0,0,0,10,0,24,1,0,0,5,2,6,0
8481719,0,0,7,0,5,0,0,0,1,0,4,0,0,0,0,0,2,0,2,0,1,0,0,0,5,0,3,0,0,0,0,0,16,1
8482070,0,0,0,0,0,0,1,0,1,0,1,0,0,0,0,0,0,0,4,0,0,0,0,0,1,0,1,0,0,0,0,0,0,0
8482092,2,0,2,0,5,0,10,3,12,2,7,0,0,0,3,0,5,0,49,8,3,0,12,0,8,0,7,0,1,0,3,0,0,0
8482105,1,0,4,0,36,4,3,2,13,1,18,3,0,0,2,0,33,1,9,3,2,0,17,0,2,0,2,0,0,0,0,0,5,0
8482116,0,0,2,0,6,0,9,2,27,4,19,3,0,0,6,0,1,0,72,18,3,1,10,0,9,1,22,4,0,0,6,1,2,0
8482131,0,0,2,0,5,0,0,0,1,0,2,0,0,0,2,0,12,0,1,0,1,0,5,0,1,0,0,0,0,0,0,0,1,0
8482201,1,0,2,0,0,0,5,2,6,0,6,1,0,0,3,0,2,0,32,7,3,0,2,0,3,0,9,1,0,0,0,0,3,0
8482245,0,0,4,0,13,1,0,0,4,0,1,0,0,0,0,0,3,0,2,1,3,0,1,0,11,1,12,1,0,0,1,0,37,1
8482929,0,0,2,0,14,0,0,0,1,1,3,1,0,0,0,0,7,0,5,2,0,0,0,0,0,0,2,0,0,0,1,0,8,0
8483447,0,0,0,0,0,0,0,0,0,0,4,0,0,0,0,0,0,0,3,1,0,0,2,0,0,0,0,0,0,0,0,0,1,0
8484321,0,0,2,0,3,0,0,0,1,0,2,0,0,0,0,0,6,0,4,0,1,0,3,0,2,0,5,0,0,0,0,0,8,0
8475235,0,0,0,0,0,0,0,0,2,0,3,0,0,0,0,0,2,0,4,0,0,0,6,0,1,0,0,0,0,0,0,0,0,0
8476372,0,0,9,1,14,0,2,0,3,0,9,1,2,0,2,0,37,1,3,0,0,0,12,1,0,0,0,0,0,0,0,0,1,0
8476461,0,0,10,1,4,0,2,0,9,1,7,1,1,0,4,0,7,0,42,6,3,1,10,0,9,0,7,2,1,0,0,0,3,0
8477903,0,0,1,0,2,0,1,0,4,1,6,0,0,0,0,0,0,0,10,0,0,0,1,0,4,0,2,0,0,0,2,0,1,0
8477948,0,0,7,1,24,3,0,0,15,3,10,2,0,0,0,0,5,0,8,1,1,0,4,0,3,0,5,1,0,0,0,0,13,0
8477989,5,0,5,0,2,0,15,5,17,2,15,0,0,0,6,0,3,0,62,7,3,0,3,0,0,0,11,3,0,0,4,1,0,0
8478439,1,0,0,0,9,0,6,3,20,9,22,0,0,0,5,0,4,2,45,5,7,2,5,1,6,1,25,4,1,0,6,0,6,0
8478454,0,0,2,0,11,0,0,0,0,0,1,1,0,0,0,0,2,0,1,0,0,0,0,0,0,0,1,0,0,0,0,0,8,0
8479022,1,0,0,0,4,0,1,0,4,0,4,0,0,0,1,0,1,0,14,3,1,0,7,0,1,0,2,0,0,0,2,0,0,0
8480015,1,1,8,0,12,1,8,2,30,6,37,1,1,0,10,0,4,1,52,8,3,2,8,1,13,0,21,3,1,0,3,0,8,2
8480220,3,1,4,0,4,0,10,3,10,1,13,3,0,0,1,0,3,1,56,6,4,0,4,0,2,0,14,2,0,0,4,1,0,0
8480874,0,0,0,0,1,0,0,0,0,0,0,0,0,0,0,0,1,0,0,0,0,0,0,0,0,0,0,0,0,0,0,0,0,0
8481178,0,0,0,0,1,0,0,0,1,0,2,0,0,0,0,0,10,0,0,0,0,0,1,0,0,0,0,0,0,0,0,0,3,0
8481533,1,0,6,0,6,0,6,2,23,4,17,0,0,0,3,0,4,0,47,11,4,0,7,1,11,2,24,4,0,0,6,2,2,0
8481553,1,0,2,0,3,0,11,4,12,2,7,1,0,0,3,0,1,0,32,6,2,0,4,0,5,0,17,2,0,0,3,0,1,0
8482142,0,0,2,0,31,1,0,0,10,2,6,1,0,0,2,1,4,1,8,1,0,0,4,0,3,0,8,0,0,0,1,0,22,1
8482159,0,0,0,0,2,0,0,0,12,4,17,5,1,0,1,0,0,0,15,1,1,0,3,0,2,1,6,2,0,0,0,0,1,0
8484387,6,1,1,0,9,0,11,2,13,3,14,2,6,0,2,1,7,1,42,7,2,1,18,0,6,0,15,2,0,0,4,0,7,0
8475151,0,0,2,0,0,0,2,0,4,1,10,1,0,0,6,0,0,0,30,3,0,0,2,0,4,0,6,1,0,0,4,0,1,0
8475231,0,0,4,1,0,0,5,1,5,2,5,0,0,0,3,0,2,0,37,4,4,1,4,0,1,0,2,0,0,0,5,1,3,0
8475314,10,0,3,0,1,0,21,1,11,0,15,1,0,0,11,1,2,0,86,14,4,0,11,0,4,1,9,1,0,0,10,0,1,0
8476419,0,0,5,0,2,0,3,2,6,2,8,2,1,0,4,0,2,0,35,10,1,0,2,0,1,0,5,1,0,0,3,0,3,0
8476429,0,0,4,0,8,0,0,0,3,1,3,0,0,0,0,0,3,0,2,0,0,0,1,0,13,1,7,0,0,0,2,0,25,0
8476917,0,0,7,0,18,0,1,0,7,0,9,1,1,0,3,0,31,1,6,0,2,0,13,2,8,0,4,0,0,0,2,0,10,0
8477407,2,0,1,0,1,1,5,0,8,0,9,4,0,0,0,0,3,0,20,3,3,0,1,0,4,1,9,2,0,0,4,1,4,0
8477494,0,0,0,0,2,0,3,0,13,1,12,0,1,0,2,0,2,0,26,2,0,0,5,0,5,0,12,1,0,0,2,0,1,0
8477500,0,0,3,0,5,0,5,2,31,7,31,5,1,0,4,0,7,0,55,10,1,0,11,1,14,0,43,5,0,0,11,1,4,0
8477506,0,0,8,0,17,0,0,0,5,1,2,1,0,0,0,0,7,0,1,0,2,0,0,0,9,1,11,0,1,0,1,0,29,0
8477950,0,0,6,0,28,0,1,0,7,3,9,0,0,0,2,0,8,0,8,2,2,0,3,0,17,0,12,0,0,0,0,0,45,0
8478445,0,0,3,1,12,1,6,1,11,2,29,1,3,0,7,0,7,0,46,10,3,1,19,2,11,0,9,0,0,0,11,0,7,0
8480842,1,1,1,0,0,0,2,0,0,0,2,0,0,0,1,0,0,0,9,0,0,0,0,0,2,0,3,0,0,0,1,0,0,0
8481014,0,0,0,0,1,0,0,0,0,0,3,0,0,0,0,0,7,0,0,0,1,0,3,0,0,0,1,0,0,0,0,0,1,0
8481601,1,0,4,0,5,1,5,4,17,1,18,3,0,0,3,0,0,0,29,9,1,1,4,0,2,0,8,0,0,0,0,0,3,0
8482476,1,0,4,0,4,0,4,1,32,6,17,0,0,0,6,0,8,0,42,8,0,0,7,1,5,0,38,6,0,0,1,0,5,0
8484958,2,0,4,0,3,0,2,0,2,0,5,0,0,0,1,0,2,0,7,1,3,0,3,0,1,0,3,1,0,0,1,0,3,0
8485366,0,0,10,0,46,5,2,1,28,4,30,5,0,0,1,0,45,3,16,2,0,0,9,0,0,0,23,3,0,0,1,0,11,0
8485702,0,0,1,0,0,0,1,0,9,1,6,0,0,0,5,1,3,0,8,2,1,0,4,0,1,0,11,1,0,0,5,0,1,0
8473533,1,0,5,0,2,0,8,1,11,1,6,1,0,0,2,0,1,0,51,15,1,0,5,0,5,0,6,2,0,0,2,0,1,0
8474149,0,0,2,0,0,0,1,0,1,0,3,1,1,0,0,0,0,0,8,0,1,0,2,0,1,0,0,0,1,0,0,0,0,0
8475455,0,0,3,0,14,0,0,0,2,1,6,1,0,0,1,0,20,1,0,0,0,0,6,0,0,0,0,0,0,0,0,0,3,0
8475791,0,0,0,0,8,0,8,2,11,2,16,0,0,0,6,1,5,0,50,11,1,0,10,0,3,0,10,1,0,0,5,1,4,0
8476292,0,0,4,0,1,0,0,0,11,1,7,0,0,0,0,0,3,0,37,4,1,0,7,0,2,0,5,0,1,0,1,0,3,0
8476462,2,0,11,1,28,1,1,0,20,3,11,1,0,0,0,0,11,0,7,1,3,0,4,0,40,2,12,2,1,0,4,1,48,0
8476822,0,0,0,0,1,0,1,0,1,0,2,0,0,0,3,0,0,0,28,2,1,0,0,0,2,0,5,0,0,0,1,0,5,0
8476906,0,0,8,0,20,2,1,0,12,3,11,3,0,0,3,0,29,1,2,0,3,0,10,1,2,0,9,3,0,0,0,0,6,0
8476921,3,0,9,2,3,1,4,2,14,2,10,0,1,0,1,0,8,1,25,2,0,0,7,1,6,0,9,1,1,0,2,0,6,0
8476958,0,0,4,0,8,0,0,0,0,0,1,0,1,0,2,0,28,0,5,1,1,0,9,0,1,0,1,0,0,0,0,0,2,0
8477015,0,0,1,0,6,0,6,1,12,3,7,0,0,0,1,0,2,1,46,12,3,0,1,0,11,1,13,0,0,0,3,0,4,0
8477478,1,0,2,0,4,0,7,1,4,1,5,0,1,0,0,0,5,0,30,4,1,0,8,0,3,0,7,1,0,0,2,0,0,0
8477488,0,0,2,0,8,0,0,0,1,0,1,0,0,0,0,0,1,0,7,0,2,0,0,0,5,0,4,1,0,0,0,0,14,0
8477940,1,0,3,0,10,2,3,2,21,4,24,2,3,0,4,1,19,1,29,7,6,0,27,2,15,0,25,3,0,0,7,1,10,1
8478399,0,0,3,0,11,0,0,0,1,0,3,0,0,0,0,0,13,0,10,0,0,0,14,0,2,0,1,0,0,0,1,0,1,0
8478414,6,0,4,1,9,0,16,5,17,0,17,2,0,0,7,0,15,1,75,9,3,0,25,0,23,1,30,2,0,0,17,3,5,0
8478427,4,0,0,0,9,1,8,1,25,4,26,5,0,0,2,0,8,1,55,10,1,0,17,0,7,0,23,4,0,0,5,0,5,1
8478970,0,0,6,0,11,0,0,0,5,0,4,1,0,0,0,0,6,0,7,0,2,0,3,0,10,0,8,0,1,0,0,0,37,1
8479407,2,0,2,1,10,1,6,3,19,0,17,1,0,0,6,1,9,1,54,11,7,0,7,0,4,0,23,2,2,0,4,1,6,0
8479996,0,0,2,0,4,0,2,1,11,1,12,3,0,0,1,0,0,0,43,12,1,0,1,0,7,0,12,1,0,0,6,1,2,0
8480002,0,0,2,0,7,0,16,7,32,6,20,1,0,0,2,0,4,0,87,11,1,0,4,0,4,1,27,2,0,0,3,0,2,0
8480336,0,0,4,0,37,2,1,0,21,0,16,3,0,0,0,0,6,0,4,1,5,0,5,0,15,0,14,1,0,0,3,0,48,2
8480762,0,0,2,0,1,0,4,1,8,2,9,1,0,0,2,0,0,0,30,5,1,0,7,1,8,2,10,0,0,0,0,0,2,0
8480817,0,0,3,0,12,1,1,0,5,2,15,1,0,0,0,0,54,1,9,2,1,0,15,1,0,0,2,0,0,0,0,0,6,0
8480829,0,0,2,0,2,0,2,0,6,0,3,1,0,0,1,0,2,0,17,1,2,0,2,0,0,0,1,0,0,0,0,0,2,0
8480830,3,1,1,0,9,0,8,2,29,6,24,2,1,1,4,0,7,0,53,12,3,0,13,0,13,0,29,7,0,0,3,0,3,0
8481032,0,0,2,0,2,0,5,4,7,1,4,0,0,0,1,0,0,0,25,3,4,0,2,0,2,0,3,0,0,0,3,1,1,0
8481559,2,0,2,1,10,2,6,0,25,3,43,8,2,0,11,1,3,0,58,7,1,0,12,1,10,0,30,3,0,0,11,1,2,0
8481721,2,0,0,0,18,0,0,0,18,3,23,2,2,0,1,0,12,0,25,5,3,0,16,1,5,0,14,2,0,0,3,0,7,0
8482093,2,0,1,0,5,0,15,1,20,5,19,3,0,0,5,2,4,0,81,12,1,1,8,1,14,1,38,4,0,0,6,2,5,0
8482100,0,0,3,0,30,3,0,0,6,2,7,1,0,0,1,0,29,2,7,0,2,0,9,0,2,0,13,2,0,0,1,0,12,1
8482110,1,0,6,2,2,0,8,0,11,1,13,2,0,0,3,1,1,0,61,9,5,1,2,0,12,0,25,1,0,0,3,1,5,2
8482684,0,0,5,0,38,1,0,0,22,3,17,1,0,0,5,0,22,0,14,0,2,0,4,0,1,0,10,1,0,0,2,0,8,0
8482702,0,0,1,1,6,0,6,2,36,4,15,2,0,0,6,0,3,0,54,11,5,0,1,0,7,0,19,1,1,0,3,0,3,0
8482809,1,0,1,0,1,0,17,3,20,2,13,0,0,0,0,0,1,1,74,12,2,0,3,1,8,0,24,3,0,0,7,0,2,0
8483495,1,0,3,0,24,1,0,0,10,3,5,2,0,0,2,1,5,0,6,3,1,0,1,0,11,0,9,1,0,0,1,0,22,0
8474567,0,0,1,0,3,0,0,0,0,0,1,0,0,0,0,0,6,1,1,0,0,0,0,0,4,0,1,1,0,0,0,0,13,0
8474716,0,0,8,0,10,0,1,0,2,0,3,0,0,0,3,0,1,1,9,2,3,0,2,1,18,0,9,1,0,0,3,0,18,1
8475149,3,0,5,1,3,0,5,1,10,1,8,0,0,0,5,0,4,0,27,7,4,0,4,0,6,1,15,3,0,0,5,1,2,0
8475170,0,0,0,0,2,0,7,1,13,3,13,3,2,0,3,0,3,0,44,8,0,0,5,0,2,0,19,2,0,0,3,1,3,0
8475220,0,0,5,0,0,0,3,0,5,0,6,0,0,0,1,0,1,0,25,6,7,0,5,0,2,1,5,1,0,0,0,0,0,0
8475753,0,0,5,1,30,3,0,0,12,3,9,0,0,0,2,0,3,0,13,2,4,0,3,1,10,0,29,5,1,0,1,0,26,1
8475760,0,0,1,0,1,0,1,0,8,2,8,1,0,0,5,0,2,0,23,2,0,0,3,0,12,0,4,1,0,0,5,0,4,0
8475764,0,0,6,0,16,0,0,0,11,0,9,0,0,0,0,0,24,0,3,1,2,0,5,1,2,0,8,2,0,0,0,0,5,0
8475765,1,0,3,0,8,0,4,1,15,4,25,3,0,0,5,1,4,1,35,5,3,1,6,1,5,0,20,3,0,0,10,3,4,0
8476892,1,0,5,0,16,1,1,0,4,0,0,0,0,0,1,0,3,0,6,1,1,0,0,0,10,0,18,2,0,0,1,0,38,0
8476994,0,0,0,0,2,0,3,0,5,1,2,0,0,0,5,0,3,0,18,4,2,0,4,0,7,1,7,0,0,0,3,0,4,0
8477402,4,0,2,0,6,1,6,2,17,4,13,2,0,0,5,1,4,0,49,7,3,0,3,0,5,0,13,2,1,0,5,1,6,0
8477451,2,0,5,2,7,0,7,4,22,0,7,0,0,0,5,1,6,0,52,15,5,0,8,0,16,0,13,1,0,0,2,0,10,0
8477573,0,0,0,0,1,0,2,0,3,0,5,0,0,0,0,0,4,0,14,4,2,0,2,0,2,0,0,0,1,0,0,0,2,0
8478136,0,0,7,0,4,0,1,0,5,0,7,2,0,0,2,0,20,0,4,0,0,0,8,0,1,0,1,0,0,0,0,0,2,0
8478472,0,0,2,0,1,0,1,0,1,0,4,1,0,0,0,0,1,0,19,1,1,0,1,0,2,0,2,0,0,0,1,0,0,0
8478493,3,0,0,0,6,0,11,2,10,1,17,0,0,0,4,0,6,1,69,11,6,0,17,1,16,1,13,1,0,0,11,1,5,0
8478508,0,0,2,0,0,0,1,0,8,0,6,0,0,0,4,0,3,0,46,4,1,0,8,0,2,1,9,1,0,0,5,0,3,0
8478864,9,0,5,3,17,0,7,3,29,6,18,3,4,0,5,1,8,0,78,16,10,2,7,0,21,6,28,3,1,0,14,2,8,0
8479385,0,0,1,0,10,0,5,1,32,4,20,2,0,0,3,1,5,0,31,7,2,0,5,0,15,0,30,3,0,0,3,0,11,0
8480023,1,0,3,1,0,0,7,0,13,5,10,2,0,0,6,2,1,0,36,11,4,1,2,0,4,0,10,3,0,0,2,0,3,0
8480281,0,0,3,0,2,0,3,0,12,0,4,0,0,0,2,0,1,0,22,4,5,0,2,0,1,0,5,0,0,0,1,0,5,0
8480459,1,0,2,1,6,1,6,1,6,1,8,0,0,0,5,0,1,0,43,9,4,0,5,0,1,0,2,0,1,0,2,0,2,0
8481006,0,0,4,0,6,0,0,0,3,0,9,0,0,0,1,0,25,2,5,1,1,0,9,0,1,0,2,0,0,0,1,0,1,0
8481557,6,0,7,2,11,0,10,5,25,6,15,3,1,0,5,0,8,0,74,17,10,0,15,1,12,1,29,5,0,0,15,1,11,1
8481598,1,1,4,0,17,2,1,1,13,2,20,0,0,0,1,0,18,0,7,0,0,0,12,0,0,0,2,0,0,0,0,0,2,0
8482077,1,0,1,0,9,0,5,3,26,4,30,6,0,0,3,0,4,0,33,3,3,0,6,0,7,1,26,4,0,0,3,1,5,0
8482079,0,0,0,0,1,1,1,0,8,1,8,0,0,0,1,1,4,0,24,8,0,0,7,0,1,0,7,1,0,0,1,0,3,0
8482089,0,0,2,1,2,0,9,3,12,4,16,0,0,0,1,0,3,0,33,7,1,0,1,0,0,0,3,0,0,0,1,0,2,0
8482122,1,0,5,0,42,1,3,0,15,4,8,1,0,0,2,0,12,1,9,1,1,0,2,0,13,0,8,3,0,0,2,1,50,3
8482733,1,0,5,0,11,0,2,1,6,1,2,1,0,0,1,0,5,0,4,0,1,0,1,0,1,0,14,2,0,0,1,0,26,0
8483452,0,0,0,0,0,0,2,0,1,1,2,0,0,0,0,0,1,0,3,0,0,0,0,0,2,0,2,0,0,0,0,0,0,0
8483460,0,0,1,0,3,0,0,0,0,0,0,0,0,0,0,0,0,0,1,0,0,0,1,0,3,0,0,0,0,0,0,0,7,0
8483499,0,0,0,0,1,0,2,0,19,3,9,1,0,0,2,0,10,0,15,2,2,0,9,1,3,0,15,1,0,0,0,0,0,0
8483516,2,0,5,1,1,0,6,1,24,3,21,2,0,0,10,0,3,0,42,10,1,0,5,1,10,0,29,3,0,0,3,0,7,0
8484798,0,0,1,0,17,1,0,0,11,1,7,1,0,0,0,0,15,0,5,3,1,0,9,0,1,0,4,0,0,0,0,0,2,0
8474564,4,0,3,2,6,0,12,4,13,4,42,7,0,0,11,0,6,1,51,15,2,1,28,5,7,0,16,2,0,0,1,0,4,1
8474600,0,0,8,0,34,1,1,0,20,3,14,1,0,0,3,0,18,1,10,0,1,0,10,0,14,3,22,3,0,0,3,0,23,1
8475158,2,1,3,0,1,0,12,3,16,2,14,3,0,0,0,0,1,0,81,16,1,0,10,0,2,0,7,0,0,0,2,0,2,0
8475287,4,0,2,0,2,0,13,4,6,1,11,1,1,0,1,0,5,0,41,8,3,0,12,0,9,0,8,0,1,0,5,0,3,0
8475745,0,0,3,0,3,0,10,4,7,1,4,0,0,0,7,1,0,0,66,12,3,0,3,0,10,0,14,2,0,0,12,0,2,0
8475790,0,0,2,0,4,0,0,0,0,0,1,0,0,0,0,0,2,0,0,0,0,0,0,0,6,0,3,0,0,0,0,0,16,1
8476432,3,0,3,0,2,0,14,4,14,3,15,1,0,0,4,0,13,1,27,4,6,0,2,0,3,0,15,0,0,0,6,0,5,0
8476539,1,0,7,0,3,0,10,2,15,1,7,2,0,0,2,0,1,0,43,7,3,0,3,0,12,0,16,0,1,0,4,0,4,0
8476869,0,0,3,0,20,1,0,0,9,1,11,0,0,0,2,0,34,1,4,0,0,0,16,0,2,0,5,0,0,0,0,0,5,0
8476887,2,0,3,0,9,0,10,4,31,7,34,2,0,0,4,2,9,1,48,11,3,2,12,4,23,1,36,5,0,0,7,1,15,0
8476923,2,0,6,0,15,2,1,0,7,1,4,0,0,0,3,0,4,0,9,2,2,0,1,0,5,0,17,2,0,0,1,0,16,1
8477425,1,0,1,0,2,0,3,0,2,0,2,0,0,0,2,0,2,0,32,8,1,0,8,0,2,0,6,0,0,0,3,0,4,0
8477446,0,0,2,0,2,0,15,2,4,1,6,0,0,0,5,0,4,0,35,5,6,0,5,0,12,0,6,0,1,0,2,0,4,0
8477497,4,0,3,1,1,0,5,2,11,1,10,0,1,0,2,0,5,0,51,6,17,0,8,0,2,0,8,3,0,0,2,0,1,0
8478047,0,0,3,0,6,0,7,2,5,0,14,2,0,0,2,0,1,0,41,7,6,0,12,0,7,2,13,1,1,0,2,0,6,0
8478460,0,0,7,0,33,2,1,0,36,3,27,4,1,0,3,0,48,2,16,1,0,0,30,2,16,2,28,6,0,0,2,0,12,0
8478500,1,0,9,0,29,4,0,0,15,1,16,1,1,0,2,0,35,1,11,2,2,0,14,0,3,0,6,0,1,0,1,0,12,0
8479370,1,0,1,0,3,0,9,1,9,0,8,1,0,0,3,0,5,0,22,6,1,0,11,0,3,0,12,0,0,0,4,0,3,0
8479371,0,0,5,1,14,2,0,0,2,0,3,1,0,0,0,0,3,0,0,0,0,0,3,0,6,0,7,0,0,0,1,0,24,1
8479671,1,0,4,0,2,0,6,1,6,1,8,1,0,0,3,0,2,0,30,8,3,0,2,0,8,1,11,3,0,0,1,0,6,0
8479944,0,0,0,0,0,0,0,0,1,0,3,0,0,0,1,0,2,0,7,1,0,0,0,0,1,0,0,0,0,0,0,0,2,0
8480246,0,0,6,0,10,1,0,0,6,0,1,0,0,0,0,0,3,0,6,0,2,0,2,0,6,0,13,2,0,0,3,0,21,0
8480806,0,0,1,0,1,0,1,0,4,1,5,0,0,0,3,0,1,0,13,3,4,0,9,0,6,0,3,0,0,0,1,0,1,0
8480893,1,0,1,0,10,1,3,1,34,6,42,8,0,0,11,1,3,0,38,5,4,0,23,1,11,0,26,4,0,0,5,0,6,0
8481056,0,0,2,0,8,0,0,0,2,0,7,2,0,0,1,0,17,0,2,0,0,0,9,0,2,0,2,0,0,0,0,0,4,0
8481716,3,0,1,0,1,0,13,3,7,2,8,1,1,0,5,0,3,0,51,11,5,0,3,0,1,0,6,0,0,0,1,0,1,0
8482062,1,0,5,0,0,0,2,0,5,1,6,1,0,0,3,0,2,1,33,3,2,0,2,0,4,1,3,0,0,0,0,0,1,1
8482111,0,0,0,0,7,0,2,0,1,0,0,0,0,0,0,0,1,0,5,0,0,0,0,0,2,0,8,0,1,0,1,0,3,0
8482482,0,0,1,0,12,0,1,0,5,1,3,0,0,0,1,0,9,0,9,0,1,0,4,0,1,0,7,0,0,0,0,0,5,0
8482660,2,0,1,1,2,0,4,1,8,0,18,0,1,0,4,0,5,0,30,5,4,0,6,0,9,0,15,0,0,0,3,0,2,0
8482705,1,0,5,2,4,0,5,0,19,1,19,2,0,0,1,0,8,0,29,3,3,0,19,0,5,0,12,0,0,0,1,0,5,0
8482768,1,0,0,0,1,0,0,0,14,1,7,0,1,0,2,0,6,0,22,2,1,0,2,0,3,0,9,0,0,0,1,1,0,0
8483465,0,0,1,0,1,0,0,0,1,0,2,0,0,0,0,0,1,0,3,1,1,0,0,0,2,0,0,0,0,0,0,0,0,0
8483485,0,0,1,0,20,2,1,0,9,1,7,1,0,0,3,0,11,1,8,4,6,0,4,0,2,1,5,2,0,0,1,0,10,1
8484166,1,0,2,0,4,1,4,0,16,4,32,3,0,0,8,0,6,0,59,9,1,1,20,0,16,2,32,4,0,0,8,0,5,0
8485405,0,0,0,0,0,0,0,0,1,0,0,0,0,0,0,0,0,0,0,0,0,0,0,0,0,0,0,0,0,0,0,0,1,0
8473604,3,0,0,0,4,0,14,7,8,0,13,1,1,0,3,0,4,0,34,3,3,0,3,0,9,0,3,0,0,0,2,0,1,0
8474568,0,0,4,0,7,1,0,0,0,0,0,0,0,0,0,0,0,0,0,0,1,0,0,0,5,0,1,0,0,0,0,0,17,0
8474679,3,0,1,0,1,0,2,0,8,1,2,0,0,0,3,0,1,0,16,0,1,0,5,0,2,0,9,0,0,0,6,0,2,0
8475168,2,1,1,0,1,0,5,1,8,1,4,0,0,0,6,0,0,0,33,6,3,1,1,0,9,1,8,1,0,0,8,4,0,0
8475794,0,0,0,0,0,0,0,0,4,2,2,1,0,0,2,0,0,0,15,3,1,0,1,1,1,0,3,0,0,0,0,0,2,0
8475799,0,0,1,0,4,0,10,2,6,0,7,1,0,0,2,0,5,0,28,4,5,0,4,0,4,0,7,1,0,0,0,0,1,0
8476278,0,0,4,0,3,0,1,0,6,1,11,0,1,0,3,0,4,0,11,3,1,0,2,0,3,0,6,0,0,0,2,0,3,0
8476331,0,0,4,0,9,1,0,0,4,0,2,0,0,0,0,0,3,0,3,0,1,0,0,0,2,0,7,0,0,0,2,0,38,2
8476460,3,1,1,0,3,0,6,0,20,7,31,5,1,0,11,1,0,0,60,11,2,0,7,1,8,2,19,6,1,0,1,1,1,1
8476480,1,0,5,2,1,0,3,0,6,0,11,1,0,0,2,0,3,0,27,5,2,0,3,0,3,0,8,0,0,0,0,0,1,0
8476871,1,1,2,1,0,0,2,0,2,1,7,0,0,0,0,0,6,0,11,3,0,0,5,0,5,0,6,1,0,0,1,0,4,0
8476889,0,0,0,0,2,0,2,0,4,1,1,0,0,0,0,0,1,0,13,1,2,0,4,0,1,0,7,0,0,0,1,0,0,0
8476902,0,0,9,0,20,1,0,0,9,1,10,2,0,0,6,0,13,0,5,1,1,0,6,0,0,0,1,0,0,0,0,0,3,1
8477504,0,0,3,0,43,3,2,1,11,3,17,2,4,0,2,0,28,2,3,2,5,0,14,0,0,0,6,1,1,0,1,0,6,0
8477938,0,0,1,0,3,0,0,0,1,0,4,1,0,0,2,0,9,0,4,1,0,0,1,0,0,0,1,0,0,0,0,0,0,0
8478398,2,0,0,0,15,2,6,3,33,5,34,4,0,0,7,2,4,0,58,14,1,1,14,0,29,1,41,5,0,0,18,2,12,0
8478420,1,0,3,0,6,0,4,3,22,1,17,1,0,0,5,0,2,0,43,15,2,0,2,0,9,1,17,1,0,0,5,0,1,0
8478449,1,0,3,1,2,0,2,0,9,1,11,1,1,0,1,0,3,0,68,9,1,0,6,0,3,0,11,3,0,0,3,0,1,0
8479351,1,0,3,0,4,0,3,3,14,2,10,1,0,0,0,0,1,0,35,5,3,0,3,0,2,1,3,0,0,0,0,0,0,0
8479378,0,0,1,0,19,0,0,0,3,0,13,3,0,0,1,0,39,1,2,2,3,0,8,3,1,0,4,0,0,0,0,0,2,0
8479414,0,0,0,0,0,0,2,0,2,1,2,0,0,0,0,0,0,0,12,5,1,0,2,0,1,0,1,0,0,0,0,0,2,0
8480014,1,1,0,0,4,0,14,6,13,4,8,1,0,0,7,0,0,0,71,17,1,0,4,0,6,0,14,1,0,0,5,0,2,0
8480027,2,0,3,0,14,3,13,2,32,4,41,2,1,0,16,3,8,1,95,21,7,0,12,0,9,2,25,5,0,0,7,2,9,0
8480036,0,0,10,1,28,2,0,0,20,0,9,1,0,0,4,0,12,0,8,2,0,0,10,1,5,0,17,1,0,0,3,0,22,1
8480113,2,0,3,1,2,0,6,1,12,1,10,1,1,0,3,0,2,0,52,7,4,0,4,1,3,0,2,1,0,0,3,0,5,0
8480145,0,0,5,0,28,1,0,0,5,0,4,1,0,0,0,0,8,0,1,0,2,0,2,0,3,0,1,0,0,0,1,0,37,1
8480289,1,0,3,0,3,0,4,2,4,0,12,2,0,0,2,0,2,0,33,7,4,0,10,0,8,0,6,0,0,0,1,0,0,0
8480878,2,0,2,0,3,0,0,0,3,1,0,0,0,0,0,0,1,0,3,1,0,0,0,0,5,0,5,0,0,0,0,0,22,1
8480950,0,0,1,0,5,0,0,0,2,0,0,0,0,0,0,0,1,0,0,0,0,0,0,0,5,1,7,0,0,0,1,0,11,0
8481043,1,1,6,0,3,0,1,1,8,1,6,0,0,0,1,0,5,0,22,4,1,0,10,0,7,0,10,1,0,0,3,0,2,0
8481581,0,0,5,0,34,2,0,0,11,0,13,1,0,0,1,0,24,0,4,2,0,0,2,0,2,0,11,1,0,0,2,0,4,0
8482145,0,0,4,2,5,0,10,3,12,0,17,0,0,0,7,2,8,0,49,11,1,0,5,1,9,0,13,1,0,0,3,0,4,0
8482740,2,0,2,0,2,0,10,3,35,11,9,1,0,0,5,1,1,0,101,27,1,0,3,1,9,0,14,0,1,0,5,0,6,1
8482787,0,0,0,0,0,0,0,0,2,0,1,0,0,0,0,0,0,0,3,0,0,0,1,0,0,0,2,0,0,0,0,0,0,0
8483425,0,0,1,0,11,2,0,0,0,0,4,2,0,0,0,0,5,0,1,0,0,0,2,0,0,0,0,0,0,0,0,0,3,0
8484829,0,0,0,0,2,0,5,0,8,1,6,1,0,0,4,1,1,0,39,9,0,0,4,0,2,0,8,1,0,0,2,1,2,0
8474013,1,0,8,0,6,0,1,0,3,2,8,1,0,0,6,0,13,0,2,0,2,0,6,0,2,0,0,0,0,0,0,0,4,0
8475461,0,0,0,0,0,0,0,0,0,0,0,0,0,0,0,0,0,0,0,0,0,0,0,0,0,0,0,0,0,0,0,0,0,0
8476874,0,0,5,0,3,0,1,1,3,0,2,0,0,0,0,0,4,0,3,1,2,0,5,0,1,0,1,0,0,0,0,0,4,0
8477220,0,0,11,0,10,0,0,0,5,0,10,0,0,0,1,1,34,1,3,1,0,0,4,1,0,0,6,1,0,0,0,0,2,0
8477951,1,0,1,0,9,0,4,2,23,3,17,2,0,0,8,3,5,0,84,20,1,0,6,0,8,0,21,3,0,0,4,0,14,0
8478474,1,0,8,0,4,0,3,0,17,4,14,2,0,0,2,1,3,0,54,11,4,1,9,0,4,1,6,3,0,0,8,1,4,0
8478507,0,0,7,2,9,0,4,0,2,0,1,0,0,0,2,0,1,0,2,0,0,0,1,0,6,0,5,0,0,0,1,1,14,1
8478831,0,0,3,1,3,0,1,0,5,1,6,0,0,0,1,0,1,0,16,2,4,0,3,0,6,0,8,0,0,0,2,0,7,0
8479293,1,0,1,0,3,0,1,0,2,0,2,0,0,0,4,0,0,0,16,0,3,0,3,0,2,0,0,0,0,0,2,0,2,0
8479343,0,0,0,0,9,0,7,1,23,3,24,2,4,0,9,2,5,1,52,11,7,3,12,1,24,1,35,1,0,0,4,0,10,0
8479410,0,0,17,0,52,6,2,0,12,1,7,0,0,0,1,0,27,0,3,0,1,0,13,0,1,0,11,3,0,0,1,0,11,0
8479977,0,0,0,0,1,0,6,2,8,3,4,0,0,0,1,0,0,0,25,7,0,0,1,0,6,1,7,0,0,0,0,0,1,0
8480434,1,0,2,0,22,0,0,0,4,0,1,0,0,0,0,0,8,0,9,3,4,0,1,0,6,2,7,0,0,0,2,0,17,0
8480855,1,0,4,1,0,0,10,3,3,1,10,0,1,0,4,0,4,0,52,4,2,0,8,0,2,0,1,0,0,0,3,0,1,0
8482175,2,0,1,0,6,0,3,2,19,2,22,4,0,0,6,1,6,0,30,8,3,0,11,3,15,2,24,3,0,0,5,0,6,0
8482699,2,0,1,0,13,2,6,2,20,4,43,7,0,0,7,1,13,1,53,14,1,0,22,3,12,0,34,6,0,0,1,0,14,0
8483431,2,0,3,2,3,0,2,1,9,2,9,1,0,0,4,0,6,0,40,14,0,0,8,0,4,1,9,1,0,0,2,2,1,0
8484386,0,0,0,0,4,0,0,0,1,0,1,0,0,0,1,0,10,0,2,0,1,0,3,0,0,0,1,0,0,0,0,0,2,0
8474574,0,0,1,0,12,0,1,0,5,0,1,0,0,0,1,0,6,0,9,1,2,0,2,0,10,0,13,0,0,0,3,0,22,0
8475169,3,0,3,0,11,1,11,1,7,1,26,2,2,0,4,0,5,0,33,5,3,0,23,0,14,0,8,0,0,0,12,2,6,1
8475762,0,0,0,0,0,0,0,0,0,0,1,0,0,0,0,0,0,0,0,0,0,0,0,0,0,0,0,0,0,0,0,0,0,0
8477969,0,0,8,1,8,0,1,0,0,0,9,2,0,0,0,0,21,0,2,0,4,0,7,0,1,0,2,0,0,0,0,0,3,0
8478444,0,0,4,2,6,0,6,1,27,2,22,2,0,0,8,2,3,0,41,9,4,0,8,0,6,0,20,3,0,0,2,1,9,0
8478498,3,0,4,0,7,0,24,3,11,0,19,1,0,0,2,0,4,0,97,19,14,0,9,0,4,0,12,0,0,0,4,0,5,0
8478856,5,0,3,1,6,0,6,0,11,1,15,0,0,0,7,0,1,0,39,6,3,0,5,0,7,0,20,3,1,0,3,1,5,0
8479425,0,0,16,0,36,1,0,0,9,1,1,0,0,0,1,0,10,0,7,3,5,0,1,0,8,1,15,2,0,0,0,0,28,0
8480012,4,0,4,0,10,0,6,1,18,4,9,0,1,0,3,1,3,0,33,5,3,0,8,0,4,1,22,2,1,0,1,1,2,0
8480078,0,0,0,0,0,0,1,0,2,0,4,0,1,0,0,0,0,0,9,3,0,0,2,0,1,0,3,0,0,0,1,0,0,0
8480748,0,0,2,1,13,0,4,2,18,1,11,0,0,0,7,0,6,0,55,13,2,0,6,1,16,3,17,2,0,0,3,0,12,0
8480800,0,0,5,1,41,0,0,0,28,2,28,0,0,0,5,1,25,0,10,2,1,0,13,0,8,0,9,1,0,0,3,0,11,0
8482055,2,0,0,0,3,0,11,1,7,2,11,3,0,0,2,1,4,0,56,8,3,1,9,0,7,0,14,1,0,0,3,0,4,0
8482691,1,0,1,0,5,0,4,1,7,0,13,2,0,0,0,0,5,0,15,1,1,0,2,0,1,0,4,0,0,0,2,0,4,0
8483395,1,0,0,0,0,0,2,0,1,0,0,0,0,0,1,0,1,0,11,1,0,0,1,0,0,0,0,0,0,0,0,0,0,0
8483476,0,0,0,0,0,0,0,0,1,1,3,0,0,0,1,0,2,0,0,0,0,0,0,0,0,0,2,1,0,0,0,0,1,0
8483678,0,0,4,0,11,0,0,0,1,0,5,2,0,0,0,0,19,1,2,0,0,0,3,0,0,0,0,0,0,0,1,0,0,0
8485385,0,0,0,0,0,0,0,0,0,0,0,0,0,0,0,0,0,0,0,0,0,0,0,0,0,0,0,0,0,0,0,0,0,0
8471817,0,0,1,0,0,0,4,3,2,0,1,0,0,0,0,0,1,0,9,0,1,0,0,0,2,0,2,0,0,0,0,0,2,0
8475181,0,0,2,0,5,0,0,0,1,1,0,0,0,0,0,0,3,0,0,0,0,0,1,0,1,0,1,0,0,0,0,0,2,0
8475200,0,0,4,0,19,0,0,0,6,1,5,0,0,0,1,0,28,0,3,1,0,0,21,1,1,0,1,0,0,0,0,0,2,0
8475726,2,0,1,0,11,2,9,3,15,4,9,0,0,0,6,1,5,1,60,5,9,0,5,0,8,0,23,2,0,0,1,0,8,1
8475784,0,0,0,0,3,0,4,1,9,1,10,1,1,1,0,0,0,0,14,2,2,0,1,0,2,0,6,0,0,0,4,0,0,0
8475906,0,0,5,0,26,3,0,0,9,4,4,0,0,0,1,0,2,0,3,2,1,0,1,0,6,0,6,1,0,0,1,0,14,0
8476624,0,0,7,0,0,0,4,1,6,1,3,0,0,0,1,0,3,0,24,3,1,0,10,0,1,0,5,0,0,0,1,0,0,0
8477018,1,0,4,0,20,1,0,0,5,1,7,2,0,0,0,0,16,0,3,1,1,0,4,0,0,0,5,1,0,0,0,0,5,0
8477505,0,0,3,0,2,0,11,2,9,3,5,0,0,0,2,0,1,0,42,11,6,0,3,1,1,0,6,1,0,0,1,0,1,0
8478874,1,0,0,0,4,0,8,3,9,4,11,1,0,0,1,0,4,0,31,8,2,0,4,0,3,0,12,1,0,0,3,0,3,0
8479983,0,0,8,1,12,1,0,0,5,1,3,0,0,0,0,0,32,0,5,3,5,0,10,0,0,0,5,1,0,0,0,0,9,0
8480043,0,0,2,0,5,0,0,0,3,0,1,0,0,0,0,0,2,0,4,0,0,0,0,0,1,0,4,0,0,0,0,0,18,1
8480798,0,0,0,0,2,0,2,0,6,0,7,2,0,0,0,0,0,0,19,5,1,0,4,0,3,0,12,0,0,0,1,0,5,0
8480848,0,0,0,0,2,0,7,2,2,0,3,0,0,0,0,0,0,0,20,0,2,0,5,0,4,0,3,0,1,0,0,0,1,0
8482166,0,0,3,0,12,1,0,0,2,1,1,0,0,0,0,0,12,1,2,1,0,0,5,0,2,0,4,1,0,0,1,0,5,0
8482667,1,0,0,0,3,0,11,1,12,1,15,0,0,0,3,1,3,0,63,11,3,0,13,0,9,0,23,0,0,0,11,1,6,0
8484227,1,0,2,0,3,0,4,2,21,4,43,4,0,0,8,3,3,0,40,9,2,0,4,0,1,0,25,1,0,0,3,1,6,0
8484801,2,0,2,0,20,2,5,2,66,16,52,8,0,0,4,2,3,1,54,11,5,1,17,1,6,0,41,1,0,0,5,0,5,0
8484911,1,0,3,0,3,0,4,2,14,2,5,3,0,0,3,0,0,0,66,13,1,0,1,0,7,0,5,0,0,0,4,1,1,0
8473986,1,0,6,0,3,0,6,1,17,2,15,0,0,0,3,0,2,0,53,8,2,0,12,0,9,1,10,2,0,0,4,0,5,1
8474586,4,0,2,1,3,0,12,2,12,4,10,1,0,0,10,0,1,1,68,14,3,0,2,0,12,0,17,3,0,0,3,0,9,0
8475184,0,0,2,0,3,1,9,3,16,2,15,1,0,0,1,0,7,0,64,11,1,0,5,0,2,1,10,3,0,0,2,0,2,0
8475462,0,0,6,0,12,1,0,0,0,0,0,0,0,0,0,0,1,0,2,0,2,0,1,0,2,0,2,0,0,0,0,0,35,1
8475768,0,0,1,1,4,0,3,1,8,0,5,1,1,0,2,0,1,0,30,6,2,0,4,0,2,0,8,1,0,0,8,1,3,0
8475798,0,0,1,0,3,1,8,2,14,6,10,1,1,0,6,2,2,1,32,3,1,0,11,0,8,0,12,2,0,0,7,1,1,0
8476457,0,0,3,0,16,1,0,0,4,3,4,0,0,0,0,0,6,0,3,0,0,0,0,0,8,1,12,0,1,0,1,0,48,2
8476467,0,0,6,0,12,1,0,0,7,2,7,0,0,0,1,0,12,0,6,1,0,0,5,0,3,0,2,0,0,0,3,0,13,1
8476885,2,0,7,1,19,1,0,0,4,0,2,0,0,0,0,0,8,0,10,2,2,0,1,0,14,0,14,2,0,0,3,1,80,3
8476905,0,0,4,0,4,0,3,2,9,1,14,1,0,0,4,1,0,0,24,6,6,0,10,2,3,1,10,2,0,0,1,0,1,0
8477527,2,0,0,0,0,0,2,1,2,0,3,0,0,0,3,0,0,0,12,2,0,0,4,0,1,0,4,0,0,0,0,0,0,0
8477919,0,0,5,1,4,0,4,0,5,1,0,0,0,0,4,1,1,0,21,3,3,0,2,0,6,0,10,1,1,0,2,0,2,0
8477955,1,0,4,3,8,1,4,0,12,5,10,0,1,0,0,0,4,0,23,8,5,0,3,0,9,1,27,1,0,0,2,0,4,1
8477986,0,0,1,0,46,2,3,0,9,1,7,1,0,0,3,0,5,1,7,2,2,0,5,0,13,0,16,1,3,1,6,1,48,1
8478366,0,0,0,0,4,0,1,0,10,0,6,0,0,0,2,0,4,0,20,4,4,1,14,0,6,0,5,0,0,0,2,0,1,0
8478407,0,0,6,0,51,0,0,0,16,2,30,4,0,0,2,0,41,0,4,3,2,0,14,0,3,0,5,1,0,0,1,0,4,1
8478873,1,0,3,0,1,0,6,2,28,2,23,0,0,0,3,1,3,0,49,11,3,1,5,0,4,0,26,1,0,0,3,1,3,0
8478975,3,0,1,0,4,1,3,0,17,2,13,2,0,0,3,0,4,0,37,10,4,1,8,1,2,0,14,2,0,0,2,0,4,0
8479324,0,0,3,0,6,0,1,0,6,0,5,0,0,0,0,0,14,0,2,1,0,0,8,1,0,0,0,0,0,0,2,0,1,0
8479372,0,0,0,0,3,0,0,0,3,0,4,0,0,0,0,0,2,0,1,1,0,0,2,0,0,0,0,0,0,0,0,0,0,0
8480009,0,0,5,0,7,0,3,1,15,0,13,1,0,0,3,0,5,0,23,2,5,0,6,0,10,1,40,7,0,0,3,0,3,0
8480068,1,0,3,0,3,0,8,1,7,0,8,0,1,0,7,0,2,0,27,8,3,1,12,0,2,0,2,1,0,0,1,0,7,0
8481563,0,0,2,0,5,0,0,0,2,0,0,0,0,0,0,0,0,0,0,0,0,0,0,0,6,0,7,0,0,0,1,1,16,1
8481605,3,0,2,1,34,4,7,1,5,1,22,0,3,1,3,1,29,0,15,1,0,0,19,0,2,0,3,0,0,0,2,0,8,0
8481789,0,0,0,0,2,0,1,0,3,2,7,0,0,0,1,0,4,0,20,4,0,0,7,1,4,0,5,1,0,0,1,0,1,0
8482118,0,0,0,0,0,0,0,0,0,0,1,0,0,0,0,0,0,0,1,1,0,0,0,0,3,0,0,0,0,0,1,0,1,0
8482665,0,0,1,0,4,0,6,2,23,1,14,0,0,0,5,0,0,0,57,14,0,0,4,0,10,1,16,1,0,0,6,1,3,0
8482745,1,0,1,0,5,0,6,0,13,2,14,3,0,0,3,0,5,0,42,8,2,0,9,1,11,1,24,2,0,0,4,0,6,0
8482751,2,0,1,0,0,0,2,1,13,2,8,0,0,0,3,0,2,0,22,1,2,0,2,0,5,0,12,0,1,0,9,0,3,0
8482803,0,0,4,0,15,0,1,0,15,0,16,2,1,0,4,0,23,1,9,4,0,0,21,0,2,0,3,0,1,0,0,0,4,0
8483445,2,1,2,0,11,0,5,1,29,5,40,2,2,0,7,1,12,0,47,12,8,0,30,0,17,4,48,11,0,0,11,2,14,2
8483490,0,0,4,1,4,0,1,0,9,2,12,2,0,0,0,0,19,0,8,2,0,0,18,0,1,1,2,0,0,0,0,0,1,0
8483497,0,0,0,0,0,0,0,0,2,1,2,0,0,0,1,0,1,0,12,2,0,0,2,0,1,0,9,1,0,0,2,0,1,0
8483524,0,0,0,0,3,0,2,1,11,0,8,0,0,0,3,0,1,0,45,9,3,0,1,0,2,0,12,2,0,0,4,0,2,0
8484153,0,0,1,0,8,0,0,0,20,3,38,8,0,0,4,0,5,0,62,16,1,0,11,0,7,0,27,1,1,0,6,1,2,0
8484762,1,0,1,0,11,0,14,1,24,4,21,1,0,0,9,2,9,0,74,13,3,0,1,0,8,1,14,1,1,0,3,0,3,0
8480074,0,0,3,0,2,0,3,1,6,1,14,2,0,0,2,0,5,0,18,3,2,0,6,0,0,0,6,0,1,0,2,1,4,0
8484180,1,0,0,0,1,0,0,0,2,0,2,0,0,0,0,0,2,0,9,1,1,0,1,1,1,0,1,0,0,0,1,0,0,0
8484768,0,0,2,0,11,0,1,0,4,1,4,1,0,0,1,0,3,0,5,0,1,0,1,1,2,0,6,1,0,0,0,0,8,0
8480887,0,0,2,0,1,0,0,0,0,0,3,1,0,0,0,0,3,0,1,0,1,0,1,0,0,0,0,0,0,0,0,0,0,0
8482671,0,0,1,0,23,2,0,0,13,2,10,2,0,0,3,0,16,0,11,2,4,0,10,0,4,0,9,0,0,0,1,0,15,0
8482896,0,0,0,0,0,0,2,1,0,0,1,0,0,0,3,0,1,0,8,1,1,0,4,0,1,0,6,0,0,0,2,0,1,0
8480879,0,0,0,0,7,0,0,0,4,1,2,0,0,0,0,0,3,0,1,0,0,0,0,0,0,0,1,0,0,0,0,0,23,0
8481013,0,0,1,0,1,0,0,0,5,1,4,0,0,0,1,0,4,0,16,2,1,0,4,0,3,0,10,4,0,0,6,1,2,0
8479772,0,0,0,0,0,0,0,0,1,0,0,0,0,0,0,0,0,0,2,0,1,0,0,0,0,0,0,0,0,0,0,0,0,0
8482090,0,0,3,0,0,0,2,0,2,0,2,0,0,0,0,0,0,0,10,2,0,0,0,0,4,0,1,0,0,0,0,0,2,0
8484304,0,0,6,0,15,1,0,0,11,1,8,1,0,0,1,0,8,1,3,0,0,0,1,0,2,0,6,1,0,0,1,0,4,0
8483553,1,0,0,0,3,0,5,1,4,0,9,0,0,0,0,0,1,0,16,1,1,0,2,0,3,0,5,1,1,0,1,0,3,0
8475810,4,1,3,0,6,0,17,3,18,2,23,3,1,0,8,2,1,0,54,11,5,0,7,0,7,0,25,6,0,0,3,1,1,0
8481704,0,0,0,0,0,0,0,0,1,0,2,0,0,0,0,0,2,0,8,2,0,0,3,0,0,0,0,0,0,0,0,0,0,0
8483733,0,0,2,0,1,0,0,0,6,1,4,0,0,0,0,0,2,1,10,2,1,0,3,0,0,0,1,0,0,0,0,0,2,0
8484779,0,0,0,0,0,0,0,0,0,0,0,0,0,0,0,0,0,0,0,0,0,0,0,0,0,0,0,0,0,0,1,0,0,0
8482117,0,0,1,0,0,0,1,0,5,0,4,0,0,0,2,1,0,0,7,1,0,0,2,1,0,0,1,0,0,0,1,0,0,0
8482146,1,0,1,0,3,2,8,1,8,0,11,0,1,0,4,0,3,0,46,7,7,0,3,0,26,0,28,1,0,0,3,1,23,0
8476463,0,0,6,0,16,1,0,0,1,0,5,1,0,0,0,0,17,0,3,0,6,0,12,2,2,0,1,0,0,0,1,0,6,0
8482470,0,0,1,0,3,0,0,0,1,0,3,1,0,0,0,0,6,0,0,0,0,0,2,0,1,0,1,0,0,0,0,0,5,0
8481754,0,0,3,0,1,0,1,0,1,0,2,0,0,0,1,0,0,0,11,0,3,0,2,0,1,0,2,0,0,0,1,1,2,0
8484806,0,0,2,0,12,0,0,0,5,0,4,0,1,0,1,0,22,0,6,1,1,0,14,0,0,0,3,0,0,0,1,0,0,0
8477380,0,0,0,0,4,0,1,1,5,1,4,1,0,0,2,0,4,0,15,3,0,0,3,0,10,0,13,0,0,0,0,0,2,0
8477947,1,0,0,0,0,0,0,0,4,1,4,0,0,0,3,1,2,0,12,1,0,0,4,0,0,0,3,1,0,0,1,0,0,0
8480990,0,0,0,0,5,0,0,0,0,0,3,0,0,0,0,0,8,0,1,1,0,0,2,0,0,0,1,0,0,0,0,0,0,0
8481525,0,0,7,0,15,3,0,0,1,0,10,0,0,0,2,1,26,1,1,0,1,0,10,0,1,0,3,1,0,0,0,0,2,0
8482623,1,0,2,0,1,0,0,0,2,0,2,0,0,0,2,0,3,0,12,1,1,0,2,0,0,0,0,0,0,0,0,0,1,0
8482655,0,0,4,0,16,1,1,0,8,0,18,3,0,0,1,0,38,1,9,2,1,0,3,0,1,0,1,0,0,0,1,0,9,0
8480245,0,0,0,0,0,0,0,0,0,0,2,0,0,0,0,0,1,0,2,1,1,0,1,0,0,0,0,0,0,0,0,0,0,0
8481606,0,0,4,0,21,0,0,0,5,1,6,0,0,0,0,0,3,0,7,3,1,0,2,0,16,0,12,1,0,0,1,0,30,2
8482095,0,0,9,0,12,0,0,0,1,0,10,1,0,0,0,0,33,0,3,2,1,0,16,0,1,0,1,0,0,0,0,0,3,0
8476525,0,0,1,0,8,0,0,0,1,0,1,0,0,0,0,0,4,0,0,0,0,0,0,0,0,0,1,0,0,0,0,0,4,0
8474037,0,0,2,0,1,0,8,3,5,0,4,0,0,0,3,0,1,0,52,10,2,0,2,0,5,0,7,2,0,0,5,0,2,0
8484158,0,0,1,0,7,0,1,0,13,2,15,1,0,0,6,0,2,0,19,4,4,0,3,1,4,1,9,1,1,0,1,1,6,0
8482126,0,0,3,0,3,0,0,0,7,1,3,0,0,0,0,0,6,1,8,0,1,0,1,0,0,0,2,0,0,0,0,0,2,0
8481161,0,0,0,0,1,0,0,0,1,0,5,0,0,0,0,0,8,0,0,0,0,0,8,0,1,0,0,0,0,0,0,0,2,0
8483531,0,0,0,0,0,0,0,0,1,0,0,0,0,0,0,0,0,0,1,0,0,0,1,0,1,0,0,0,0,0,3,1,0,0
8483768,0,0,3,0,3,0,0,0,0,0,0,0,0,0,0,0,1,0,0,0,0,0,0,0,0,0,2,0,0,0,0,0,5,0
8483525,3,0,0,0,1,0,4,2,6,0,8,1,0,0,1,0,5,0,38,8,1,0,0,0,2,0,10,1,0,0,1,0,0,0
8479619,3,0,1,0,3,0,9,1,7,1,10,1,1,0,4,1,9,0,35,6,2,0,13,2,16,1,18,3,2,0,5,0,9,0
8480849,2,0,4,1,1,0,7,0,12,2,9,0,0,0,5,2,4,0,51,4,2,0,6,0,3,0,9,1,0,0,1,0,3,0
8482103,0,0,2,0,1,0,0,0,3,0,1,0,0,0,2,0,1,0,8,1,1,0,0,0,2,0,3,0,0,0,1,0,0,0
8478458,0,0,0,0,5,0,7,2,14,1,13,3,0,0,4,0,3,0,39,11,2,0,9,2,21,1,16,1,0,0,3,0,5,0
8479442,0,0,5,0,6,1,2,1,5,0,5,1,0,0,0,0,0,0,1,0,1,0,0,0,12,0,10,0,0,0,2,0,15,0
8481133,0,0,0,0,3,0,1,0,6,1,4,1,0,0,1,0,4,0,15,7,2,0,6,0,1,0,6,0,0,0,0,0,0,0
8482624,0,0,0,0,0,0,0,0,0,0,0,0,0,0,0,0,0,0,0,0,0,0,0,0,0,0,0,0,0,0,0,0,0,0
8475755,0,0,2,0,9,0,0,0,5,1,1,0,0,0,0,0,1,0,0,0,0,0,0,0,4,0,7,1,0,0,0,0,28,0
8476422,0,0,3,0,7,0,2,1,2,0,2,0,0,0,1,0,19,0,1,0,0,0,15,0,2,0,1,0,0,0,1,0,7,0
8476873,0,0,0,0,2,0,6,1,7,2,6,0,0,0,1,0,1,0,29,7,0,0,1,0,0,0,9,1,0,0,0,0,1,0
8485402,2,0,0,0,1,0,8,2,4,1,5,1,0,0,3,0,3,0,23,4,0,0,3,0,0,0,5,1,0,0,1,0,0,0
8476856,0,0,1,0,1,0,0,0,0,0,1,0,0,0,0,0,1,0,0,0,0,0,0,0,0,0,1,1,0,0,0,0,2,0
8477365,0,0,3,0,6,0,1,0,2,0,0,0,0,0,0,0,1,0,0,0,0,0,0,0,2,1,5,1,0,0,1,0,14,0
8480208,1,0,0,0,7,0,10,6,20,4,17,2,0,0,6,2,4,0,60,18,1,0,10,0,13,0,12,1,0,0,4,0,2,0
8484145,3,0,0,0,1,0,12,4,8,1,10,1,1,0,2,0,2,0,50,6,3,0,9,0,4,0,5,1,0,0,3,0,3,0
8481593,0,0,2,0,3,0,0,0,1,0,2,1,0,0,3,1,6,0,2,0,0,0,1,0,0,0,4,0,0,0,1,0,1,0
8481560,1,0,0,0,0,0,0,0,0,0,0,0,0,0,0,0,0,0,2,0,0,0,0,0,0,0,1,0,0,0,0,0,0,0
8481237,2,0,0,0,2,0,1,0,2,1,2,0,1,0,1,0,1,0,14,1,1,0,6,0,5,0,2,0,0,0,2,0,1,0
8481546,0,0,11,0,18,1,3,0,11,0,7,0,0,0,0,0,14,0,13,1,1,0,5,0,0,0,5,2,0,0,1,0,0,0
8484135,0,0,0,0,1,0,0,0,1,0,2,0,0,0,0,0,0,0,1,0,0,0,1,0,2,0,0,0,0,0,0,0,2,0
8482475,0,0,0,0,12,1,0,0,14,4,20,4,0,0,1,0,9,0,35,7,5,0,9,1,5,0,17,3,0,0,5,1,8,0
8477454,1,0,0,0,1,0,1,0,1,1,3,1,0,0,0,0,1,0,23,3,1,0,4,0,2,0,4,1,0,0,1,0,0,0
8481024,2,0,0,0,1,0,11,3,13,1,7,2,0,0,4,0,1,0,50,8,2,0,3,0,9,0,10,1,0,0,2,0,1,0
8484136,1,0,0,0,1,0,5,2,6,2,6,0,1,0,2,0,0,0,19,6,1,0,7,1,5,0,5,2,0,0,1,0,2,0
8479705,0,0,3,0,1,0,6,1,2,0,9,1,0,0,2,0,2,0,26,1,1,0,6,0,0,0,4,0,0,0,0,0,0,0
8482726,0,0,0,0,0,0,3,0,0,0,5,3,0,0,2,0,2,0,13,1,0,0,7,0,2,0,1,1,0,0,1,0,2,0
8476927,0,0,3,1,3,0,0,0,7,3,7,0,0,0,1,0,5,0,10,4,4,0,5,0,1,0,5,1,0,0,0,0,0,0
8477070,0,0,1,0,1,0,1,1,2,0,6,0,0,0,1,0,1,0,10,1,1,0,2,0,2,0,6,0,0,0,1,1,0,0
8479576,0,0,1,0,5,0,0,0,0,0,1,0,0,0,0,0,0,0,1,1,0,0,0,0,7,0,0,0,0,0,1,0,18,0
8482861,0,0,0,0,2,0,0,0,1,0,0,0,0,0,0,0,1,0,1,0,0,0,0,0,2,0,0,0,0,0,0,0,8,0
8480871,0,0,1,0,3,0,0,0,2,0,1,0,0,0,1,0,2,0,0,0,0,0,0,0,3,0,3,0,0,0,0,0,1,0
8477508,2,0,0,0,0,0,2,0,2,2,2,0,0,0,0,0,0,0,15,2,0,0,0,0,1,0,4,0,0,0,2,0,0,0
8477401,0,0,0,0,0,0,0,0,0,0,0,0,0,0,0,0,0,0,1,0,0,0,0,0,0,0,0,0,0,0,1,0,0,0
8479985,0,0,1,0,2,0,0,0,1,0,1,0,0,0,0,0,0,0,0,0,0,0,0,0,2,0,3,0,0,0,0,0,12,1
8480813,1,0,2,0,3,0,2,0,6,1,4,0,1,0,1,0,3,0,13,0,1,0,1,0,3,0,8,1,0,0,3,0,0,0
8483424,0,0,0,0,1,0,0,0,0,0,1,1,0,0,0,0,0,0,5,0,0,0,0,0,1,0,1,0,0,0,0,0,2,0
8475752,0,0,2,0,0,0,0,0,2,0,3,0,0,0,0,0,2,0,10,2,1,0,0,0,2,0,1,0,0,0,1,0,2,0
8482516,0,0,1,0,7,0,1,1,0,0,0,0,0,0,0,0,2,0,0,0,1,0,1,0,2,0,2,1,0,0,1,0,2,0
8483565,1,0,2,0,17,3,1,0,1,0,1,0,0,0,2,0,4,1,7,2,0,0,0,0,7,0,8,0,0,0,5,1,16,1
8481556,0,0,1,0,1,0,0,0,4,0,3,0,0,0,0,0,2,0,12,2,1,0,8,0,2,0,3,1,0,0,0,0,0,0
8482947,1,0,0,0,2,0,0,0,3,0,2,0,0,0,0,0,6,0,11,0,3,0,2,0,0,0,2,1,0,0,3,0,0,0
8476456,0,0,2,0,0,0,5,2,5,0,13,1,0,0,0,0,1,0,35,5,4,0,3,0,3,0,8,1,0,0,0,0,4,1
8482125,0,0,1,0,2,1,5,0,1,0,3,0,0,0,0,0,2,0,8,2,0,0,0,0,2,0,2,0,0,0,1,0,3,0
8482172,0,0,2,0,0,0,2,0,5,1,3,0,0,0,0,0,1,0,23,2,1,0,2,0,1,0,7,0,0,0,0,0,0,0
8482178,0,0,3,0,6,1,1,0,2,0,3,0,0,0,1,0,4,0,8,1,1,0,3,0,4,0,7,2,0,0,2,0,21,0
8480259,0,0,0,0,1,0,2,0,0,0,5,0,0,0,1,0,2,0,4,1,0,0,4,0,2,0,1,0,0,0,2,0,2,0
8484800,1,0,0,0,2,0,3,2,11,1,16,0,0,0,1,0,1,0,28,3,0,0,5,0,2,1,1,0,0,0,6,0,1,0
8484305,0,0,0,0,0,0,0,0,2,1,0,0,0,0,0,0,1,0,3,1,0,0,0,0,4,0,2,0,0,0,1,0,11,0
8483471,1,0,1,0,1,1,1,0,0,0,2,0,0,0,1,0,0,0,8,1,1,0,1,0,3,0,6,1,0,0,1,0,0,0
8484428,0,0,2,1,1,0,0,0,0,0,0,0,0,0,0,0,0,0,0,0,0,0,0,0,0,0,3,0,0,0,0,0,6,0
8478013,0,0,4,0,17,2,0,0,9,3,5,0,0,0,3,1,23,0,6,0,1,0,4,0,4,0,5,0,0,0,1,1,14,1
8476425,0,0,0,0,1,0,1,0,0,0,0,0,0,0,0,0,0,0,0,0,0,0,0,0,0,0,0,0,0,0,0,0,0,0
8480058,0,0,0,0,4,0,0,0,2,0,2,0,0,0,1,0,5,1,1,0,0,0,2,0,0,0,2,0,0,0,0,0,3,0
8482496,0,0,0,0,0,0,0,0,0,0,1,0,0,0,0,0,0,0,0,0,0,0,0,0,0,0,0,0,0,0,0,0,0,0
8483570,1,0,2,0,0,0,7,3,5,0,5,1,0,0,0,0,0,0,20,1,1,0,8,1,4,0,7,1,0,0,0,0,1,0
8483573,0,0,1,0,1,0,1,0,11,3,2,0,0,0,4,0,1,0,44,6,3,0,3,1,9,1,6,1,0,0,4,0,1,0
8470621,4,0,2,1,3,0,11,6,6,2,5,1,0,0,2,0,1,0,44,7,3,0,2,0,13,0,8,0,0,0,4,0,5,0
8476474,4,0,2,0,2,0,5,1,3,0,2,1,0,0,1,0,1,0,18,1,4,0,1,0,4,0,0,0,1,0,2,0,2,0
8483500,1,0,2,0,3,1,1,0,6,1,7,0,1,0,0,0,1,0,15,7,2,0,1,0,5,0,7,2,0,0,4,0,4,0
8482749,0,0,0,0,0,0,0,0,0,0,0,0,0,0,0,0,0,0,0,0,0,0,1,0,0,0,1,0,0,0,0,0,0,0
8480828,0,0,0,0,1,0,0,0,0,0,1,0,0,0,0,0,1,0,0,0,0,0,0,0,0,0,0,0,0,0,0,0,0,0
8483752,1,0,1,0,2,0,0,0,5,0,10,2,0,0,1,0,2,0,16,4,2,0,3,0,5,0,6,0,0,0,2,1,0,0
8476897,2,0,2,0,2,1,4,1,1,0,4,1,0,0,3,0,1,0,9,2,1,0,1,0,3,0,3,0,0,0,0,0,1,0
8484241,0,0,0,0,2,0,2,1,14,3,8,1,0,0,1,0,3,0,32,5,2,0,2,0,8,1,18,5,0,0,5,1,6,0
8482911,0,0,1,0,5,0,0,0,1,0,2,1,0,0,0,0,4,0,0,0,0,0,0,0,5,0,3,0,0,0,0,0,22,0
8477541,0,0,0,0,2,0,0,0,0,0,0,0,0,0,0,0,3,1,0,0,0,0,0,0,0,0,0,0,0,0,0,0,0,0
8479026,0,0,3,0,9,0,0,0,2,0,1,0,0,0,0,0,0,0,0,0,1,0,1,0,5,0,5,0,0,0,0,0,15,0
8481569,0,0,0,0,1,0,0,0,1,0,1,0,0,0,0,0,1,0,0,0,0,0,0,0,0,0,0,0,0,0,1,0,2,0
8476878,0,0,2,0,2,0,7,1,11,2,4,0,0,0,2,0,1,0,37,5,7,0,7,1,3,0,3,0,0,0,3,0,0,0
8480426,0,0,3,0,16,1,0,0,11,2,9,0,0,0,1,1,19,0,4,2,1,0,6,0,2,0,4,0,0,0,1,0,3,0
8481655,0,0,0,0,1,0,4,1,1,1,2,1,0,0,1,0,2,0,8,1,0,0,0,0,1,0,3,1,0,0,0,0,2,0
8475795,0,0,0,0,2,0,0,0,1,0,0,0,0,0,0,0,1,0,0,0,0,0,0,0,0,0,0,0,0,0,0,0,1,0
8479980,1,0,7,0,13,1,0,0,0,0,9,0,0,0,1,0,14,2,2,0,2,0,3,0,0,0,1,0,0,0,1,0,2,0
8484203,0,0,0,0,0,0,0,0,0,0,2,1,0,0,0,0,1,0,6,2,1,0,1,0,0,0,1,0,0,0,0,0,0,0
8482072,0,0,0,0,0,0,0,0,1,0,1,0,0,0,0,0,0,0,2,0,0,0,2,0,0,0,1,0,0,0,0,0,1,0
8480840,0,0,5,0,0,0,3,1,2,0,1,0,0,0,1,0,2,0,21,4,2,0,2,0,1,0,1,0,0,0,1,0,0,0
8482747,0,0,0,0,1,0,0,0,2,0,3,0,0,0,0,0,0,0,7,1,0,0,1,0,0,0,1,1,0,0,0,0,0,0
8483503,0,0,0,0,0,0,0,0,0,0,0,0,0,0,0,0,1,0,0,0,0,0,0,0,0,0,0,0,0,0,0,0,0,0
8480891,0,0,0,0,6,0,1,0,2,0,3,0,0,0,1,0,2,0,1,0,1,0,1,0,7,0,5,0,0,0,1,0,15,0
8478424,0,0,0,0,2,0,2,0,3,0,3,0,0,0,2,1,3,0,15,2,1,0,3,0,1,0,1,0,0,0,0,0,1,0
8479393,0,0,1,0,0,0,1,0,6,0,3,0,1,0,0,0,1,0,13,3,0,0,5,1,3,0,4,0,0,0,1,0,2,0
8481219,0,0,5,0,14,0,0,0,1,1,3,0,0,0,0,0,11,0,2,1,0,0,5,0,0,0,2,0,0,0,0,0,4,1
8481562,0,0,0,0,1,0,0,0,0,0,0,0,0,0,0,0,1,0,0,0,0,0,0,0,0,0,0,0,0,0,0,0,0,0
8478476,0,0,0,0,2,1,0,0,3,0,2,0,0,0,0,0,7,0,0,0,0,0,1,0,0,0,2,1,0,0,0,0,1,0
8477996,0,0,0,0,1,0,0,0,2,0,2,0,0,0,0,0,0,0,8,0,1,0,1,0,0,0,0,0,0,0,0,0,0,0
8483429,0,0,0,0,1,0,0,0,0,0,0,0,0,0,0,0,0,0,0,0,0,0,0,0,1,0,0,0,0,0,1,0,1,0
8484240,0,0,1,0,14,1,0,0,3,1,2,0,0,0,1,0,1,0,1,1,0,0,0,0,4,0,8,2,0,0,0,0,24,0
8478104,1,1,0,0,0,0,2,0,1,0,1,0,0,0,0,0,0,0,12,2,0,0,0,0,0,0,0,0,0,0,1,0,0,0
8478413,0,0,2,0,2,0,0,0,3,0,4,0,0,0,0,0,3,0,2,1,0,0,3,0,4,0,2,0,1,0,3,0,3,0
8476907,0,0,0,0,0,0,0,0,0,0,1,0,0,0,0,0,0,0,3,1,0,0,0,0,1,0,1,0,0,0,0,0,0,0
8484164,0,0,1,0,3,0,2,0,9,3,6,0,0,0,1,0,5,0,20,4,4,0,3,0,11,3,18,1,0,0,4,0,6,1
8480825,0,0,0,0,0,0,0,0,0,0,0,0,0,0,0,0,0,0,0,0,0,0,0,0,1,0,0,0,0,0,0,0,1,0
8479421,0,0,2,0,0,0,0,0,0,0,1,0,0,0,0,0,2,0,0,0,0,0,2,0,0,0,0,0,0,0,0,0,0,0
8484221,1,0,0,0,3,0,9,4,5,1,6,1,0,0,1,0,2,0,33,5,0,0,2,0,5,0,11,2,0,0,0,0,1,0
8482953,0,0,0,0,0,0,0,0,1,0,0,0,0,0,0,0,1,0,3,0,0,0,0,0,0,0,2,0,0,0,0,0,0,0
8482765,0,0,0,0,1,0,1,1,6,1,2,0,0,0,1,0,0,0,8,2,0,0,6,0,3,0,6,2,0,0,1,0,0,0
8481848,0,0,0,0,0,0,0,0,1,0,0,0,0,0,0,0,0,0,1,0,0,0,0,0,2,0,0,0,0,0,0,0,0,0
8479395,0,0,0,0,4,0,0,0,1,0,2,0,0,0,0,0,3,0,0,0,0,0,2,0,0,0,0,0,0,0,0,0,0,0
8481554,3,0,0,0,1,0,7,1,5,1,6,1,0,0,2,0,1,0,21,6,2,0,5,0,8,0,9,3,0,0,2,1,6,0
8482206,0,0,0,0,1,0,0,0,1,0,1,1,0,0,0,0,0,0,0,0,1,0,0,0,1,0,1,0,0,0,0,0,0,0
8484197,0,0,1,0,1,0,1,1,4,0,9,1,0,0,1,0,4,0,20,1,0,0,5,1,2,0,7,1,0,0,1,0,1,0
8483039,0,0,0,0,0,0,0,0,0,0,0,0,0,0,0,0,0,0,2,0,0,0,0,0,1,0,0,0,0,0,0,0,0,0
8476392,2,0,2,0,2,0,2,0,10,0,8,0,1,0,1,0,3,0,28,5,0,0,2,0,0,0,7,0,0,0,2,0,1,0
8476872,0,0,7,0,4,0,3,1,8,2,6,1,1,0,8,0,7,0,29,7,2,0,4,0,5,0,5,1,0,0,5,1,1,0
8478062,0,0,0,0,1,0,0,0,0,0,0,0,0,0,0,0,0,0,0,0,0,0,0,0,2,0,0,0,0,0,0,0,2,0
8482165,0,0,2,0,16,3,0,0,3,0,9,0,0,0,0,0,23,0,3,1,0,0,6,0,0,0,1,0,0,0,0,0,1,0
8477435,0,0,1,0,5,0,0,0,0,0,3,0,0,0,0,0,7,1,1,0,1,0,2,0,0,0,1,0,0,0,0,0,0,0
8478046,0,0,0,0,2,1,4,0,2,0,8,0,0,0,1,0,1,0,20,4,1,0,0,0,2,0,2,0,0,0,1,1,0,0
8479533,0,0,0,0,0,0,0,0,0,0,1,0,0,0,0,0,1,0,1,0,1,0,0,0,0,0,2,0,0,0,0,0,1,0
8482094,0,0,2,0,1,0,0,0,0,0,3,0,0,0,0,0,7,0,1,0,0,0,4,0,0,0,1,0,0,0,0,0,0,0
8482877,0,0,0,0,1,0,0,0,3,0,2,0,0,0,0,0,0,0,9,4,0,0,1,0,4,0,2,0,0,0,1,0,0,0
8475692,3,0,4,0,6,0,2,0,17,5,20,6,1,0,3,1,4,0,31,3,5,0,12,0,5,0,5,0,0,0,2,0,2,0
8475763,1,0,1,0,6,0,1,0,4,0,5,1,1,0,2,0,0,0,15,3,0,0,2,0,0,0,6,0,0,0,1,0,0,0
8478841,0,0,1,0,3,0,0,0,0,0,0,0,0,0,0,0,1,0,1,0,0,0,0,0,1,0,0,0,1,0,2,0,4,0
8479336,1,0,1,0,1,0,3,1,7,0,5,2,0,0,0,0,3,0,16,4,2,0,7,1,4,0,3,1,0,0,1,0,2,0
8482634,0,0,0,0,0,0,1,0,4,1,7,0,0,0,1,0,3,0,16,5,1,0,5,1,4,2,10,0,0,0,1,0,2,0
8482858,0,0,1,0,11,1,0,0,3,0,5,3,0,0,1,1,8,2,1,0,1,0,5,0,2,0,2,0,0,0,1,0,5,1
8483432,0,0,0,0,0,0,0,0,1,0,4,0,0,0,1,0,2,0,2,0,0,0,0,0,0,0,1,0,0,0,0,0,0,0
8484160,1,0,2,0,0,0,2,0,6,0,2,0,0,0,1,0,0,0,6,2,1,0,1,0,6,0,3,0,0,0,0,0,0,0
8478173,0,0,0,0,0,0,1,0,0,0,0,0,0,0,1,0,0,0,1,0,0,0,0,0,0,0,1,0,0,0,0,0,0,0
8480084,0,0,1,0,8,0,0,0,3,0,2,0,0,0,0,0,1,0,4,0,0,0,0,0,2,0,3,0,0,0,0,0,11,2
8482149,0,0,4,1,2,0,3,1,16,1,22,2,0,0,3,0,6,0,45,7,2,0,5,0,9,0,12,0,0,0,3,0,4,0
8484210,1,0,0,0,1,1,3,1,6,1,9,0,0,0,1,0,0,0,37,8,2,0,3,0,1,0,7,0,0,0,1,0,1,1
8477406,0,0,1,0,1,0,1,0,1,0,2,0,0,0,1,0,0,0,11,1,3,0,1,0,0,0,0,0,0,0,0,0,2,0
8477149,0,0,0,0,0,0,0,0,0,0,1,1,0,0,0,0,0,0,5,0,1,0,0,0,3,0,1,0,0,0,0,0,0,0
8479383,0,0,0,0,0,0,0,0,0,0,0,0,0,0,0,0,0,0,0,0,0,0,0,0,0,0,0,0,0,0,0,0,0,0
8476458,0,0,2,0,2,0,3,0,1,0,1,1,0,0,4,1,1,0,25,6,1,0,1,0,9,0,5,0,0,0,1,0,1,0
8482209,0,0,0,0,0,0,0,0,0,0,0,0,0,0,0,0,0,0,1,0,0,0,0,0,0,0,0,0,0,0,0,0,0,0
8483890,0,0,2,0,1,0,7,0,3,0,3,0,0,0,1,1,0,0,42,6,2,0,1,0,2,0,9,1,0,0,0,0,2,0
8480049,0,0,8,0,14,0,0,0,3,0,8,0,0,0,1,0,32,0,6,1,0,0,11,0,0,0,0,0,0,0,0,0,4,0
8481715,0,0,0,0,0,0,0,0,0,0,0,0,0,0,0,0,0,0,0,0,0,0,0,0,0,0,0,0,0,0,0,0,0,0
8481592,0,0,0,0,0,0,0,0,0,0,1,0,0,0,2,0,0,0,1,0,0,0,0,0,0,0,0,0,0,0,0,0,0,0
8483728,0,0,0,0,0,0,0,0,1,0,1,0,0,0,0,0,1,0,2,0,1,0,3,0,0,0,0,0,0,0,0,0,0,0
8481594,0,0,0,0,0,0,0,0,0,0,0,0,0,0,0,0,0,0,0,0,0,0,0,0,0,0,0,0,0,0,0,0,0,0
8482941,0,0,0,0,0,0,0,0,0,0,0,0,0,0,0,0,0,0,0,0,0,0,0,0,0,0,0,0,0,0,0,0,0,0
8475786,1,0,0,0,0,0,27,9,10,2,8,3,0,0,5,1,0,0,85,15,2,1,1,0,4,0,9,0,2,0,4,0,1,0
8482859,0,0,0,0,1,0,2,0,2,0,4,0,0,0,0,0,1,0,21,2,2,0,2,0,0,0,5,2,0,0,4,0,0,0
8482666,0,0,1,0,4,0,0,0,1,0,1,0,0,0,0,0,2,0,2,0,1,0,2,0,5,0,0,0,0,0,0,0,5,0
8479362,0,0,0,0,0,0,0,0,0,0,0,0,0,0,0,0,0,0,2,1,1,0,1,0,0,0,0,0,0,0,0,0,0,0
8481712,0,0,0,0,0,0,0,0,1,0,0,0,0,0,0,0,0,0,1,0,0,0,1,0,0,0,1,0,0,0,0,0,0,0
8480144,1,0,1,0,0,0,1,0,3,0,4,0,0,0,0,0,2,0,16,2,2,0,3,0,0,0,3,0,0,0,0,0,0,0
8484901,0,0,0,0,0,0,1,0,1,0,1,0,0,0,2,0,1,0,1,1,1,0,0,0,1,0,1,0,0,0,2,0,2,0
8477463,0,0,0,0,2,0,0,0,0,0,0,0,0,0,0,0,0,0,0,0,0,0,0,0,0,0,0,0,0,0,0,0,2,0
8483398,0,0,1,0,5,0,0,0,2,0,4,1,0,0,0,0,6,0,2,0,1,0,4,0,1,0,1,0,0,0,3,0,3,0
8473994,0,0,2,1,1,0,5,2,7,1,4,1,0,0,2,1,2,0,28,7,2,0,6,0,0,0,9,2,0,0,2,0,2,0
8481609,0,0,0,0,1,0,0,0,0,0,3,0,0,0,0,0,4,1,0,0,0,0,1,0,1,0,1,0,0,0,0,0,1,0
8484821,0,0,0,0,0,0,0,0,0,0,0,0,0,0,0,0,0,0,1,0,1,0,0,0,0,0,1,0,0,0,0,0,0,0
8477426,0,0,1,0,1,0,3,1,9,1,5,0,0,0,0,0,5,0,28,5,2,0,0,0,7,0,5,0,0,0,1,0,1,0
8483433,0,0,0,0,0,0,1,0,0,0,1,0,0,0,0,0,0,0,0,0,1,0,0,0,1,0,1,0,0,0,1,0,0,0
8484168,0,0,0,0,0,0,0,0,1,0,1,0,0,0,0,0,1,0,1,0,0,0,0,0,0,0,2,0,0,0,0,0,0,0
8483676,0,0,0,0,1,0,1,0,1,0,4,0,0,0,1,0,2,0,16,3,0,0,3,0,0,0,4,1,0,0,0,0,1,0
8481591,0,0,0,0,0,0,0,0,0,0,0,0,0,0,0,0,0,0,0,0,0,0,0,0,1,0,0,0,0,0,0,0,0,0
8476867,1,0,0,0,1,0,0,0,4,1,1,0,0,0,1,0,4,0,7,1,1,0,4,0,0,0,1,0,0,0,2,0,2,0
8484403,0,0,0,0,1,0,0,0,0,0,0,0,0,0,0,0,1,0,1,0,0,0,1,0,0,0,0,0,0,0,0,0,0,0
8484529,0,0,0,0,0,0,0,0,0,0,0,0,0,0,0,0,0,0,3,1,0,0,0,0,0,0,0,0,0,0,0,0,0,0
8484255,0,0,0,0,0,0,0,0,0,0,0,0,0,0,0,0,0,0,0,0,0,0,0,0,0,0,0,0,0,0,0,0,0,0
8481477,0,0,3,0,1,0,2,1,8,1,2,0,1,0,1,0,1,0,10,1,0,0,3,2,0,0,2,0,0,0,2,0,1,0
8482132,0,0,0,0,0,0,0,0,1,0,2,0,0,0,0,0,1,0,5,0,0,0,0,0,0,0,0,0,0,0,1,0,0,0
8476979,0,0,0,0,0,0,0,0,0,0,0,0,0,0,0,0,2,0,0,0,0,0,1,0,0,0,0,0,0,0,0,0,0,0
8482698,0,0,0,0,0,0,0,0,0,0,1,0,0,0,0,0,0,0,0,0,0,0,0,0,0,0,1,0,0,0,0,0,0,0
8483510,0,0,4,0,5,0,0,0,2,0,1,0,0,0,0,0,3,0,1,0,0,0,0,0,3,0,3,1,0,0,2,0,13,0
8482785,0,0,0,0,1,0,0,0,1,0,0,0,0,0,0,0,0,0,0,0,0,0,0,0,0,0,0,0,0,0,0,0,0,0
8474090,0,0,0,0,0,0,0,0,1,0,2,0,0,0,0,0,4,0,0,0,0,0,1,0,0,0,0,0,0,0,0,0,2,0
8484214,0,0,0,0,0,0,1,0,0,0,0,0,0,0,1,0,0,0,0,0,0,0,1,0,0,0,3,0,0,0,0,0,0,0
8483930,1,0,0,0,0,0,0,0,0,0,1,0,0,0,1,0,0,0,0,0,0,0,0,0,0,0,1,0,0,0,0,0,0,0
8483686,0,0,0,0,2,0,0,0,1,0,0,0,0,0,0,0,0,0,1,0,1,0,2,0,0,0,3,0,0,0,0,0,1,0
8483567,0,0,0,0,0,0,0,0,0,0,0,0,0,0,0,0,0,0,0,0,0,0,0,0,0,0,0,0,0,0,0,0,0,0
8484262,0,0,0,0,0,0,0,0,0,0,0,0,0,0,1,1,3,0,0,0,0,0,0,0,0,0,0,0,0,0,0,0,0,0
8483513,0,0,0,0,3,0,0,0,3,1,2,0,0,0,1,0,3,0,19,3,0,0,4,1,0,0,1,0,0,0,1,0,2,1
8479291,0,0,0,0,0,0,0,0,1,1,0,0,0,0,0,0,0,0,0,0,0,0,0,0,0,0,0,0,0,0,0,0,0,0
8478211,0,0,0,0,0,0,1,0,0,0,0,0,0,0,0,0,0,0,2,0,0,0,0,0,0,0,1,0,0,0,0,0,0,0
8478147,0,0,0,0,0,0,0,0,0,0,1,0,0,0,0,0,0,0,1,0,0,0,0,0,0,0,0,0,0,0,0,0,0,0
8483487,2,0,0,0,1,0,1,0,4,2,4,0,0,0,0,0,2,0,12,1,1,0,4,0,1,0,1,0,0,0,4,0,0,0
8483630,0,0,0,0,1,0,5,3,3,1,3,1,0,0,1,0,1,0,19,4,2,0,5,0,1,0,1,0,0,0,0,0,0,0
8480021,1,0,0,0,0,0,1,0,2,0,2,0,0,0,0,0,0,0,0,0,2,0,2,0,1,0,3,0,0,0,0,0,2,0
8483472,0,0,0,0,1,0,0,0,0,0,0,0,0,0,0,0,0,0,1,0,0,0,0,0,1,0,0,0,0,0,0,0,1,0
8484388,0,0,0,0,2,0,1,1,1,0,3,0,0,0,1,0,2,0,23,2,3,0,1,0,1,0,3,0,0,0,1,0,1,0
8481599,0,0,0,0,1,0,0,0,1,0,0,0,0,0,0,0,0,0,0,0,0,0,0,0,1,0,1,0,0,0,0,0,4,0
8483463,1,0,0,0,1,0,0,0,0,0,1,0,0,0,0,0,1,0,0,0,0,0,1,0,0,0,1,0,0,0,0,0,0,0
8478502,0,0,0,0,0,0,0,0,1,0,0,0,0,0,0,0,1,0,0,0,0,0,0,0,0,0,0,0,0,0,0,0,0,0
8481065,0,0,1,0,0,0,0,0,0,0,0,0,0,0,0,0,0,0,1,1,0,0,0,0,0,0,1,0,0,0,1,0,0,0
8479644,0,0,1,0,0,0,0,0,1,1,0,0,0,0,1,0,0,0,1,0,0,0,0,0,0,0,0,0,0,0,0,0,1,0
8481535,0,0,0,0,2,0,1,0,4,1,5,0,0,0,0,0,3,0,9,1,0,0,2,0,3,0,3,0,1,0,1,0,1,0
8482804,0,0,0,0,0,0,0,0,0,0,0,0,0,0,0,0,1,0,0,0,0,0,0,0,0,0,0,0,0,0,0,0,0,0
8484150,0,0,1,0,8,0,0,0,2,0,2,0,0,0,0,0,1,0,0,0,2,0,0,0,2,0,2,1,0,0,1,0,12,1
8481567,0,0,0,0,2,0,0,0,0,0,0,0,0,0,0,0,1,0,0,0,0,0,0,0,0,0,1,0,0,0,0,0,0,0
8483841,0,0,0,0,0,0,0,0,0,0,0,0,0,0,0,0,0,0,0,0,0,0,0,0,2,0,0,0,0,0,0,0,0,0
8477952,0,0,1,0,0,0,2,1,4,0,1,0,0,0,1,0,0,0,16,1,0,0,1,0,0,0,2,0,0,0,0,0,2,0
8481070,0,0,0,0,0,0,1,0,0,0,1,0,0,0,0,0,0,0,1,1,0,0,0,0,0,0,1,0,0,0,0,0,0,0
8482479,0,0,0,0,0,0,0,0,0,0,0,0,0,0,0,0,0,0,0,0,0,0,0,0,0,0,0,0,0,0,0,0,0,0
8477979,0,0,0,0,0,0,0,0,0,0,2,0,0,0,0,0,0,0,1,0,0,0,0,0,0,0,2,0,0,0,0,0,0,0
8482641,0,0,0,0,0,0,0,0,0,0,0,0,0,0,0,0,2,0,0,0,0,0,2,0,0,0,0,0,0,0,0,0,0,0
8482167,0,0,0,0,0,0,0,0,0,0,0,0,0,0,0,0,0,0,0,0,1,0,0,0,0,0,0,0,0,0,0,0,0,0
8476952,0,0,0,0,0,0,0,0,0,0,1,0,0,0,1,0,0,0,3,0,1,0,2,0,0,0,0,0,0,0,0,0,0,0
8484185,0,0,1,0,2,0,0,0,5,1,2,0,0,0,1,0,0,0,18,7,0,0,3,0,6,1,16,1,0,0,3,0,0,0
8479368,0,0,0,0,0,0,2,1,4,0,4,0,0,0,0,0,0,0,8,2,0,0,1,0,2,0,1,0,0,0,0,0,0,0
8482874,0,0,1,0,1,0,1,0,2,0,0,0,0,0,5,0,0,0,9,2,0,0,4,0,6,0,3,0,0,0,1,0,0,0
8477499,0,0,3,1,12,0,3,0,2,0,0,0,0,0,0,0,5,0,6,0,0,0,0,0,6,0,8,0,0,0,2,0,11,0
8481077,0,0,0,0,0,0,0,0,2,0,1,0,1,0,0,0,0,0,4,2,2,0,0,0,0,0,1,0,0,0,0,0,0,0
8481030,0,0,1,0,3,0,0,0,0,0,1,0,0,0,0,0,1,0,2,0,0,0,0,0,3,0,1,0,0,0,0,0,5,0
8485511,0,0,0,0,0,0,0,0,0,0,0,0,0,0,0,0,0,0,1,1,0,0,1,0,1,0,0,0,0,0,0,0,0,0
8484994,0,0,0,0,0,0,1,1,1,0,3,2,0,0,2,0,0,0,23,4,1,0,3,1,2,0,7,1,0,0,2,0,1,0
8484230,0,0,1,0,0,0,3,0,4,0,5,0,0,0,2,1,4,0,7,2,0,0,1,0,0,0,3,0,0,0,1,0,0,0
8479388,0,0,0,0,0,0,0,0,0,0,0,0,0,0,0,0,0,0,0,0,0,0,0,0,0,0,0,0,0,0,0,0,1,0
8482781,0,0,0,0,0,0,0,0,1,0,0,0,0,0,0,0,0,0,0,0,0,0,0,0,0,0,0,0,0,0,0,0,0,0
8477021,1,0,3,1,1,0,0,0,0,0,0,0,1,0,0,0,2,0,14,3,1,0,1,1,0,0,2,1,0,0,0,0,2,1
8484142,0,0,1,0,0,0,3,2,4,0,5,0,0,0,0,0,1,0,21,2,2,0,2,0,0,0,4,1,0,0,0,0,0,0
8483491,0,0,0,0,1,0,0,0,3,0,0,0,0,0,1,1,0,0,2,0,0,0,1,0,1,0,1,0,0,0,0,0,2,1
8482673,0,0,0,0,0,0,0,0,0,0,0,0,0,0,0,0,0,0,1,0,0,0,0,0,0,0,1,0,0,0,0,0,1,0
8482168,0,0,0,0,0,0,0,0,0,0,0,0,0,0,0,0,1,0,0,0,0,0,0,0,0,0,0,0,0,0,0,0,0,0
8477034,0,0,0,0,0,0,0,0,1,0,0,0,0,0,0,0,0,0,0,0,0,0,0,0,0,0,0,0,0,0,0,0,0,0
8475413,0,0,0,0,0,0,0,0,0,0,0,0,0,0,0,0,0,0,1,0,0,0,0,0,0,0,0,0,0,0,0,0,0,0
8476988,0,0,0,0,0,0,0,0,0,0,0,0,0,0,0,0,0,0,0,0,0,0,0,0,0,0,0,0,0,0,0,0,0,0
8484287,0,0,0,0,1,0,0,0,0,0,0,0,0,0,0,0,0,0,0,0,0,0,0,0,0,0,0,0,0,0,0,0,0,0
8477320,0,0,0,0,0,0,0,0,0,0,1,0,0,0,0,0,0,0,0,0,0,0,0,0,2,0,0,0,0,0,1,0,0,0
8481517,0,0,0,0,0,0,0,0,0,0,0,0,0,0,0,0,0,0,1,0,0,0,0,0,0,0,0,0,0,0,0,0,0,0
8482766,0,0,0,0,0,0,1,0,0,0,0,0,0,0,0,0,0,0,0,0,0,0,0,0,0,0,1,0,0,0,0,0,0,0
8481732,0,0,0,0,0,0,0,0,1,0,1,0,0,0,0,0,0,0,2,1,0,0,1,0,0,0,0,0,0,0,0,0,0,0
8483406,0,0,0,0,1,0,0,0,1,1,3,0,0,0,2,0,3,1,7,1,0,0,3,0,5,0,9,0,0,0,2,0,2,0
8485512,2,0,2,0,0,0,1,0,3,0,0,0,0,0,1,1,2,0,16,1,2,0,1,0,2,0,1,0,0,0,0,0,0,0
8483526,0,0,1,0,0,0,1,0,0,0,0,0,0,0,0,0,0,0,0,0,1,0,0,0,0,0,1,0,0,0,0,0,0,0
8479639,0,0,0,0,1,0,0,0,0,0,0,0,0,0,0,0,0,0,0,0,0,0,0,0,0,0,0,0,0,0,0,0,1,0
8482451,0,0,0,0,0,0,1,0,0,0,1,1,0,0,0,0,0,0,1,0,0,0,1,0,1,0,0,0,0,0,1,0,0,0
8483466,0,0,0,0,0,0,0,0,1,0,1,0,0,0,0,0,2,0,0,0,0,0,3,0,0,0,0,0,0,0,0,0,0,0
8476391,0,0,0,0,0,0,0,0,0,0,0,0,0,0,0,0,0,0,1,0,0,0,0,0,0,0,0,0,0,0,0,0,0,0
8483771,0,0,0,0,0,0,0,0,2,1,4,1,0,0,1,0,1,0,4,1,0,0,2,0,0,0,0,0,0,0,1,0,0,0
8480192,0,0,1,0,9,0,0,0,4,0,0,0,0,0,0,0,1,0,1,0,0,0,0,0,0,0,3,0,0,0,0,0,11,0
8483766,0,0,0,0,0,0,0,0,0,0,0,0,0,0,0,0,0,0,0,0,0,0,0,0,0,0,0,0,0,0,0,0,0,0
8479550,0,0,0,0,1,0,0,0,2,0,0,0,1,0,1,0,0,0,4,0,0,0,1,0,1,0,0,0,0,0,1,0,0,0
8481600,0,0,1,0,1,0,1,1,2,0,1,0,0,0,0,0,0,0,3,1,0,0,2,0,0,0,1,0,0,0,0,0,0,0
8484797,0,0,1,0,1,0,0,0,1,1,1,0,0,0,0,0,1,0,1,0,1,0,0,0,2,0,4,0,0,0,0,0,2,0
8479718,0,0,0,0,0,0,0,0,0,0,0,0,0,0,0,0,0,0,0,0,0,0,0,0,0,0,0,0,0,0,0,0,0,0
8479314,3,1,2,1,3,0,6,1,6,0,2,0,0,0,3,0,1,0,37,9,1,1,5,0,4,0,10,0,0,0,3,0,2,0
8478967,0,0,0,0,0,0,0,0,0,0,0,0,0,0,0,0,0,0,0,0,0,0,0,0,0,0,0,0,0,0,0,0,0,0
8482192,0,0,1,0,0,0,0,0,0,0,0,0,0,0,0,0,1,0,0,0,0,0,1,0,0,0,0,0,0,0,0,0,0,0
8484177,0,0,2,0,1,0,1,0,2,0,9,0,0,0,0,0,3,0,10,2,3,0,3,0,3,0,8,0,0,0,0,0,2,0
8481028,0,0,0,0,0,0,1,0,1,1,4,0,1,0,2,0,3,0,3,0,0,0,3,0,0,0,1,0,0,0,0,0,0,0
8480007,0,0,0,0,0,0,0,0,2,0,0,0,0,0,0,0,0,0,3,0,0,0,0,0,0,0,1,0,0,0,0,0,0,0
8483448,0,0,0,0,0,0,0,0,0,0,1,0,0,0,0,0,1,0,0,0,0,0,0,0,0,0,0,0,0,0,0,0,0,0
8481547,0,0,0,0,0,0,0,0,0,0,0,0,0,0,0,0,0,0,0,0,0,0,0,0,0,0,0,0,0,0,0,0,1,0
8483756,0,0,2,0,1,0,0,0,2,0,4,0,0,0,2,0,0,0,13,0,1,0,1,0,4,0,2,0,0,0,0,0,0,0
8484509,0,0,0,0,0,0,0,0,1,0,2,0,1,0,1,0,1,0,1,0,1,0,0,1,0,0,1,1,0,0,0,0,0,0
8477971,0,0,0,0,1,0,0,0,1,0,0,0,0,0,0,0,0,0,0,0,0,0,0,0,0,0,0,0,0,0,0,0,0,0
8479387,0,0,0,0,0,0,0,0,0,0,0,0,0,0,0,0,0,0,0,0,0,0,0,0,0,0,0,0,0,0,0,0,0,0
8483505,0,0,0,0,0,0,0,0,2,1,0,0,0,0,0,0,0,0,3,0,2,0,0,0,0,0,1,0,0,0,0,0,0,0
8483546,0,0,1,0,0,0,0,0,0,0,0,0,0,0,0,0,0,0,0,0,0,0,0,0,0,0,0,0,0,0,0,0,0,0
8485251,0,0,0,0,0,0,0,0,0,0,0,0,0,0,0,0,0,0,1,0,0,0,0,0,1,0,0,0,0,0,0,0,0,0
8482993,0,0,0,0,1,0,3,0,2,2,3,0,0,0,1,0,0,0,5,2,1,0,2,0,3,0,3,0,0,0,1,1,0,0
8484933,0,0,0,0,0,0,0,0,0,0,0,0,0,0,0,0,0,0,3,0,0,0,0,0,0,0,0,0,0,0,0,0,0,0
8484938,0,0,2,0,1,0,0,0,3,0,1,1,0,0,0,0,0,0,9,2,4,0,0,0,1,0,1,0,0,0,0,0,2,0
8481572,0,0,0,0,2,0,0,0,1,0,0,0,0,0,0,0,2,0,0,0,0,0,1,0,0,0,0,0,0,0,0,0,1,0
8482153,0,0,0,0,0,0,0,0,0,0,0,0,0,0,0,0,0,0,2,0,0,0,0,0,0,0,0,0,0,0,0,0,0,0
8482742,0,0,0,0,0,0,4,0,2,0,4,1,0,0,0,0,1,0,16,3,1,0,3,0,0,0,0,0,0,0,0,0,1,0
8479942,0,0,0,0,0,0,0,0,1,0,3,0,0,0,0,0,0,0,5,3,0,0,0,0,2,0,1,0,0,0,1,0,0,0
8482652,0,0,0,0,0,0,0,0,1,0,0,0,0,0,0,0,0,0,1,0,0,0,0,0,0,0,0,0,0,0,0,0,0,0
8483675,0,0,0,0,0,0,0,0,1,0,0,0,0,0,0,0,1,0,0,0,1,0,1,0,0,0,1,0,0,0,0,0,0,0
8483699,0,0,0,0,0,0,0,0,0,0,0,0,0,0,0,0,0,0,1,1,0,0,0,0,0,0,0,0,0,0,0,0,0,0
8481534,0,0,0,0,0,0,0,0,0,0,0,0,0,0,0,0,0,0,0,0,0,0,0,0,0,0,0,0,0,0,0,0,0,0
8477931,0,0,0,0,0,0,1,0,1,1,0,0,0,0,0,0,0,0,3,0,0,0,2,0,1,1,0,0,0,0,0,0,0,0
8482715,0,0,0,0,3,1,0,0,0,0,1,0,0,0,0,0,0,0,3,1,0,0,0,0,3,0,0,0,0,0,0,0,1,0
8483731,1,0,0,0,0,0,0,0,2,1,3,0,0,0,0,0,1,0,8,2,0,0,3,1,0,0,3,1,0,0,1,0,1,0
8475718,0,0,0,0,2,0,0,0,0,0,0,0,0,0,0,0,1,0,1,1,0,0,0,0,1,0,0,0,0,0,0,0,2,0
8480870,0,0,1,0,0,0,0,0,4,2,4,1,0,0,0,0,0,0,4,0,0,0,1,0,0,0,1,0,0,0,0,0,0,0
8484188,0,0,2,0,4,0,0,0,3,0,1,0,0,0,0,0,2,0,2,1,1,0,4,1,0,0,1,0,0,0,0,0,0,0
8479543,0,0,0,0,0,0,0,0,0,0,0,0,0,0,0,0,0,0,1,0,0,0,1,0,0,0,0,0,0,0,0,0,0,0
8480326,0,0,0,0,0,0,0,0,0,0,0,0,0,0,0,0,0,0,1,0,1,0,0,0,0,0,0,0,0,0,0,0,0,0
8482107,0,0,0,0,6,0,0,0,3,1,0,0,0,0,1,0,0,0,0,0,0,0,0,0,2,0,0,0,0,0,1,1,2,0
8481518,0,0,1,0,1,0,1,0,1,0,0,0,0,0,0,0,0,0,5,1,0,0,1,0,2,0,1,0,0,0,0,0,0,0
8484873,0,0,1,0,3,0,0,0,3,2,3,0,0,0,1,0,0,0,2,0,1,0,2,0,1,0,2,0,0,0,1,0,2,1
8482067,0,0,0,0,0,0,0,0,2,0,0,0,0,0,0,0,0,0,0,0,0,0,0,0,0,0,0,0,0,0,0,0,0,0
8475253,0,0,0,0,0,0,0,0,0,0,1,0,0,0,0,0,0,0,1,0,0,0,0,0,0,0,0,0,0,0,0,0,1,0
8482162,0,0,0,0,0,0,1,0,1,0,0,0,0,0,0,0,0,0,0,0,0,0,0,0,0,0,0,0,0,0,0,0,0,0
8486056,0,0,0,0,0,0,0,0,0,0,0,0,0,0,0,0,0,0,4,1,1,0,0,0,0,0,0,0,0,0,0,0,0,0
8481575,0,0,0,0,3,0,0,0,1,0,2,0,0,0,0,0,1,0,0,0,0,0,0,0,1,0,0,0,0,0,0,0,3,0
8483435,0,0,0,0,0,0,0,0,0,0,0,0,0,0,0,0,1,0,0,0,0,0,0,0,0,0,0,0,0,0,0,0,0,0
8484759,0,0,0,0,2,0,1,0,0,0,0,0,0,0,0,0,0,0,0,0,0,0,0,0,0,0,1,1,0,0,0,0,1,0
8485391,0,0,0,0,1,0,2,0,4,0,3,0,0,0,2,0,2,0,5,3,0,0,2,0,4,0,8,0,0,0,1,0,2,0
8481186,0,0,0,0,1,0,0,0,2,0,0,0,0,0,1,0,1,0,2,0,0,0,0,0,0,0,4,0,0,0,1,0,1,0
8483669,0,0,0,0,0,0,0,0,2,0,0,0,0,0,0,0,2,0,8,3,0,0,1,0,0,0,1,0,0,0,1,0,0,0
8484793,0,0,0,0,1,0,0,0,1,1,1,0,0,0,0,0,0,0,2,0,0,0,0,0,0,0,0,0,0,0,0,0,1,0
8484169,0,0,0,0,1,0,0,0,0,0,0,0,0,0,0,0,1,0,0,0,0,0,1,0,0,0,0,0,0,0,0,0,0,0
8482802,0,0,0,0,0,0,0,0,1,0,0,0,0,0,0,0,0,0,0,0,0,0,0,0,1,0,1,0,0,0,0,0,0,0
8478888,0,0,0,0,0,0,0,0,0,0,0,0,0,0,0,0,0,0,2,1,0,0,0,0,0,0,0,0,0,0,0,0,0,0
8485406,0,0,2,0,0,0,2,1,3,0,3,0,0,0,1,0,0,0,8,3,1,0,3,0,4,0,4,0,0,0,1,0,0,0
8483444,0,0,0,0,0,0,0,0,0,0,1,0,0,0,0,0,0,0,0,0,0,0,0,0,0,0,0,0,0,0,0,0,1,0
8480075,0,0,1,0,0,0,0,0,0,0,0,0,0,0,0,0,0,0,0,0,0,0,0,0,0,0,2,0,0,0,0,0,2,0
8484406,0,0,0,0,0,0,0,0,0,0,0,0,0,0,0,0,0,0,1,1,1,0,0,0,0,0,0,0,0,0,0,0,0,0
8483397,0,0,0,0,0,0,0,0,0,0,0,0,0,0,0,0,0,0,0,0,0,0,0,0,0,0,0,0,0,0,0,0,0,0
8482731,0,0,0,0,3,0,0,0,0,0,2,0,0,0,0,0,2,0,0,0,0,0,2,0,0,0,0,0,0,0,0,0,0,0
8482663,0,0,0,0,0,0,0,0,0,0,1,0,0,0,0,0,0,0,0,0,0,0,0,0,0,0,0,0,0,0,0,0,0,0
8484234,1,0,0,0,0,0,0,0,4,0,0,0,0,0,0,0,0,0,2,0,0,0,0,0,1,0,1,0,0,0,0,0,0,0
8484999,0,0,0,0,0,0,0,0,2,0,2,0,0,0,0,0,0,0,2,1,0,0,1,0,0,0,0,0,0,0,0,0,0,0
8483687,0,0,0,0,2,0,0,0,1,0,1,0,0,0,0,0,1,0,0,0,0,0,0,0,0,0,1,0,0,0,0,0,0,0
8483712,0,0,0,0,1,0,0,0,0,0,0,0,0,0,0,0,0,0,0,0,0,0,0,0,0,0,1,0,0,0,0,0,1,0
8485467,0,0,0,0,0,0,0,0,1,0,0,0,0,0,0,0,0,0,0,0,1,0,0,0,0,0,1,0,0,0,0,0,0,0
8480291,0,0,0,0,0,0,0,0,0,0,1,0,0,0,0,0,0,0,0,0,0,0,0,0,0,0,0,0,0,0,1,0,0,0
8481004,0,0,0,0,0,0,0,0,0,0,0,0,0,0,0,0,0,0,0,0,0,0,0,0,0,0,0,0,0,0,0,0,0,0
8477851,0,0,0,0,0,0,0,0,0,0,0,0,0,0,0,0,0,0,0,0,0,0,0,0,0,0,0,0,0,0,0,0,0,0
8482174,0,0,0,0,0,0,0,0,0,0,0,0,0,0,0,0,0,0,0,0,0,0,0,0,0,0,0,0,0,0,0,0,2,0
8484380,0,0,0,0,0,0,0,0,1,0,0,0,0,0,0,0,0,0,0,0,0,0,2,0,0,0,1,0,0,0,0,0,0,0
8483709,0,0,0,0,0,0,0,0,0,0,0,0,0,0,0,0,0,0,0,0,0,0,0,0,0,0,0,0,0,0,0,0,0,0
8484220,0,0,0,0,2,0,0,0,0,0,0,0,0,0,0,0,1,0,0,0,0,0,0,0,0,0,0,0,0,0,0,0,0,0
8485395,0,0,0,0,0,0,0,0,0,0,1,0,0,0,1,0,0,0,0,0,0,0,0,0,0,0,0,0,0,0,0,0,0,0
8482873,0,0,0,0,0,0,0,0,0,0,0,0,0,0,0,0,0,0,0,0,0,0,0,0,0,0,0,0,0,0,0,0,0,0
8483467,0,0,1,0,2,0,0,0,0,0,1,0,0,0,0,0,0,0,0,0,0,0,0,0,0,0,0,0,0,0,0,0,0,0
8482525,0,0,0,0,0,0,0,0,0,0,1,0,0,0,0,0,0,0,0,0,0,0,0,0,0,0,0,0,0,0,0,0,0,0
8486166,0,0,0,0,0,0,0,0,0,0,0,0,0,0,0,0,0,0,0,0,0,0,0,0,0,0,0,0,0,0,0,0,0,0
8484152,0,0,0,0,0,0,1,0,1,0,0,0,0,0,0,0,1,0,0,0,0,0,0,0,0,0,1,0,0,0,0,0,0,0
8484242,0,0,0,0,0,0,0,0,0,0,1,0,0,0,0,0,0,0,0,0,0,0,0,0,0,0,0,0,0,0,0,0,1,0
8480853,0,0,0,0,0,0,0,0,1,0,0,0,0,0,0,0,0,0,0,0,0,0,0,0,0,0,0,0,0,0,0,0,0,0
8482187,0,0,0,0,0,0,0,0,0,0,0,0,0,0,0,0,0,0,0,0,0,0,0,0,0,0,0,0,0,0,0,0,0,0
8484392,0,0,0,0,0,0,0,0,0,0,0,0,0,0,0,0,0,0,0,0,0,0,0,0,0,0,0,0,0,0,0,0,0,0
8485388,0,0,0,0,0,0,0,0,0,0,0,0,0,0,0,0,0,0,0,0,0,0,0,0,1,0,0,0,0,0,1,0,0,0
8478409,0,0,0,0,0,0,0,0,0,0,0,0,0,0,0,0,0,0,0,0,0,0,0,0,0,0,0,0,0,0,0,0,0,0
8483760,0,0,0,0,0,0,0,0,0,0,0,0,0,0,0,0,0,0,0,0,0,0,0,0,0,0,0,0,0,0,0,0,0,0
8484148,0,0,0,0,1,1,0,0,0,0,0,0,0,0,0,0,0,0,0,0,0,0,0,0,0,0,0,0,0,0,0,0,0,0
8481093,0,0,0,0,0,0,0,0,0,0,0,0,0,0,0,0,0,0,2,0,0,0,0,0,0,0,0,0,0,0,0,0,0,0
8486169,0,0,0,0,0,0,0,0,0,0,0,0,0,0,0,0,0,0,0,0,0,0,0,0,0,0,0,0,0,0,0,0,0,0
8475857,0,0,0,0,0,0,0,0,0,0,0,0,0,0,0,0,1,0,0,0,0,0,0,0,0,0,0,0,0,0,0,0,0,0
8483482,0,0,0,0,0,0,0,0,0,0,0,0,0,0,0,0,0,0,1,1,0,0,0,0,1,0,0,0,0,0,0,0,0,0
8483696,0,0,0,0,0,0,0,0,0,0,0,0,0,0,1,0,0,0,0,0,0,0,0,0,0,0,0,0,0,0,0,0,0,0
