skater_id,max_speed_imp,max_speed_met,max_speed_percentile,bursts_over_22,bursts_over_22_percentile,bursts_20_to_22,bursts_20_to_22_percentile,bursts_18_to_20,bursts_18_to_20_percentile
8473419,22.4051,36.0574,0.5863,5,0.7606,99,0.7248,374,0.5749
8473422,21.2999,34.2788,0.1547,0,0.0,15,0.228,134,0.272
8473507,22.4199,36.0813,0.787,1,0.6235,30,0.6296,221,0.642
8475179,20.3378,32.7305,0.1265,0,0.0031,2,0.1543,57,0.2623
8476473,20.497,32.9867,0.1543,0,0.0031,2,0.1543,112,0.392
8476882,21.5514,34.6836,0.2166,0,0.0,16,0.2362,182,0.3322
8476891,21.5507,34.6823,0.4506,0,0.0031,23,0.5247,197,0.571
8477409,22.3955,36.042,0.5831,6,0.798,174,0.9283,644,0.9414
8477444,22.1743,35.686,0.4674,2,0.5472,79,0.6254,508,0.7997
8477450,22.4608,36.1471,0.6173,2,0.5472,76,0.614,395,0.6156
8477479,21.1149,33.9811,0.1189,0,0.0,11,0.1873,233,0.3941
8477495,21.9921,35.3928,0.6142,0,0.0031,45,0.7685,281,0.7623
8477932,21.6964,34.9169,0.5093,0,0.0031,22,0.5185,244,0.6821
8477933,22.5611,36.3085,0.6645,1,0.3827,36,0.3664,336,0.5049
8477935,22.2373,35.7874,0.5065,1,0.3827,97,0.715,596,0.9023
8477987,22.4803,36.1784,0.627,2,0.5472,62,0.513,424,0.6678
8478043,21.8013,35.0857,0.298,0,0.0,26,0.2899,132,0.2687
8478055,23.3358,37.5552,0.966,4,0.9136,70,0.9105,351,0.8642
8478421,21.9786,35.371,0.373,0,0.0,84,0.6482,410,0.6433
8478542,22.0569,35.4971,0.4023,2,0.5472,71,0.5847,411,0.6466
8478859,22.0865,35.5447,0.6543,1,0.6235,66,0.8889,399,0.9228
8479316,21.9468,35.3199,0.3567,0,0.0,66,0.5407,258,0.4267
8479981,21.3979,34.4365,0.1759,0,0.0,12,0.1971,33,0.1303
8480003,23.129,37.2224,0.8844,9,0.8697,134,0.8404,517,0.8143
8480185,22.2951,35.8805,0.5309,1,0.3827,57,0.4821,393,0.6124
8481624,23.5366,37.8784,0.9544,12,0.9218,182,0.9463,484,0.7671
8482113,21.7196,34.9542,0.2769,0,0.0,62,0.513,427,0.671
8482176,22.3509,35.9702,0.7654,4,0.9136,61,0.858,362,0.8735
8482703,22.5823,36.3426,0.6792,1,0.3827,54,0.4691,323,0.4886
8482807,21.7812,35.0533,0.537,0,0.0031,4,0.2346,44,0.2346
8483450,22.3135,35.91,0.5358,2,0.5472,79,0.6254,548,0.8518
8483493,23.7618,38.2409,0.9772,15,0.9463,175,0.9316,448,0.7085
8483506,22.0078,35.418,0.6235,1,0.6235,25,0.5463,228,0.6605
8484144,22.3625,35.9889,0.5668,11,0.9104,184,0.9511,703,0.9674
8484783,22.1477,35.6432,0.6883,2,0.7994,41,0.7315,259,0.7222
8471215,21.5059,34.6103,0.1954,0,0.0,37,0.3811,375,0.5814
8471675,22.8595,36.7886,0.8078,9,0.8697,129,0.8241,469,0.741
8471724,22.1309,35.6162,0.679,1,0.6235,51,0.8056,303,0.7963
8474578,23.7392,38.2045,0.9907,19,0.9907,134,0.9753,405,0.9321
8475842,22.0805,35.535,0.4186,1,0.3827,36,0.3664,275,0.443
8476389,23.0379,37.0758,0.8534,7,0.8241,120,0.7964,493,0.7769
8476459,22.3176,35.9166,0.5423,1,0.3827,123,0.8046,654,0.9479
8476468,22.7654,36.6372,0.7622,11,0.9104,136,0.8485,475,0.7524
8476483,22.8461,36.7671,0.8013,4,0.728,95,0.702,570,0.8795
8477369,21.1523,34.0413,0.3056,0,0.0031,9,0.3272,224,0.6512
8477511,22.8557,36.7825,0.8062,2,0.5472,94,0.6971,345,0.5179
8477839,22.4843,36.185,0.6303,2,0.5472,49,0.4446,339,0.5098
8478438,21.8682,35.1934,0.3274,0,0.0,89,0.6661,503,0.7883
8478450,21.6934,34.912,0.5031,0,0.0031,23,0.5247,261,0.7253
8478452,20.8569,33.5658,0.2377,0,0.0031,2,0.1543,31,0.2037
8478550,21.8841,35.219,0.3306,0,0.0,57,0.4821,444,0.6954
8478569,21.1495,34.0368,0.127,0,0.0,22,0.2638,234,0.3958
8478840,22.3016,35.8909,0.75,4,0.9136,44,0.7593,281,0.7623
8478854,21.5949,34.7536,0.466,0,0.0031,27,0.5802,241,0.6759
8478882,23.0396,37.0786,0.9259,2,0.7994,35,0.6728,248,0.6944
8479323,21.0762,33.9188,0.2809,0,0.0031,15,0.4321,144,0.463
8479390,22.9548,36.942,0.8322,2,0.5472,85,0.6564,368,0.5651
8479638,21.4673,34.5482,0.1906,0,0.0,37,0.3811,238,0.4039
8480001,20.7916,33.4607,0.216,0,0.0031,10,0.3488,67,0.2963
8480980,23.6107,37.9977,0.9609,4,0.728,68,0.5586,414,0.6531
8481481,22.2951,35.8804,0.5309,2,0.5472,102,0.7329,387,0.6042
8481577,21.7494,35.0021,0.2866,0,0.0,10,0.1775,65,0.1938
8481726,23.7966,38.2969,0.9788,9,0.8697,60,0.5016,160,0.3094
8482073,22.1684,35.6766,0.7068,1,0.6235,46,0.7747,313,0.8117
8482109,22.3225,35.9246,0.5456,5,0.7606,96,0.7101,611,0.9137
8482157,22.4412,36.1155,0.6091,2,0.5472,120,0.7964,508,0.7997
8482460,22.3168,35.9153,0.5375,3,0.6596,37,0.3811,153,0.2964
8482758,22.1175,35.5945,0.4381,1,0.3827,12,0.1971,147,0.2932
8483690,23.0425,37.0832,0.8599,14,0.9365,165,0.9137,562,0.8713
8484839,21.8785,35.2099,0.5802,0,0.0031,9,0.3272,62,0.2716
8485414,22.5405,36.2754,0.658,2,0.5472,124,0.8111,673,0.9544
8470613,22.1519,35.6499,0.6914,1,0.6235,29,0.6111,199,0.5772
8471685,21.3346,34.3346,0.1661,0,0.0,57,0.4821,564,0.8762
8474563,21.5782,34.7267,0.4537,0,0.0031,36,0.6852,266,0.7284
8475208,21.8542,35.1709,0.5679,0,0.0031,14,0.3951,180,0.5309
8475754,22.6372,36.431,0.6954,3,0.6596,147,0.8762,722,0.9723
8476312,22.068,35.515,0.6481,1,0.6235,59,0.8457,311,0.8056
8476441,21.549,34.6797,0.4475,0,0.0031,25,0.5463,155,0.4877
8476455,22.1687,35.6769,0.4658,1,0.3827,64,0.5228,470,0.7427
8476469,21.6379,34.8228,0.2524,0,0.0,49,0.4446,381,0.5961
8476479,21.6407,34.8272,0.2557,0,0.0,55,0.4739,337,0.5081
8476879,21.7282,34.968,0.5216,0,0.0031,42,0.7438,244,0.6821
8477476,21.7031,34.9276,0.2736,0,0.0,57,0.4821,393,0.6124
8477492,24.7795,39.8786,0.9984,45,0.9951,410,0.9984,819,0.987
8477501,23.5013,37.8215,0.9463,15,0.9463,171,0.9251,607,0.9088
8477942,21.612,34.781,0.2443,0,0.0,52,0.4577,350,0.5293
8477960,23.6984,38.1387,0.9707,16,0.956,208,0.9739,709,0.9691
8477998,22.6957,36.5251,0.7313,2,0.5472,103,0.7378,465,0.7345
8478038,22.1626,35.6671,0.7037,4,0.9136,51,0.8056,284,0.7778
8478109,22.7342,36.5871,0.7476,1,0.3827,107,0.7541,390,0.6091
8479398,21.4485,34.5179,0.4198,0,0.0031,38,0.7006,245,0.6883
8479525,23.1396,37.2394,0.886,13,0.9316,181,0.9397,595,0.9007
8479675,24.2194,38.9773,0.9902,7,0.8241,131,0.8322,539,0.8371
8479998,21.1003,33.9575,0.287,0,0.0031,5,0.2531,150,0.4753
8480039,23.8916,38.4498,0.9805,37,0.9935,311,0.9919,1030,1.0
8480069,23.6795,38.1083,0.9877,25,0.9938,198,0.9969,476,0.9784
8480448,22.2329,35.7803,0.5033,3,0.6596,122,0.8029,483,0.7622
8480835,22.13,35.6146,0.4446,1,0.3827,49,0.4446,358,0.5456
8481532,22.3909,36.0346,0.5782,5,0.7606,108,0.7622,434,0.6792
8481641,23.249,37.4155,0.9104,2,0.5472,58,0.4902,284,0.4495
8482124,23.1638,37.2784,0.8941,27,0.9788,270,0.9837,888,0.9951
8482155,23.399,37.657,0.9332,9,0.8697,173,0.9267,649,0.9463
8482408,22.7733,36.65,0.7671,7,0.8241,84,0.6482,400,0.6319
8482730,21.9925,35.3935,0.6173,0,0.0031,18,0.4938,367,0.8951
8483808,21.0307,33.8456,0.0945,0,0.0,10,0.1775,144,0.2866
8484149,23.1623,37.276,0.8925,10,0.8941,158,0.8974,367,0.5603
8484258,22.9331,36.9071,0.9105,6,0.9568,110,0.963,504,0.9815
8475166,22.6598,36.4674,0.7199,4,0.728,78,0.6221,535,0.829
8475171,21.3907,34.4249,0.3981,0,0.0031,24,0.534,280,0.7593
8475690,20.5053,33.0,0.1574,0,0.0031,1,0.0772,38,0.2253
8475714,21.8598,35.1799,0.3257,0,0.0,48,0.443,254,0.4218
8475848,22.8156,36.7181,0.7834,7,0.8241,93,0.6938,320,0.4853
8476853,22.7057,36.5412,0.8735,2,0.7994,69,0.9074,386,0.9136
8476875,22.8092,36.7078,0.8951,6,0.9568,84,0.9321,318,0.8241
8476931,22.6744,36.4908,0.8642,2,0.7994,60,0.8519,286,0.7809
8476981,23.2769,37.4604,0.9186,36,0.9902,221,0.9772,566,0.8779
8477503,22.9456,36.9272,0.8257,6,0.798,132,0.8371,430,0.6759
8477939,23.4777,37.7837,0.9446,5,0.7606,107,0.7541,437,0.6824
8478057,21.2259,34.1596,0.1466,0,0.0,23,0.2687,249,0.4186
8478133,22.2343,35.7825,0.5049,3,0.6596,82,0.6384,419,0.6629
8478443,21.7409,34.9886,0.5278,0,0.0031,15,0.4321,131,0.4321
8478462,20.9734,33.7533,0.0847,0,0.0,30,0.329,363,0.5521
8478851,21.6939,34.9129,0.5062,0,0.0031,27,0.5802,203,0.5895
8478904,22.7217,36.567,0.741,2,0.5472,95,0.702,376,0.5831
8479318,22.1034,35.572,0.4332,1,0.3827,64,0.5228,456,0.7182
8479339,20.1742,32.4672,0.0244,0,0.0,2,0.0407,21,0.0993
8480018,23.6214,38.0149,0.9642,9,0.8697,228,0.9805,757,0.9821
8480865,22.4614,36.1481,0.8056,1,0.6235,64,0.8765,292,0.784
8481122,22.7969,36.6879,0.892,6,0.9568,64,0.8765,221,0.642
8481523,23.4167,37.6854,0.9381,1,0.3827,67,0.5489,263,0.4332
8481540,22.5702,36.3231,0.6678,1,0.3827,89,0.6661,538,0.8355
8481582,22.6707,36.4849,0.7231,8,0.8485,139,0.8583,542,0.8436
8481618,23.1401,37.2404,0.8876,5,0.7606,69,0.5651,242,0.4088
8481711,22.749,36.6109,0.7524,2,0.5472,55,0.4739,422,0.6661
8482087,22.3967,36.044,0.784,1,0.6235,27,0.5802,138,0.4475
8482259,24.25,39.0264,0.9919,28,0.9805,239,0.9821,639,0.9365
8482720,22.2885,35.8698,0.5277,2,0.5472,95,0.702,439,0.6873
8482737,21.9962,35.3994,0.3811,0,0.0,134,0.8404,552,0.8599
8482775,22.425,36.0894,0.5977,3,0.6596,124,0.8111,573,0.8827
8482964,21.8132,35.1049,0.5525,0,0.0031,16,0.4475,113,0.3981
8483457,22.9676,36.9627,0.9167,5,0.9444,136,0.9815,641,0.9969
8483515,23.0331,37.068,0.8502,5,0.7606,157,0.8941,530,0.8257
8484984,22.3942,36.04,0.5814,5,0.7606,150,0.8811,613,0.9153
8471214,21.6364,34.8203,0.2508,0,0.0,12,0.1971,126,0.2638
8474590,22.5206,36.2433,0.8395,1,0.6235,31,0.6389,181,0.534
8475343,22.0591,35.5005,0.4072,1,0.3827,66,0.5407,503,0.7883
8476374,22.5732,36.3279,0.6726,1,0.3827,76,0.614,367,0.5603
8476854,22.5098,36.226,0.8272,2,0.7994,50,0.7932,275,0.7469
8476880,22.8156,36.7181,0.7834,8,0.8485,154,0.8876,562,0.8713
8477496,21.0082,33.8094,0.0896,0,0.0,27,0.3029,345,0.5179
8477507,23.8442,38.3734,0.9969,7,0.9722,50,0.7932,210,0.6111
8477845,22.0983,35.5638,0.6605,1,0.6235,29,0.6111,177,0.5216
8477956,21.5107,34.618,0.202,0,0.0,67,0.5489,350,0.5293
8478042,22.7079,36.5448,0.7329,6,0.798,64,0.5228,348,0.5244
8478401,22.3939,36.0393,0.5798,1,0.3827,61,0.5098,438,0.6857
8478440,22.0195,35.4369,0.3876,1,0.3827,27,0.3029,380,0.5945
8478463,22.9965,37.0092,0.8388,9,0.8697,153,0.886,636,0.9316
8478911,22.0535,35.4916,0.642,1,0.6235,45,0.7685,215,0.6296
8479325,22.3564,35.9791,0.7716,3,0.8796,72,0.9136,439,0.9537
8479345,23.0807,37.1446,0.9383,4,0.9136,87,0.9352,408,0.9414
8479369,20.9124,33.6551,0.2438,0,0.0031,16,0.4475,175,0.5185
8479400,21.6538,34.8484,0.2606,0,0.0,44,0.4218,201,0.3485
8479520,23.304,37.504,0.9235,11,0.9104,108,0.7622,378,0.5912
8479591,22.5057,36.2194,0.645,2,0.5472,43,0.4153,229,0.3876
8479661,22.3735,36.0065,0.5733,3,0.6596,104,0.741,460,0.7264
8479987,22.1836,35.7009,0.4756,1,0.3827,63,0.5179,369,0.57
8479999,22.2824,35.86,0.5261,1,0.3827,69,0.5651,427,0.671
8480035,21.3371,34.3387,0.3735,0,0.0031,16,0.4475,96,0.3426
8480355,22.7347,36.5878,0.7492,11,0.9104,160,0.9039,603,0.9055
8480796,22.3913,36.0353,0.7809,3,0.8796,52,0.8179,231,0.6698
8480873,21.961,35.3427,0.6049,0,0.0031,61,0.858,304,0.7994
8481580,23.0093,37.0297,0.8453,8,0.8485,166,0.9186,590,0.8958
8481656,23.143,37.2449,0.8893,12,0.9218,156,0.8909,459,0.7231
8482088,22.3546,35.9762,0.5635,5,0.7606,141,0.8616,536,0.8322
8482148,22.7117,36.5508,0.7362,3,0.6596,131,0.8322,459,0.7231
8482177,22.8875,36.8338,0.816,5,0.7606,104,0.741,472,0.7443
8482511,22.1016,35.569,0.6636,1,0.6235,25,0.5463,213,0.6173
8483489,22.7141,36.5547,0.7378,9,0.8697,108,0.7622,535,0.829
8484186,24.2609,39.0441,0.9935,11,0.9104,112,0.7752,415,0.6564
8474150,22.1357,35.6239,0.4479,1,0.3827,69,0.5651,520,0.816
8474641,21.6205,34.7947,0.2459,0,0.0,28,0.3176,259,0.4283
8475172,22.1157,35.5917,0.4365,1,0.3827,43,0.4153,415,0.6564
8475218,22.1712,35.6811,0.716,1,0.6235,29,0.6111,342,0.8519
8476399,22.5166,36.2368,0.6498,4,0.728,82,0.6384,523,0.8208
8476454,22.7683,36.642,0.7638,3,0.6596,60,0.5016,376,0.5831
8476967,21.9299,35.2926,0.5988,0,0.0031,67,0.8951,377,0.9105
8477346,22.0427,35.4741,0.6358,1,0.6235,36,0.6852,369,0.9043
8477498,23.199,37.3351,0.9599,6,0.9568,95,0.9475,401,0.929
8477810,20.8132,33.4955,0.2253,0,0.0031,14,0.3951,200,0.5802
8477934,23.2764,37.4597,0.9153,12,0.9218,142,0.8632,513,0.8094
8477953,23.9216,38.4979,0.9821,10,0.8941,68,0.5586,231,0.3925
8477993,21.4441,34.5108,0.1873,0,0.0,11,0.1873,90,0.2215
8478233,22.5522,36.2942,0.6612,2,0.5472,52,0.4577,368,0.5651
8478397,21.8433,35.1534,0.5586,0,0.0031,61,0.858,367,0.8951
8478402,24.6119,39.6089,0.9967,151,1.0,530,1.0,922,0.9967
8479066,22.8722,36.8092,0.8111,2,0.5472,50,0.4528,228,0.3811
8479365,22.6387,36.4334,0.6971,3,0.6596,79,0.6254,382,0.601
8479402,21.6605,34.8592,0.4877,0,0.0031,8,0.2963,35,0.2099
8480028,22.7329,36.585,0.7443,6,0.798,136,0.8485,539,0.8371
8480797,22.2145,35.7507,0.4951,2,0.5472,71,0.5847,435,0.6808
8480803,21.9746,35.3646,0.6111,0,0.0031,77,0.9259,407,0.9383
8480831,21.6033,34.7671,0.4722,0,0.0031,3,0.1975,65,0.287
8480834,22.7509,36.6139,0.8889,1,0.6235,50,0.7932,301,0.7932
8480860,21.6731,34.8793,0.4969,0,0.0031,38,0.7006,267,0.7346
8481068,21.9586,35.3388,0.3681,0,0.0,64,0.5228,473,0.7476
8481167,21.1412,34.0234,0.2963,0,0.0031,14,0.3951,79,0.3117
8481491,21.7693,35.0343,0.2915,0,0.0,30,0.329,115,0.2508
8481617,23.1124,37.1957,0.8762,8,0.8485,183,0.9479,737,0.9739
8482074,20.7931,33.4631,0.0635,0,0.0,11,0.1873,388,0.6059
8482679,22.6767,36.4945,0.7296,3,0.6596,96,0.7101,487,0.7704
8483455,23.0357,37.0723,0.8518,3,0.6596,45,0.4267,162,0.3143
8483512,22.7575,36.6246,0.7573,7,0.8241,123,0.8046,466,0.7378
8483609,22.588,36.3518,0.6824,5,0.7606,99,0.7248,452,0.7117
8484860,21.9833,35.3786,0.3779,0,0.0,30,0.329,220,0.373
8485493,22.0288,35.4518,0.3909,1,0.3827,12,0.1971,73,0.2036
8475188,20.4555,32.9199,0.1389,0,0.0031,1,0.0772,72,0.3056
8475191,22.1323,35.6183,0.4463,1,0.3827,59,0.4967,447,0.702
8475913,22.4076,36.0615,0.5879,1,0.3827,34,0.3632,209,0.3599
8476438,22.6395,36.4347,0.6987,3,0.6596,71,0.5847,269,0.4381
8476448,22.3282,35.9337,0.5521,1,0.3827,32,0.3502,96,0.2264
8476881,21.9634,35.3466,0.3697,0,0.0,60,0.5016,348,0.5244
8476925,22.9844,36.9896,0.8355,1,0.3827,91,0.6759,374,0.5749
8477447,22.2014,35.7296,0.7222,1,0.6235,52,0.8179,362,0.8735
8477964,22.5419,36.2776,0.6596,1,0.3827,66,0.5407,395,0.6156
8478396,23.4488,37.737,0.9753,6,0.9568,75,0.9228,364,0.8827
8478403,23.0317,37.0658,0.8485,26,0.9772,344,0.9967,830,0.9919
8478434,22.3777,36.0134,0.5749,3,0.6596,123,0.8046,522,0.8192
8478468,22.5101,36.2264,0.8302,1,0.6235,50,0.7932,209,0.608
8478483,22.0052,35.4138,0.3844,1,0.3827,50,0.4528,415,0.6564
8479353,23.202,37.3399,0.9023,8,0.8485,165,0.9137,444,0.6954
8480727,21.3331,34.3323,0.3704,0,0.0031,35,0.6728,253,0.7037
8481527,21.8398,35.1477,0.5556,0,0.0031,32,0.6481,279,0.7562
8481604,22.4296,36.0969,0.6026,3,0.6596,66,0.5407,428,0.6743
8481568,22.3745,36.0081,0.7747,4,0.9136,67,0.8951,334,0.8426
8481806,23.0895,37.1588,0.9414,4,0.9136,55,0.8333,243,0.679
8475722,21.9005,35.2453,0.3355,0,0.0,44,0.4218,210,0.3632
8477419,21.6044,34.7688,0.241,0,0.0,1,0.0244,5,0.0081
8477949,22.7886,36.6746,0.7736,8,0.8485,129,0.8241,465,0.7345
8479359,24.9389,40.1352,1.0,14,0.9365,183,0.9479,502,0.7866
8479420,22.8454,36.7659,0.7997,8,0.8485,168,0.9235,681,0.9593
8479941,21.0409,33.862,0.0961,0,0.0,3,0.0619,28,0.1189
8479982,21.0118,33.8152,0.2685,0,0.0031,11,0.3611,100,0.3549
8480064,23.0384,37.0767,0.855,10,0.8941,114,0.7834,368,0.5651
8480196,22.1093,35.5814,0.6667,1,0.6235,24,0.534,129,0.429
8480802,23.1759,37.298,0.899,9,0.8697,307,0.9902,968,0.9984
8480807,22.8413,36.7594,0.9043,2,0.7994,91,0.9414,389,0.9198
8480839,22.4791,36.1765,0.8148,1,0.6235,60,0.8519,451,0.966
8481522,23.2766,37.46,0.9169,10,0.8941,158,0.8974,594,0.899
8481524,22.8666,36.8001,0.9074,3,0.8796,104,0.9537,464,0.9691
8481564,20.5548,33.0797,0.1667,0,0.0031,1,0.0772,6,0.0741
8482097,23.0394,37.0783,0.8567,6,0.798,197,0.9642,745,0.9788
8482659,22.204,35.7337,0.4886,7,0.8241,148,0.8779,608,0.9104
8483468,21.9365,35.3034,0.3534,0,0.0,30,0.329,111,0.2443
8474141,22.8011,36.6947,0.7801,1,0.3827,75,0.6107,473,0.7476
8474612,20.363,32.771,0.1296,0,0.0031,3,0.1975,50,0.2469
8475279,21.8693,35.1952,0.5772,0,0.0031,35,0.6728,266,0.7284
8477429,22.4668,36.1567,0.6238,5,0.7606,111,0.7736,512,0.8078
8477456,22.3992,36.0479,0.5847,6,0.798,152,0.8827,544,0.8502
8477946,22.5092,36.2249,0.6466,7,0.8241,179,0.9365,698,0.9642
8478891,22.0765,35.5286,0.4137,1,0.3827,92,0.684,378,0.5912
8479337,22.6395,36.4346,0.6987,1,0.3827,114,0.7834,604,0.9072
8479992,22.2454,35.8004,0.5114,2,0.5472,91,0.6759,399,0.627
8481542,21.7169,34.9499,0.5185,0,0.0031,43,0.75,325,0.8302
8481607,21.9709,35.3586,0.608,0,0.0031,33,0.6605,223,0.6481
8481725,22.161,35.6647,0.4593,2,0.5472,88,0.6629,333,0.5033
8482078,22.7486,36.6102,0.7508,5,0.7606,108,0.7622,472,0.7443
8482762,22.1697,35.6786,0.713,1,0.6235,25,0.5463,233,0.6728
8483464,22.835,36.7493,0.7948,3,0.6596,135,0.8436,626,0.9267
8484223,21.5123,34.6205,0.429,0,0.0031,28,0.5988,213,0.6173
8484471,22.4192,36.0802,0.5961,3,0.6596,190,0.9593,634,0.93
8484794,22.1203,35.599,0.4397,1,0.3827,11,0.1873,75,0.2085
8473512,21.8386,35.1457,0.3143,0,0.0,74,0.601,448,0.7085
8474102,22.1813,35.6972,0.4723,1,0.3827,36,0.3664,204,0.3534
8474151,21.0471,33.872,0.2747,0,0.0031,17,0.463,106,0.3704
8474189,22.2698,35.8398,0.5195,1,0.3827,74,0.601,362,0.5505
8475167,22.1537,35.6528,0.6944,1,0.6235,14,0.3951,124,0.4198
8475324,22.6573,36.4633,0.8549,1,0.6235,29,0.6111,215,0.6296
8476393,22.1269,35.6098,0.443,1,0.3827,37,0.3811,315,0.4756
8476453,22.4398,36.1133,0.6075,3,0.6596,135,0.8436,503,0.7883
8476826,21.8349,35.1398,0.3111,0,0.0,96,0.7101,563,0.8746
8477073,21.197,34.1132,0.1384,0,0.0,3,0.0619,16,0.0717
8477404,22.2569,35.8189,0.5147,1,0.3827,98,0.7215,511,0.8062
8477416,21.9514,35.3272,0.3632,0,0.0,82,0.6384,381,0.5961
8478010,23.4631,37.7602,0.9414,36,0.9902,279,0.987,677,0.9577
8478020,22.2624,35.8278,0.5163,3,0.6596,102,0.7329,571,0.8811
8478178,21.151,34.0392,0.3025,0,0.0031,46,0.7747,283,0.7747
8478416,22.225,35.7676,0.7284,2,0.7994,38,0.7006,168,0.5093
8478469,22.2586,35.8217,0.7346,2,0.7994,55,0.8333,327,0.8333
8478519,22.4455,36.1224,0.6124,6,0.798,82,0.6384,336,0.5049
8479542,23.2225,37.3729,0.9039,12,0.9218,154,0.8876,483,0.7622
8480188,22.5131,36.2312,0.6482,5,0.7606,116,0.7883,489,0.772
8480801,22.0858,35.5435,0.4202,1,0.3827,49,0.4446,235,0.3974
8480876,21.3484,34.3568,0.1678,0,0.0,5,0.1124,74,0.2068
8480995,22.9304,36.9028,0.8241,3,0.6596,95,0.702,424,0.6678
8481528,23.747,38.217,0.9756,22,0.9691,189,0.9577,671,0.9528
8481596,22.5799,36.3388,0.6759,1,0.3827,81,0.6368,462,0.728
8481719,21.7073,34.9345,0.5154,0,0.0031,26,0.5617,103,0.3642
8482070,21.4527,34.5247,0.1889,0,0.0,13,0.2085,57,0.1873
8482092,22.9257,36.8952,0.8225,4,0.728,105,0.7459,399,0.627
8482105,24.3656,39.2125,1.0,31,0.9969,173,0.9938,516,0.9846
8482116,23.5373,37.8795,0.956,46,0.9967,318,0.9935,756,0.9805
8482131,22.1366,35.6253,0.6852,1,0.6235,28,0.5988,153,0.4846
8482201,23.3202,37.5301,0.9267,3,0.6596,37,0.3811,286,0.4528
8482245,20.9481,33.7126,0.2531,0,0.0031,9,0.3272,136,0.4414
8482929,21.7948,35.0752,0.5432,0,0.0031,32,0.6481,183,0.5401
8483447,22.5296,36.2578,0.6547,2,0.5472,16,0.2362,87,0.2166
8484321,23.1269,37.219,0.9506,2,0.7994,42,0.7438,213,0.6173
8475235,21.0627,33.8971,0.101,0,0.0,6,0.1287,89,0.2199
8476372,22.2678,35.8365,0.7377,1,0.6235,24,0.534,173,0.5123
8476461,21.6859,34.9,0.2704,0,0.0,58,0.4902,390,0.6091
8477903,22.4886,36.1918,0.6319,2,0.5472,55,0.4739,374,0.5749
8477948,22.6985,36.5296,0.8704,3,0.8796,101,0.9506,440,0.9568
8477989,22.3463,35.9628,0.5603,3,0.6596,196,0.9625,744,0.9772
8478439,22.3456,35.9617,0.5586,2,0.5472,107,0.7541,458,0.7199
8478454,20.4287,32.8768,0.1358,0,0.0031,5,0.2531,113,0.3981
8479022,22.0254,35.4463,0.3893,1,0.3827,33,0.3583,187,0.3355
8480015,23.9739,38.5821,0.987,61,0.9984,327,0.9951,636,0.9316
8480220,22.4114,36.0676,0.5928,1,0.3827,37,0.3811,447,0.702
8480874,20.005,32.1949,0.0772,0,0.0031,1,0.0772,7,0.0864
8481178,21.1227,33.9936,0.2901,0,0.0031,1,0.0772,25,0.1821
8481533,22.095,35.5584,0.4235,2,0.5472,71,0.5847,495,0.7785
8481553,23.3043,37.5046,0.9251,2,0.5472,105,0.7459,548,0.8518
8482142,23.5145,37.8428,0.9815,7,0.9722,135,0.9784,445,0.9599
8482159,21.3091,34.2937,0.158,0,0.0,16,0.2362,118,0.2573
8484387,21.4896,34.5841,0.1938,0,0.0,79,0.6254,413,0.6498
8475151,22.3263,35.9307,0.5505,1,0.3827,22,0.2638,117,0.2557
8475231,22.734,36.5867,0.7459,4,0.728,126,0.8176,551,0.8567
8475314,22.2426,35.7959,0.5081,3,0.6596,65,0.5342,398,0.6254
8476419,22.078,35.531,0.4153,1,0.3827,108,0.7622,399,0.627
8476429,23.0493,37.0942,0.929,1,0.6235,14,0.3951,164,0.4938
8476917,22.0285,35.4513,0.6296,1,0.6235,41,0.7315,277,0.7531
8477407,22.6756,36.4927,0.728,4,0.728,63,0.5179,222,0.3746
8477494,22.121,35.6002,0.4414,1,0.3827,93,0.6938,369,0.57
8477500,23.0778,37.14,0.8697,16,0.956,174,0.9283,540,0.8404
8477506,22.8119,36.712,0.8981,2,0.7994,32,0.6481,201,0.5833
8477950,22.4693,36.1608,0.8117,5,0.9444,54,0.8272,335,0.8457
8478445,22.4755,36.1707,0.6254,15,0.9463,298,0.9886,812,0.9853
8480842,22.9531,36.9393,0.8306,1,0.3827,14,0.2199,109,0.2427
8481014,21.4265,34.4826,0.4167,0,0.0031,8,0.2963,60,0.2685
8481601,22.7515,36.6149,0.7541,9,0.8697,149,0.8795,559,0.8648
8482476,23.5087,37.8336,0.9479,17,0.9593,160,0.9039,640,0.9381
8484958,21.3268,34.3221,0.1629,0,0.0,17,0.2459,170,0.3241
8485366,23.0939,37.1659,0.9444,33,1.0,236,1.0,652,1.0
8485702,21.5704,34.7141,0.228,0,0.0,53,0.4642,315,0.4756
8473533,23.1068,37.1867,0.873,3,0.6596,72,0.5961,447,0.702
8474149,22.6518,36.4545,0.715,4,0.728,36,0.3664,154,0.3013
8475455,22.6694,36.4828,0.8611,2,0.7994,30,0.6296,177,0.5216
8475791,22.8466,36.768,0.8029,8,0.8485,139,0.8583,561,0.8697
8476292,22.5537,36.2965,0.6629,1,0.3827,52,0.4577,396,0.6205
8476462,21.265,34.2226,0.3395,0,0.0031,8,0.2963,193,0.5648
8476822,23.2788,37.4634,0.9202,7,0.8241,115,0.7866,439,0.6873
8476906,21.731,34.9725,0.5247,0,0.0031,12,0.3765,145,0.4691
8476921,22.7142,36.5549,0.7394,5,0.7606,79,0.6254,350,0.5293
8476958,21.8475,35.16,0.5648,0,0.0031,17,0.463,125,0.4228
8477015,23.2273,37.3805,0.9055,4,0.728,112,0.7752,560,0.8681
8477478,22.6479,36.4481,0.7068,6,0.798,113,0.7818,364,0.5537
8477488,20.9217,33.6702,0.2469,0,0.0031,8,0.2963,69,0.3025
8477940,23.1125,37.1959,0.8779,20,0.9642,162,0.9104,573,0.8827
8478399,21.2146,34.1415,0.321,0,0.0031,28,0.5988,311,0.8056
8478414,22.4349,36.1054,0.6042,5,0.7606,106,0.7508,531,0.8274
8478427,22.1803,35.6957,0.4707,2,0.5472,126,0.8176,505,0.7948
8478970,22.4487,36.1276,0.7963,2,0.7994,48,0.787,268,0.7377
8479407,22.6462,36.4454,0.7052,7,0.8241,166,0.9186,642,0.9397
8479996,21.9498,35.3247,0.3599,0,0.0,64,0.5228,365,0.5554
8480002,22.7938,36.683,0.7752,3,0.6596,106,0.7508,497,0.7818
8480336,22.0897,35.5498,0.6574,1,0.6235,105,0.9568,417,0.9475
8480762,23.5969,37.9754,0.9577,22,0.9691,103,0.7378,341,0.5163
8480817,23.2171,37.3642,0.963,4,0.9136,74,0.9167,321,0.8272
8480829,21.6021,34.7651,0.2394,0,0.0,24,0.2801,159,0.3078
8480830,23.1074,37.1876,0.8746,11,0.9104,130,0.829,498,0.7834
8481032,23.1201,37.2081,0.8795,12,0.9218,152,0.8827,484,0.7671
8481559,22.49,36.194,0.6336,4,0.728,124,0.8111,583,0.8876
8481721,22.6517,36.4543,0.7134,3,0.6596,92,0.684,437,0.6824
8482093,23.3801,37.6266,0.93,14,0.9365,157,0.8941,496,0.7801
8482100,22.3808,36.0183,0.7778,3,0.8796,62,0.8704,296,0.787
8482110,21.7564,35.0134,0.2883,0,0.0,90,0.671,520,0.816
8482684,23.3719,37.6134,0.9691,7,0.9722,110,0.963,399,0.9228
8482702,21.9125,35.2647,0.3436,0,0.0,97,0.715,623,0.9251
8482809,21.7765,35.0458,0.2932,0,0.0,67,0.5489,476,0.7541
8483495,21.3697,34.391,0.3858,0,0.0031,18,0.4938,226,0.6543
8474567,22.0373,35.4654,0.6327,1,0.6235,14,0.3951,110,0.3827
8474716,22.4599,36.1457,0.8025,2,0.7994,38,0.7006,275,0.7469
8475149,23.0608,37.1127,0.8648,4,0.728,180,0.9381,525,0.8225
8475170,22.427,36.0927,0.5993,2,0.5472,83,0.6466,551,0.8567
8475220,21.5213,34.6351,0.2036,0,0.0,39,0.3974,203,0.3518
8475753,22.7304,36.581,0.8827,3,0.8796,66,0.8889,358,0.8673
8475760,21.6473,34.8378,0.2573,0,0.0,70,0.5749,359,0.5472
8475764,21.8846,35.2198,0.5895,0,0.0031,43,0.75,411,0.9444
8475765,21.9338,35.299,0.3502,0,0.0,45,0.4267,299,0.4658
8476892,22.3277,35.9329,0.7593,3,0.8796,91,0.9414,368,0.9012
8476994,23.6143,38.0035,0.9625,14,0.9365,190,0.9593,414,0.6531
8477402,21.5365,34.6595,0.2085,0,0.0,63,0.5179,543,0.8453
8477451,22.3447,35.9602,0.557,2,0.5472,42,0.4055,293,0.4577
8477573,22.8202,36.7254,0.7899,2,0.5472,65,0.5342,253,0.4202
8478136,21.7478,34.9997,0.534,0,0.0031,38,0.7006,219,0.6389
8478472,22.7846,36.6682,0.7704,7,0.8241,78,0.6221,295,0.4609
8478493,22.4356,36.1066,0.6059,4,0.728,91,0.6759,513,0.8094
8478508,22.9592,36.9492,0.8339,13,0.9316,156,0.8909,617,0.9202
8478864,22.4285,36.0952,0.601,2,0.5472,87,0.6612,618,0.9235
8479385,23.0397,37.0786,0.8583,4,0.728,138,0.8534,452,0.7117
8480023,23.2965,37.4919,0.9218,1,0.3827,88,0.6629,454,0.715
8480281,23.5152,37.844,0.9495,13,0.9316,159,0.9007,377,0.5879
8480459,21.0924,33.9448,0.1075,0,0.0,9,0.1661,199,0.3469
8481006,21.882,35.2156,0.5833,0,0.0031,26,0.5617,202,0.5864
8481557,22.2703,35.8404,0.5212,3,0.6596,90,0.671,458,0.7199
8481598,23.4601,37.7554,0.9784,11,0.9877,147,0.9846,446,0.963
8482077,22.1474,35.6427,0.4528,2,0.5472,145,0.8681,549,0.855
8482079,21.7282,34.9681,0.2818,0,0.0,26,0.2899,236,0.4023
8482089,22.154,35.6534,0.4544,1,0.3827,52,0.4577,339,0.5098
8482122,23.0494,37.0943,0.9321,4,0.9136,125,0.9722,422,0.9506
8482733,21.9417,35.3117,0.6019,0,0.0031,51,0.8056,336,0.8488
8483452,21.2157,34.1432,0.1433,0,0.0,9,0.1661,44,0.1596
8483460,20.0101,32.2031,0.0802,0,0.0031,1,0.0772,36,0.213
8483499,22.6449,36.4433,0.7036,7,0.8241,120,0.7964,479,0.7557
8483516,22.056,35.4955,0.4007,3,0.6596,70,0.5749,404,0.6336
8484798,22.7196,36.5635,0.8765,2,0.7994,43,0.75,298,0.7901
8474564,22.9518,36.9372,0.829,4,0.728,120,0.7964,536,0.8322
8474600,21.3778,34.4042,0.392,0,0.0031,56,0.8395,360,0.8704
8475158,22.1415,35.6332,0.4511,1,0.3827,71,0.5847,591,0.8974
8475287,22.5008,36.2114,0.6433,7,0.8241,105,0.7459,657,0.9495
8475745,23.0619,37.1144,0.8664,2,0.5472,85,0.6564,464,0.7329
8475790,22.4381,36.1106,0.7901,1,0.6235,16,0.4475,140,0.4506
8476432,22.2645,35.8311,0.5179,1,0.3827,70,0.5749,397,0.6221
8476539,21.0797,33.9244,0.1059,0,0.0,20,0.2557,235,0.3974
8476869,23.3967,37.6532,0.9722,2,0.7994,63,0.8735,315,0.8179
8476887,21.9683,35.3545,0.3713,0,0.0,43,0.4153,441,0.6906
8476923,22.0642,35.5089,0.6451,1,0.6235,36,0.6852,255,0.713
8477425,23.7146,38.1648,0.9739,22,0.9691,145,0.8681,353,0.5407
8477446,22.1932,35.7164,0.4821,1,0.3827,84,0.6482,599,0.9039
8477497,21.9242,35.2835,0.3469,0,0.0,112,0.7752,582,0.886
8478047,22.5188,36.2404,0.6515,2,0.5472,74,0.601,366,0.5586
8478460,23.0635,37.117,0.9352,5,0.9444,118,0.9691,471,0.9722
8478500,22.1319,35.6177,0.6821,2,0.7994,54,0.8272,374,0.9074
8479370,21.8501,35.1643,0.3192,0,0.0,92,0.684,445,0.6987
8479371,21.2578,34.211,0.3333,0,0.0031,11,0.3611,151,0.4784
8479671,21.8121,35.1031,0.2997,0,0.0,54,0.4691,329,0.4984
8479944,22.213,35.7482,0.4935,1,0.3827,45,0.4267,189,0.3404
8480246,20.6042,33.1592,0.1698,0,0.0031,19,0.5062,197,0.571
8480806,22.7838,36.6669,0.7687,10,0.8941,102,0.7329,328,0.4951
8480893,23.3641,37.6007,0.9283,28,0.9805,273,0.9853,821,0.9886
8481056,22.5196,36.2416,0.8364,3,0.8796,64,0.8765,271,0.7438
8481716,22.0532,35.4911,0.399,1,0.3827,43,0.4153,267,0.4365
8482062,23.471,37.7728,0.943,8,0.8485,107,0.7541,372,0.5733
8482111,21.5836,34.7354,0.4599,0,0.0031,44,0.7593,229,0.6636
8482482,22.5069,36.2213,0.8241,1,0.6235,67,0.8951,328,0.8364
8482660,22.6142,36.394,0.6938,2,0.5472,68,0.5586,483,0.7622
8482705,22.7107,36.5492,0.7345,8,0.8485,138,0.8534,543,0.8453
8482768,22.8796,36.821,0.8143,4,0.728,109,0.7704,454,0.715
8483465,21.0184,33.8257,0.0912,0,0.0,14,0.2199,67,0.1987
8483485,22.2794,35.8551,0.7438,3,0.8796,74,0.9167,346,0.858
8484166,23.3876,37.6386,0.9316,15,0.9463,181,0.9397,742,0.9756
8485405,21.1112,33.9751,0.1173,0,0.0,2,0.0407,11,0.044
8473604,21.6392,34.8248,0.2541,0,0.0,45,0.4267,357,0.5423
8474568,20.9688,33.7459,0.2593,0,0.0031,3,0.1975,68,0.2994
8474679,22.1884,35.7087,0.4772,2,0.5472,34,0.3632,262,0.4316
8475168,21.5565,34.6917,0.2199,0,0.0,67,0.5489,352,0.5375
8475794,21.8542,35.1708,0.3208,0,0.0,28,0.3176,149,0.2948
8475799,21.6802,34.8908,0.2671,0,0.0,29,0.3225,328,0.4951
8476278,22.7956,36.6859,0.7785,4,0.728,89,0.6661,361,0.5489
8476331,20.4673,32.9389,0.142,0,0.0031,8,0.2963,165,0.5062
8476460,23.438,37.7198,0.9397,2,0.5472,119,0.7948,693,0.9625
8476480,22.2433,35.797,0.5098,1,0.3827,71,0.5847,389,0.6075
8476871,21.6978,34.9191,0.272,0,0.0,57,0.4821,295,0.4609
8476889,21.9516,35.3275,0.3648,0,0.0,46,0.4397,285,0.4511
8476902,21.183,34.0907,0.3117,0,0.0031,10,0.3488,110,0.3827
8477504,21.8576,35.1763,0.5741,0,0.0031,53,0.8241,364,0.8827
8477938,23.1479,37.2529,0.9537,1,0.6235,39,0.7222,118,0.4074
8478398,22.1591,35.6615,0.4577,1,0.3827,161,0.9072,688,0.9609
8478420,22.839,36.7557,0.798,1,0.3827,74,0.601,384,0.6026
8478449,23.607,37.9916,0.9593,33,0.987,226,0.9788,508,0.7997
8479351,22.0674,35.5139,0.4104,1,0.3827,76,0.614,500,0.785
8479378,21.2591,34.2131,0.3364,0,0.0031,8,0.2963,190,0.5556
8479414,21.0604,33.8934,0.0977,0,0.0,15,0.228,107,0.2378
8480014,21.7275,34.967,0.2801,0,0.0,27,0.3029,319,0.4837
8480027,22.6603,36.4681,0.7215,2,0.5472,59,0.4967,314,0.4739
8480036,22.4538,36.1359,0.7994,3,0.8796,68,0.9043,366,0.892
8480113,22.373,36.0058,0.5717,1,0.3827,70,0.5749,445,0.6987
8480145,21.0032,33.8012,0.2654,0,0.0031,14,0.3951,137,0.4444
8480289,23.6408,38.0461,0.9674,17,0.9593,146,0.8746,376,0.5831
8480878,22.1684,35.6764,0.7068,1,0.6235,35,0.6728,191,0.5617
8480950,20.8502,33.555,0.2346,0,0.0031,5,0.2531,117,0.4043
8481043,24.2193,38.9771,0.9886,22,0.9691,167,0.9218,367,0.5603
8481581,22.1209,35.6,0.6728,1,0.6235,49,0.7901,332,0.8395
8482145,22.4603,36.1462,0.6156,1,0.3827,118,0.7932,617,0.9202
8482740,22.0477,35.4823,0.3958,2,0.5472,85,0.6564,646,0.9446
8482787,21.9798,35.3729,0.3746,0,0.0,7,0.1482,46,0.1629
8483425,21.2805,34.2476,0.3488,0,0.0031,14,0.3951,132,0.4352
8484829,22.1625,35.667,0.4625,1,0.3827,75,0.6107,447,0.702
8474013,21.6755,34.8833,0.5,0,0.0031,17,0.463,182,0.537
8475461,21.9805,35.3741,0.3762,0,0.0,2,0.0407,12,0.057
8476874,22.1821,35.6986,0.7191,0,0.0031,9,0.3272,164,0.4938
8477220,21.5466,34.6758,0.4414,0,0.0031,37,0.6944,226,0.6543
8477951,23.2418,37.4039,0.9072,10,0.8941,198,0.9674,822,0.9902
8478474,22.8303,36.7417,0.7932,10,0.8941,145,0.8681,588,0.8925
8478507,22.4392,36.1123,0.7932,2,0.7994,59,0.8457,215,0.6296
8478831,21.562,34.7006,0.2231,0,0.0,26,0.2899,273,0.4414
8479293,22.9856,36.9916,0.8371,4,0.728,94,0.6971,352,0.5375
8479343,22.8138,36.7151,0.7818,2,0.5472,145,0.8681,638,0.9349
8479410,23.8361,38.3604,0.9938,7,0.9722,80,0.929,364,0.8827
8479977,22.1022,35.5699,0.43,2,0.5472,67,0.5489,322,0.487
8480434,22.6663,36.4778,0.858,3,0.8796,51,0.8056,251,0.7006
8480855,21.554,34.6878,0.2182,0,0.0,70,0.5749,462,0.728
8482175,22.5725,36.3268,0.671,9,0.8697,203,0.9707,662,0.9511
8482699,23.0175,37.0429,0.8469,14,0.9365,203,0.9707,645,0.943
8483431,24.3765,39.2301,0.9951,33,0.987,181,0.9397,407,0.6401
8484386,21.9071,35.256,0.5926,0,0.0031,29,0.6111,109,0.3735
8474574,22.4862,36.1879,0.8179,2,0.7994,37,0.6944,253,0.7037
8475169,22.6023,36.3748,0.6906,2,0.5472,92,0.684,397,0.6221
8475762,20.6565,33.2434,0.179,0,0.0031,1,0.0772,5,0.0586
8477969,20.7818,33.4449,0.213,0,0.0031,8,0.2963,164,0.4938
8478444,21.5687,34.7113,0.2264,0,0.0,28,0.3176,276,0.4446
8478498,23.5296,37.8671,0.9528,9,0.8697,159,0.9007,559,0.8648
8478856,22.8673,36.8012,0.8094,3,0.6596,99,0.7248,555,0.8632
8479425,22.0765,35.5286,0.6512,1,0.6235,41,0.7315,471,0.9722
8480012,22.6735,36.4894,0.7264,3,0.6596,104,0.741,489,0.772
8480078,22.1362,35.6246,0.4495,1,0.3827,24,0.2801,102,0.2329
8480748,22.5999,36.3709,0.6873,7,0.8241,97,0.715,468,0.7394
8480800,22.5108,36.2275,0.8333,2,0.7994,172,0.9907,561,0.9877
8482055,22.8201,36.7253,0.7883,14,0.9365,126,0.8176,509,0.8046
8482691,21.3265,34.3216,0.1612,0,0.0,20,0.2557,230,0.3909
8483395,22.5717,36.3255,0.6694,1,0.3827,26,0.2899,97,0.2296
8483476,20.9688,33.7459,0.0831,0,0.0,4,0.0993,64,0.1922
8483678,22.6507,36.4527,0.8519,1,0.6235,40,0.7253,229,0.6636
8485385,20.0313,32.2372,0.0228,0,0.0,1,0.0244,17,0.0798
8471817,21.5474,34.6771,0.2134,0,0.0,22,0.2638,120,0.2606
8475181,22.2947,35.8798,0.7469,1,0.6235,17,0.463,100,0.3549
8475200,21.3152,34.3034,0.3549,0,0.0031,16,0.4475,186,0.5494
8475726,21.4361,34.4979,0.1857,0,0.0,36,0.3664,228,0.3811
8475784,22.0407,35.4709,0.3925,1,0.3827,16,0.2362,132,0.2687
8475906,20.8013,33.4764,0.2191,0,0.0031,9,0.3272,193,0.5648
8476624,22.2245,35.7668,0.4967,2,0.5472,69,0.5651,357,0.5423
8477018,21.8039,35.0899,0.5463,0,0.0031,8,0.2963,109,0.3735
8477505,23.1058,37.185,0.8713,4,0.728,98,0.7215,479,0.7557
8478874,23.4071,37.67,0.9349,1,0.3827,42,0.4055,311,0.4707
8479983,21.3738,34.3977,0.3889,0,0.0031,33,0.6605,282,0.7716
8480043,22.5945,36.3622,0.8457,1,0.6235,47,0.7809,210,0.6111
8480798,22.207,35.7387,0.4902,1,0.3827,59,0.4967,340,0.513
8480848,22.2494,35.8068,0.513,2,0.5472,84,0.6482,345,0.5179
8482166,21.6433,34.8315,0.4753,0,0.0031,33,0.6605,164,0.4938
8482667,22.3084,35.9018,0.5342,2,0.5472,109,0.7704,627,0.9283
8484227,22.1002,35.5668,0.4283,1,0.3827,94,0.6971,406,0.6384
8484801,22.3202,35.9208,0.544,2,0.5472,184,0.9511,872,0.9935
8484911,22.9206,36.887,0.8208,6,0.798,117,0.7899,514,0.8127
8473986,22.4621,36.1492,0.6189,2,0.5472,67,0.5489,413,0.6498
8474586,21.7033,34.928,0.2752,0,0.0,65,0.5342,543,0.8453
8475184,22.8934,36.8433,0.8192,4,0.728,90,0.671,410,0.6433
8475462,21.5476,34.6773,0.4444,0,0.0031,12,0.3765,112,0.392
8475768,21.6821,34.8939,0.2687,0,0.0,42,0.4055,272,0.4397
8475798,22.3411,35.9545,0.5554,3,0.6596,79,0.6254,350,0.5293
8476457,21.8112,35.1017,0.5494,0,0.0031,29,0.6111,281,0.7623
8476467,22.0144,35.4286,0.6265,1,0.6235,30,0.6296,254,0.7099
8476885,21.3982,34.437,0.4043,0,0.0031,18,0.4938,144,0.463
8476905,23.2681,37.4463,0.9121,8,0.8485,161,0.9072,585,0.8909
8477527,21.6052,34.7702,0.2427,0,0.0,37,0.3811,241,0.4072
8477919,21.9898,35.3891,0.3795,0,0.0,62,0.513,462,0.728
8477955,21.5089,34.6151,0.1987,0,0.0,32,0.3502,245,0.4121
8477986,22.7198,36.564,0.8796,4,0.9136,88,0.9383,406,0.9352
8478366,22.9464,36.9285,0.8274,3,0.6596,46,0.4397,223,0.3762
8478407,21.6453,34.8346,0.4784,0,0.0031,31,0.6389,269,0.7407
8478873,22.5831,36.3438,0.6808,2,0.5472,71,0.5847,441,0.6906
8478975,21.5105,34.6177,0.2003,0,0.0,26,0.2899,224,0.3779
8479324,21.5886,34.7434,0.463,0,0.0031,26,0.5617,203,0.5895
8479372,21.3902,34.4241,0.3951,0,0.0031,15,0.4321,64,0.284
8480009,21.898,35.2413,0.3339,0,0.0,50,0.4528,365,0.5554
8480068,23.1278,37.2206,0.8827,15,0.9463,200,0.9691,584,0.8893
8481563,21.2134,34.1396,0.3179,0,0.0031,17,0.463,186,0.5494
8481605,22.6258,36.4126,0.8488,5,0.9444,105,0.9568,584,0.9907
8481789,21.9504,35.3257,0.3616,0,0.0,64,0.5228,377,0.5879
8482118,20.7635,33.4155,0.0603,0,0.0,5,0.1124,43,0.158
8482665,22.0686,35.5158,0.4121,2,0.5472,128,0.8225,711,0.9707
8482745,21.846,35.1577,0.3176,0,0.0,29,0.3225,306,0.4691
8482751,22.5898,36.3547,0.6857,5,0.7606,135,0.8436,473,0.7476
8482803,22.4921,36.1974,0.821,8,0.9846,162,0.9877,587,0.9938
8483445,23.0563,37.1054,0.8632,20,0.9642,185,0.9544,674,0.956
8483490,22.0034,35.411,0.6204,1,0.6235,44,0.7593,317,0.821
8483497,21.9009,35.246,0.3371,0,0.0,25,0.285,135,0.2736
8483524,22.492,36.1973,0.6352,3,0.6596,137,0.8518,616,0.9186
8484153,22.4629,36.1504,0.6205,9,0.8697,188,0.956,768,0.9837
8484762,22.8538,36.7795,0.8046,10,0.8941,220,0.9756,701,0.9658
8480074,21.9222,35.2804,0.3453,0,0.0,30,0.329,209,0.3599
8484180,21.8257,35.125,0.3046,0,0.0,29,0.3225,102,0.2329
8484768,21.6548,34.8499,0.4815,0,0.0031,23,0.5247,178,0.5278
8480887,20.9524,33.7196,0.2562,0,0.0031,3,0.1975,28,0.1944
8482671,22.3279,35.9331,0.7623,1,0.6235,41,0.7315,387,0.9167
8482896,23.4077,37.671,0.9365,9,0.8697,97,0.715,332,0.5016
8480879,20.7546,33.4011,0.2068,0,0.0031,9,0.3272,118,0.4074
8481013,22.6512,36.4534,0.7117,2,0.5472,84,0.6482,281,0.4463
8479772,21.2204,34.1508,0.145,0,0.0,3,0.0619,16,0.0717
8482090,21.1978,34.1145,0.1401,0,0.0,31,0.3453,229,0.3876
8484304,23.1088,37.1898,0.9475,2,0.7994,31,0.6389,206,0.5988
8483553,22.8255,36.7341,0.7915,6,0.798,69,0.5651,324,0.4902
8475810,22.7948,36.6846,0.7769,7,0.8241,117,0.7899,420,0.6645
8481704,21.0625,33.8967,0.0993,0,0.0,7,0.1482,73,0.2036
8483733,22.0418,35.4728,0.3941,1,0.3827,30,0.329,193,0.342
8484779,21.9116,35.2632,0.3404,0,0.0,7,0.1482,36,0.1401
8482117,23.0428,37.0838,0.8616,1,0.3827,45,0.4267,201,0.3485
8482146,22.4108,36.0666,0.5912,1,0.3827,69,0.5651,489,0.772
8476463,21.3222,34.3147,0.3611,0,0.0031,22,0.5185,190,0.5556
8482470,20.473,32.948,0.1451,0,0.0031,7,0.2809,56,0.2562
8481754,22.4667,36.1565,0.6221,5,0.7606,44,0.4218,185,0.3339
8484806,22.2725,35.844,0.7407,1,0.6235,57,0.8426,308,0.8025
8477380,22.65,36.4516,0.7101,5,0.7606,76,0.614,305,0.4674
8477947,22.8738,36.8117,0.8127,4,0.728,61,0.5098,144,0.2866
8480990,21.4994,34.5999,0.4259,0,0.0031,10,0.3488,94,0.3395
8481525,22.4685,36.1595,0.8086,2,0.7994,26,0.5617,183,0.5401
8482623,21.0634,33.8981,0.1026,0,0.0,13,0.2085,104,0.2362
8482655,22.3262,35.9305,0.7562,1,0.6235,38,0.7006,344,0.8549
8480245,21.562,34.7006,0.2231,0,0.0,6,0.1287,23,0.1026
8481606,21.5164,34.6272,0.4321,0,0.0031,47,0.7809,362,0.8735
8482095,21.6678,34.8709,0.4907,0,0.0031,27,0.5802,174,0.5154
8476525,21.3908,34.4251,0.4012,0,0.0031,7,0.2809,66,0.2932
8474037,21.8266,35.1264,0.3062,0,0.0,36,0.3664,165,0.3176
8484158,21.6685,34.872,0.2655,0,0.0,112,0.7752,441,0.6906
8482126,21.3484,34.3568,0.3796,0,0.0031,19,0.5062,203,0.5895
8481161,20.8615,33.5733,0.2407,0,0.0031,5,0.2531,82,0.321
8483531,22.4953,36.2026,0.6384,1,0.3827,19,0.2524,78,0.2117
8483768,21.2991,34.2775,0.3519,0,0.0031,11,0.3611,62,0.2716
8483525,23.1747,37.296,0.8974,6,0.798,92,0.684,395,0.6156
8479619,23.9461,38.5375,0.9837,24,0.9756,181,0.9397,506,0.7964
8480849,22.7585,36.6262,0.759,3,0.6596,143,0.8664,610,0.9121
8482103,21.5879,34.7422,0.2345,0,0.0,27,0.3029,174,0.3257
8478458,22.7621,36.6319,0.7606,21,0.9674,165,0.9137,507,0.798
8479442,22.1566,35.6575,0.7006,1,0.6235,33,0.6605,206,0.5988
8481133,23.0069,37.0259,0.8436,8,0.8485,129,0.8241,407,0.6401
8482624,20.048,32.2641,0.0895,0,0.0031,1,0.0772,6,0.0741
8475755,21.3325,34.3313,0.3642,0,0.0031,12,0.3765,109,0.3735
8476422,21.0747,33.9164,0.2778,0,0.0031,17,0.463,145,0.4691
8476873,22.1815,35.6976,0.4739,1,0.3827,37,0.3811,235,0.3974
8485402,22.7544,36.6195,0.7557,7,0.8241,95,0.702,348,0.5244
8476856,22.8394,36.7564,0.9012,2,0.7994,3,0.1975,31,0.2037
8477365,22.6747,36.4914,0.8673,1,0.6235,25,0.5463,126,0.4259
8480208,22.103,35.5712,0.4316,1,0.3827,138,0.8534,615,0.9169
8484145,22.0581,35.499,0.4039,2,0.5472,72,0.5961,482,0.7606
8481593,21.7925,35.0715,0.5401,0,0.0031,18,0.4938,89,0.3302
8481560,21.5596,34.6967,0.2215,0,0.0,3,0.0619,5,0.0081
8481237,22.5734,36.3283,0.6743,10,0.8941,101,0.7313,312,0.4723
8481546,22.1261,35.6085,0.6759,1,0.6235,24,0.534,247,0.6914
8484135,22.317,35.9156,0.5391,2,0.5472,30,0.329,108,0.2394
8482475,23.6309,38.0301,0.9658,29,0.9837,164,0.9121,554,0.8616
8477454,21.7665,35.0298,0.2899,0,0.0,41,0.4023,245,0.4121
8481024,22.4963,36.2043,0.6401,1,0.3827,32,0.3502,294,0.4593
8484136,23.6938,38.1313,0.9691,15,0.9463,175,0.9316,481,0.759
8479705,22.7869,36.6719,0.772,3,0.6596,49,0.4446,228,0.3811
8482726,21.2794,34.2458,0.1515,0,0.0,33,0.3583,176,0.3274
8476927,22.2273,35.7712,0.4984,1,0.3827,40,0.399,217,0.3713
8477070,22.0142,35.4284,0.386,1,0.3827,31,0.3453,195,0.3436
8479576,22.1563,35.657,0.6975,1,0.6235,12,0.3765,142,0.4568
8482861,20.1952,32.501,0.1019,0,0.0031,2,0.1543,62,0.2716
8480871,21.8543,35.1709,0.571,0,0.0031,8,0.2963,83,0.3241
8477508,22.2288,35.7737,0.5,2,0.5472,54,0.4691,216,0.3697
8477401,21.2072,34.1296,0.1417,0,0.0,3,0.0619,18,0.0847
8479985,21.1493,34.0364,0.2994,0,0.0031,10,0.3488,73,0.3086
8480813,23.1829,37.3091,0.9007,6,0.798,130,0.829,347,0.5228
8483424,22.5808,36.3402,0.6775,5,0.7606,33,0.3583,86,0.215
8475752,22.2752,35.8483,0.5228,3,0.6596,37,0.3811,157,0.3046
8482516,21.5188,34.631,0.4352,0,0.0031,17,0.463,85,0.3272
8483565,21.4004,34.4405,0.4074,0,0.0031,27,0.5802,214,0.6265
8481556,22.8171,36.7205,0.7866,1,0.3827,56,0.4805,157,0.3046
8482947,22.1924,35.7151,0.4788,2,0.5472,66,0.5407,245,0.4121
8476456,21.1198,33.9889,0.1205,0,0.0,18,0.2476,156,0.3029
8482125,21.5996,34.7611,0.2378,0,0.0,26,0.2899,165,0.3176
8482172,22.6566,36.4621,0.7166,5,0.7606,99,0.7248,330,0.5
8482178,23.1981,37.3336,0.9568,1,0.6235,64,0.8765,314,0.8148
8480259,21.8455,35.1568,0.316,0,0.0,25,0.285,95,0.2248
8484800,22.8912,36.8398,0.8176,6,0.798,133,0.8388,525,0.8225
8484305,21.0849,33.9327,0.284,0,0.0031,9,0.3272,100,0.3549
8483471,22.6012,36.3731,0.6889,2,0.5472,58,0.4902,180,0.3306
8484428,21.2195,34.1494,0.3241,0,0.0031,12,0.3765,56,0.2562
8478013,23.5201,37.8518,0.9846,2,0.7994,26,0.5617,156,0.4907
8476425,19.2986,31.058,0.0016,0,0.0,0,0.0,5,0.0081
8480058,22.9985,37.0124,0.9228,1,0.6235,15,0.4321,103,0.3642
8482496,20.881,33.6047,0.07,0,0.0,2,0.0407,11,0.044
8483570,22.8377,36.7536,0.7964,1,0.3827,74,0.601,350,0.5293
8483573,23.5171,37.8471,0.9511,30,0.9853,197,0.9642,404,0.6336
8470621,20.8069,33.4854,0.0651,0,0.0,3,0.0619,153,0.2964
8476474,21.5381,34.6621,0.2117,0,0.0,8,0.1564,142,0.2818
8483500,21.8555,35.173,0.3225,0,0.0,45,0.4267,432,0.6775
8482749,22.4115,36.0677,0.5945,1,0.3827,3,0.0619,11,0.044
8480828,20.1563,32.4384,0.0988,0,0.0031,1,0.0772,16,0.1451
8483752,23.7137,38.1634,0.9723,19,0.9625,91,0.6759,247,0.4169
8476897,21.6349,34.8179,0.2492,0,0.0,25,0.285,160,0.3094
8484241,21.9548,35.3327,0.3664,0,0.0,53,0.4642,412,0.6482
8482911,21.333,34.332,0.3673,0,0.0031,14,0.3951,99,0.3488
8477541,20.4741,32.9498,0.1481,0,0.0031,2,0.1543,16,0.1451
8479026,22.2227,35.7639,0.7253,1,0.6235,28,0.5988,123,0.4136
8481569,22.7508,36.6137,0.8858,1,0.6235,3,0.1975,29,0.1975
8476878,22.4837,36.184,0.6287,2,0.5472,123,0.8046,541,0.842
8480426,22.1138,35.5886,0.6698,1,0.6235,19,0.5062,258,0.7191
8481655,21.3285,34.3247,0.1645,0,0.0,23,0.2687,145,0.2915
8475795,21.2706,34.2317,0.3426,0,0.0031,2,0.1543,29,0.1975
8479980,22.3545,35.976,0.7685,1,0.6235,14,0.3951,152,0.4815
8484203,21.787,35.0626,0.2964,0,0.0,4,0.0993,50,0.1694
8482072,21.5249,34.6409,0.4383,0,0.0031,4,0.2346,37,0.2191
8480840,21.912,35.2638,0.342,0,0.0,42,0.4055,316,0.4805
8482747,22.229,35.7741,0.5016,1,0.3827,20,0.2557,76,0.2101
8483503,20.2284,32.5543,0.1049,0,0.0031,1,0.0772,11,0.1173
8480891,21.6688,34.8725,0.4938,0,0.0031,26,0.5617,134,0.4383
8478424,23.951,38.5453,0.9853,3,0.6596,80,0.6352,297,0.4642
8479393,22.6712,36.4857,0.7248,6,0.798,70,0.5749,177,0.329
8481219,22.2445,35.799,0.7315,1,0.6235,32,0.6481,185,0.5463
8481562,19.6566,31.6341,0.0401,0,0.0031,0,0.0031,4,0.0463
8478476,20.9432,33.7047,0.25,0,0.0031,14,0.3951,96,0.3426
8477996,22.5343,36.2654,0.6564,2,0.5472,31,0.3453,153,0.2964
8483429,20.3194,32.7009,0.1173,0,0.0031,1,0.0772,17,0.1543
8484240,22.5221,36.2457,0.8426,2,0.7994,61,0.858,347,0.8611
8478104,20.3532,32.7553,0.0342,0,0.0,4,0.0993,58,0.1889
8478413,21.8269,35.1269,0.3078,0,0.0,29,0.3225,140,0.2801
8476907,21.3035,34.2845,0.1564,0,0.0,12,0.1971,49,0.1678
8484164,21.575,34.7214,0.2296,0,0.0,15,0.228,317,0.4821
8480825,20.9286,33.6812,0.0749,0,0.0,3,0.0619,14,0.0668
8479421,19.9974,32.1826,0.0741,0,0.0031,0,0.0031,25,0.1821
8484221,23.1657,37.2814,0.8958,3,0.6596,92,0.684,381,0.5961
8482953,22.6399,36.4353,0.702,2,0.5472,20,0.2557,71,0.2003
8482765,22.7274,36.5761,0.7427,6,0.798,45,0.4267,206,0.3567
8481848,20.6288,33.1988,0.0472,0,0.0,4,0.0993,18,0.0847
8479395,19.9585,32.12,0.0679,0,0.0031,0,0.0031,26,0.1883
8481554,21.5816,34.7321,0.2313,0,0.0,20,0.2557,196,0.3453
8482206,21.7792,35.0501,0.2948,0,0.0,14,0.2199,41,0.1498
8484197,23.0026,37.019,0.842,9,0.8697,131,0.8322,416,0.6612
8483039,21.099,33.9555,0.1124,0,0.0,4,0.0993,12,0.057
8476392,22.0047,35.4131,0.3827,1,0.3827,91,0.6759,504,0.7932
8476872,22.3239,35.9267,0.5472,1,0.3827,76,0.614,374,0.5749
8478062,21.1655,34.0624,0.3086,0,0.0031,1,0.0772,5,0.0586
8482165,22.0431,35.4748,0.6389,1,0.6235,38,0.7006,208,0.6049
8477435,21.338,34.3402,0.3765,0,0.0031,7,0.2809,44,0.2346
8478046,21.3867,34.4184,0.1743,0,0.0,36,0.3664,259,0.4283
8479533,21.6501,34.8424,0.259,0,0.0,12,0.1971,54,0.1792
8482094,21.4039,34.4462,0.4105,0,0.0031,15,0.4321,99,0.3488
8482877,23.2485,37.4148,0.9088,6,0.798,60,0.5016,144,0.2866
8475692,21.1066,33.9677,0.1156,0,0.0,27,0.3029,162,0.3143
8475763,20.6138,33.1746,0.0456,0,0.0,13,0.2085,111,0.2443
8478841,20.8213,33.5086,0.2284,0,0.0031,2,0.1543,57,0.2623
8479336,22.6584,36.4651,0.7182,5,0.7606,82,0.6384,340,0.513
8482634,21.9014,35.2468,0.3388,0,0.0,18,0.2476,143,0.285
8482858,22.9884,36.9962,0.9198,2,0.7994,40,0.7253,250,0.6975
8483432,20.8975,33.6312,0.0733,0,0.0,6,0.1287,39,0.1466
8484160,22.1985,35.7249,0.4853,1,0.3827,45,0.4267,187,0.3355
8478173,22.2931,35.8771,0.5293,1,0.3827,18,0.2476,52,0.1726
8480084,21.5975,34.7578,0.4691,0,0.0031,12,0.3765,110,0.3827
8482149,21.537,34.6603,0.2101,0,0.0,26,0.2899,324,0.4902
8484210,21.8372,35.1435,0.3127,0,0.0,42,0.4055,265,0.4349
8477406,22.7714,36.647,0.7655,8,0.8485,53,0.4642,187,0.3355
8477149,21.9346,35.3003,0.3518,0,0.0,27,0.3029,124,0.2622
8479383,21.0925,33.945,0.1091,0,0.0,6,0.1287,12,0.057
8476458,21.3233,34.3165,0.1596,0,0.0,23,0.2687,228,0.3811
8482209,21.1233,33.9946,0.1221,0,0.0,3,0.0619,23,0.1026
8483890,21.4307,34.4892,0.1824,0,0.0,27,0.3029,205,0.355
8480049,21.7013,34.9248,0.5123,0,0.0031,27,0.5802,256,0.716
8481715,19.2182,30.9286,0.0154,0,0.0031,0,0.0031,3,0.0216
8481592,21.3834,34.4131,0.1726,0,0.0,5,0.1124,32,0.1287
8483728,21.814,35.1062,0.3029,0,0.0,11,0.1873,29,0.1221
8481594,21.1536,34.0434,0.1287,0,0.0,1,0.0244,3,0.0016
8482941,20.5254,33.0324,0.0423,0,0.0,2,0.0407,4,0.0049
8475786,23.062,37.1145,0.8681,9,0.8697,125,0.816,325,0.4935
8482859,23.2739,37.4557,0.9137,10,0.8941,142,0.8632,404,0.6336
8482666,20.6144,33.1756,0.1728,0,0.0031,6,0.2716,80,0.3148
8479362,20.4971,32.9867,0.0391,0,0.0,5,0.1124,30,0.1254
8481712,20.891,33.6207,0.0717,0,0.0,7,0.1482,26,0.1124
8480144,22.4477,36.126,0.614,1,0.3827,40,0.399,290,0.4544
8484901,22.5666,36.3173,0.6661,2,0.5472,30,0.329,135,0.2736
8477463,20.3823,32.802,0.1327,0,0.0031,3,0.1975,39,0.2284
8483398,21.7409,34.9884,0.5278,0,0.0031,20,0.5154,141,0.4537
8473994,21.1672,34.0653,0.1336,0,0.0,13,0.2085,211,0.3648
8481609,22.3215,35.9229,0.7531,1,0.6235,6,0.2716,49,0.2438
8484821,20.7528,33.3983,0.0586,0,0.0,3,0.0619,9,0.0375
8477426,22.4939,36.2003,0.6368,3,0.6596,64,0.5228,283,0.4479
8483433,21.7417,34.9898,0.2834,0,0.0,5,0.1124,18,0.0847
8484168,21.1841,34.0924,0.1368,0,0.0,6,0.1287,53,0.1759
8483676,22.3305,35.9374,0.5537,2,0.5472,38,0.3958,160,0.3094
8481591,19.8772,31.9892,0.0179,0,0.0,0,0.0,10,0.0407
8476867,22.067,35.5134,0.4088,1,0.3827,23,0.2687,115,0.2508
8484403,21.2982,34.276,0.1531,0,0.0,10,0.1775,21,0.0993
8484529,20.9937,33.786,0.0863,0,0.0,3,0.0619,18,0.0847
8484255,20.8218,33.5094,0.0668,0,0.0,3,0.0619,17,0.0798
8481477,22.3514,35.971,0.5619,2,0.5472,42,0.4055,227,0.3795
8482132,21.6665,34.8688,0.2622,0,0.0,19,0.2524,55,0.1824
8476979,20.4748,32.9509,0.1512,0,0.0031,2,0.1543,10,0.1049
8482698,19.743,31.7732,0.0098,0,0.0,0,0.0,7,0.0195
8483510,21.8447,35.1556,0.5617,0,0.0031,17,0.463,123,0.4136
8482785,22.0956,35.5593,0.4267,1,0.3827,5,0.1124,16,0.0717
8474090,20.6784,33.2786,0.1821,0,0.0031,3,0.1975,24,0.1728
8484214,21.1001,33.9573,0.114,0,0.0,3,0.0619,10,0.0407
8483930,21.1611,34.0554,0.1303,0,0.0,8,0.1564,47,0.1661
8483686,21.3206,34.3121,0.358,0,0.0031,7,0.2809,50,0.2469
8483567,19.8265,31.9076,0.0147,0,0.0,0,0.0,2,0.0
8484262,19.8984,32.0233,0.0586,0,0.0031,0,0.0031,24,0.1728
8483513,22.277,35.8513,0.5244,1,0.3827,73,0.5993,257,0.4251
8479291,20.5352,33.0481,0.044,0,0.0,1,0.0244,8,0.0326
8478211,20.1923,32.4963,0.0261,0,0.0,2,0.0407,11,0.044
8478147,21.4201,34.4723,0.1775,0,0.0,1,0.0244,12,0.057
8483487,22.6127,36.3915,0.6922,1,0.3827,27,0.3029,136,0.2769
8483630,22.0503,35.4864,0.3974,1,0.3827,30,0.329,142,0.2818
8480021,22.0581,35.499,0.4039,1,0.3827,24,0.2801,84,0.2134
8483472,21.2416,34.1849,0.3272,0,0.0031,2,0.1543,16,0.1451
8484388,21.8739,35.2025,0.329,0,0.0,55,0.4739,215,0.3681
8481599,20.7576,33.406,0.2099,0,0.0031,3,0.1975,14,0.1358
8483463,22.3845,36.0243,0.5765,1,0.3827,3,0.0619,29,0.1221
8478502,20.0225,32.223,0.0864,0,0.0031,1,0.0772,18,0.1574
8481065,21.1721,34.0731,0.1352,0,0.0,13,0.2085,39,0.1466
8479644,21.5077,34.6132,0.1971,0,0.0,3,0.0619,19,0.0945
8481535,21.4282,34.4853,0.1792,0,0.0,36,0.3664,165,0.3176
8482804,21.2551,34.2067,0.3302,0,0.0031,3,0.1975,10,0.1049
8484150,20.7063,33.3236,0.1883,0,0.0031,7,0.2809,91,0.3364
8481567,19.9093,32.0409,0.0617,0,0.0031,0,0.0031,8,0.0926
8483841,21.6677,34.8707,0.2638,0,0.0,6,0.1287,28,0.1189
8477952,21.5476,34.6774,0.215,0,0.0,13,0.2085,96,0.2264
8481070,22.1588,35.6611,0.456,1,0.3827,8,0.1564,25,0.1107
8482479,19.7626,31.8048,0.0114,0,0.0,0,0.0,7,0.0195
8477979,22.5883,36.3522,0.684,2,0.5472,8,0.1564,41,0.1498
8482641,21.1849,34.0937,0.3148,0,0.0031,2,0.1543,12,0.1296
8482167,20.7287,33.3595,0.057,0,0.0,2,0.0407,11,0.044
8476952,22.1996,35.7267,0.487,1,0.3827,9,0.1661,46,0.1629
8484185,23.0008,37.0161,0.8404,3,0.6596,74,0.601,291,0.456
8479368,22.3575,35.9809,0.5651,5,0.7606,36,0.3664,112,0.2492
8482874,22.1928,35.7158,0.4805,5,0.7606,65,0.5342,214,0.3664
8477499,21.4156,34.4649,0.4136,0,0.0031,17,0.463,143,0.4599
8481077,22.3171,35.9158,0.5407,3,0.6596,9,0.1661,41,0.1498
8481030,20.6802,33.2814,0.1852,0,0.0031,4,0.2346,52,0.2531
8485511,20.644,33.2232,0.0505,0,0.0,3,0.0619,16,0.0717
8484994,22.1661,35.6729,0.4642,3,0.6596,68,0.5586,243,0.4104
8484230,20.7784,33.4396,0.0619,0,0.0,8,0.1564,116,0.2541
8479388,21.2795,34.2459,0.3457,0,0.0031,1,0.0772,8,0.0926
8482781,19.4527,31.306,0.0216,0,0.0031,0,0.0031,3,0.0216
8477021,22.3676,35.9971,0.57,2,0.5472,41,0.4023,208,0.3583
8484142,22.4974,36.2059,0.6417,2,0.5472,60,0.5016,315,0.4756
8483491,22.5288,36.2566,0.6531,2,0.5472,9,0.1661,55,0.1824
8482673,21.2387,34.1803,0.1482,0,0.0,1,0.0244,7,0.0195
8482168,19.5135,31.4039,0.0247,0,0.0031,0,0.0031,6,0.0741
8477034,19.5795,31.5101,0.0309,0,0.0031,0,0.0031,4,0.0463
8475413,20.337,32.7292,0.0309,0,0.0,1,0.0244,15,0.07
8476988,21.1263,33.9993,0.2932,0,0.0031,1,0.0772,1,0.0062
8484287,19.6596,31.6389,0.0432,0,0.0031,0,0.0031,9,0.1019
8477320,21.4334,34.4936,0.184,0,0.0,1,0.0244,17,0.0798
8481517,22.3675,35.9968,0.5684,1,0.3827,13,0.2085,37,0.1433
8482766,19.6521,31.6269,0.0081,0,0.0,0,0.0,9,0.0375
8481732,22.1618,35.6659,0.4609,1,0.3827,6,0.1287,36,0.1401
8483406,22.0786,35.532,0.4169,1,0.3827,32,0.3502,166,0.3225
8485512,22.4102,36.0656,0.5896,2,0.5472,58,0.4902,240,0.4055
8483526,22.4445,36.1208,0.6107,1,0.3827,14,0.2199,33,0.1303
8479639,19.7763,31.8268,0.0556,0,0.0031,0,0.0031,8,0.0926
8482451,21.526,34.6426,0.2068,0,0.0,10,0.1775,23,0.1026
8483466,20.7366,33.3723,0.2006,0,0.0031,4,0.2346,37,0.2191
8476391,20.941,33.7011,0.0782,0,0.0,2,0.0407,3,0.0016
8483771,21.9473,35.3206,0.3583,0,0.0,23,0.2687,108,0.2394
8480192,20.6225,33.1885,0.1759,0,0.0031,3,0.1975,46,0.2407
8483766,19.1567,30.8297,0.0123,0,0.0031,0,0.0031,2,0.0154
8479550,21.43,34.4881,0.1808,0,0.0,3,0.0619,53,0.1759
8481600,21.9136,35.2665,0.5957,0,0.0031,14,0.3951,90,0.3333
8484797,21.3505,34.3602,0.1694,0,0.0,5,0.1124,33,0.1303
8479718,19.2635,31.0015,0.0,0,0.0,0,0.0,5,0.0081
8479314,20.3364,32.7281,0.0293,0,0.0,2,0.0407,66,0.1971
8478967,21.5251,34.6412,0.2052,0,0.0,8,0.1564,18,0.0847
8482192,20.1448,32.4198,0.0957,0,0.0031,1,0.0772,5,0.0586
8484177,21.0287,33.8423,0.0928,0,0.0,16,0.2362,127,0.2655
8481028,21.6238,34.8,0.2476,0,0.0,30,0.329,98,0.2313
8480007,20.829,33.521,0.0684,0,0.0,6,0.1287,27,0.1173
8483448,21.4937,34.5907,0.4228,0,0.0031,3,0.1975,13,0.1327
8481547,19.6646,31.6471,0.0463,0,0.0031,0,0.0031,7,0.0864
8483756,23.1201,37.2082,0.8795,12,0.9218,107,0.7541,256,0.4235
8484509,21.7462,34.997,0.285,0,0.0,27,0.3029,139,0.2785
8477971,20.8316,33.5251,0.2315,0,0.0031,1,0.0772,6,0.0741
8479387,18.8428,30.3245,0.0062,0,0.0031,0,0.0031,3,0.0216
8483505,21.0736,33.9146,0.1042,0,0.0,3,0.0619,11,0.044
8483546,20.7128,33.334,0.1944,0,0.0031,1,0.0772,0,0.0031
8485251,20.7244,33.3526,0.0554,0,0.0,3,0.0619,26,0.1124
8482993,21.9309,35.2943,0.3485,0,0.0,15,0.228,93,0.2231
8484933,20.9925,33.784,0.2623,0,0.0031,2,0.1543,11,0.1173
8484938,21.8929,35.2331,0.3322,0,0.0,32,0.3502,119,0.259
8481572,20.3003,32.6701,0.1111,0,0.0031,2,0.1543,15,0.1389
8482153,21.1241,33.9958,0.1238,0,0.0,1,0.0244,7,0.0195
8482742,21.591,34.7473,0.2362,0,0.0,23,0.2687,127,0.2655
8479942,22.0952,35.5587,0.4251,1,0.3827,16,0.2362,61,0.1906
8482652,21.9403,35.3095,0.355,0,0.0,6,0.1287,20,0.0961
8483675,22.2088,35.7414,0.4919,1,0.3827,0,0.0,11,0.044
8483699,19.9797,32.1541,0.071,0,0.0031,0,0.0031,5,0.0586
8481534,21.0074,33.8081,0.0879,0,0.0,2,0.0407,7,0.0195
8477931,20.9452,33.708,0.0798,0,0.0,9,0.1661,56,0.1857
8482715,20.7102,33.3297,0.1914,0,0.0031,6,0.2716,36,0.213
8483731,22.1755,35.6879,0.4691,2,0.5472,15,0.228,71,0.2003
8475718,20.7215,33.348,0.1975,0,0.0031,5,0.2531,24,0.1728
8480870,22.0914,35.5526,0.4218,1,0.3827,23,0.2687,65,0.1938
8484188,21.6597,34.8579,0.4846,0,0.0031,17,0.463,63,0.2809
8479543,21.8319,35.135,0.3094,0,0.0,10,0.1775,44,0.1596
8480326,21.2478,34.1949,0.1498,0,0.0,6,0.1287,18,0.0847
8482107,21.5784,34.7269,0.4568,0,0.0031,11,0.3611,65,0.287
8481518,21.7271,34.9663,0.2785,0,0.0,9,0.1661,42,0.1564
8484873,22.9369,36.9132,0.9136,2,0.7994,11,0.3611,81,0.3179
8482067,19.5992,31.5418,0.034,0,0.0031,0,0.0031,10,0.1049
8475253,19.4771,31.3453,0.0049,0,0.0,0,0.0,11,0.044
8482162,20.929,33.6819,0.0765,0,0.0,4,0.0993,20,0.0961
8486056,21.3552,34.3678,0.171,0,0.0,5,0.1124,31,0.127
8481575,21.3557,34.3686,0.3827,0,0.0031,8,0.2963,40,0.2315
8483435,19.4471,31.297,0.0185,0,0.0031,0,0.0031,3,0.0216
8484759,20.5495,33.0712,0.1636,0,0.0031,5,0.2531,11,0.1173
8485391,21.136,34.0151,0.1254,0,0.0,14,0.2199,111,0.2443
8481186,22.6495,36.4508,0.7085,3,0.6596,26,0.2899,87,0.2166
8483669,22.1114,35.5847,0.4349,1,0.3827,6,0.1287,52,0.1726
8484793,20.6395,33.216,0.0489,0,0.0,5,0.1124,33,0.1303
8484169,20.8121,33.4938,0.2222,0,0.0031,2,0.1543,21,0.1667
8482802,22.3261,35.9303,0.5489,2,0.5472,11,0.1873,38,0.145
8478888,20.6889,33.2955,0.0537,0,0.0,3,0.0619,7,0.0195
8485406,21.4812,34.5705,0.1922,0,0.0,6,0.1287,41,0.1498
8483444,21.1612,34.0555,0.1319,0,0.0,4,0.0993,16,0.0717
8480075,19.9388,32.0883,0.0648,0,0.0031,0,0.0031,19,0.1605
8484406,21.8589,35.1784,0.3241,0,0.0,12,0.1971,34,0.1368
8483397,21.8121,35.103,0.2997,0,0.0,10,0.1775,50,0.1694
8482731,21.016,33.8219,0.2716,0,0.0031,4,0.2346,21,0.1667
8482663,19.6069,31.5542,0.0065,0,0.0,0,0.0,8,0.0326
8484234,22.1959,35.7208,0.4837,1,0.3827,7,0.1482,54,0.1792
8484999,20.5098,33.0073,0.0407,0,0.0,2,0.0407,26,0.1124
8483687,20.5254,33.0324,0.1605,0,0.0031,1,0.0772,19,0.1605
8483712,21.8829,35.217,0.5864,0,0.0031,4,0.2346,26,0.1883
8485467,20.3509,32.7516,0.0326,0,0.0,4,0.0993,24,0.1091
8480291,21.5875,34.7416,0.2329,0,0.0,3,0.0619,34,0.1368
8481004,20.2782,32.6346,0.0277,0,0.0,2,0.0407,6,0.0163
8477851,20.7532,33.399,0.2037,0,0.0031,1,0.0772,3,0.0216
8482174,20.3027,32.674,0.1142,0,0.0031,2,0.1543,5,0.0586
8484380,20.6869,33.2923,0.0521,0,0.0,5,0.1124,13,0.0651
8483709,19.0849,30.7141,0.0093,0,0.0031,0,0.0031,2,0.0154
8484220,20.2577,32.6015,0.108,0,0.0031,1,0.0772,11,0.1173
8485395,19.9376,32.0864,0.0195,0,0.0,0,0.0,12,0.057
8482873,19.5619,31.4818,0.0278,0,0.0031,0,0.0031,4,0.0463
8483467,20.0128,32.2073,0.0833,0,0.0031,1,0.0772,10,0.1049
8482525,20.9545,33.7229,0.0814,0,0.0,3,0.0619,14,0.0668
8486166,20.32,32.7018,0.1204,0,0.0031,1,0.0772,4,0.0463
8484152,20.0976,32.3438,0.0926,0,0.0031,1,0.0772,15,0.1389
8484242,20.4197,32.8623,0.0358,0,0.0,1,0.0244,23,0.1026
8480853,21.097,33.9523,0.1107,0,0.0,2,0.0407,8,0.0326
8482187,19.6811,31.6736,0.0494,0,0.0031,0,0.0031,3,0.0216
8484392,19.4051,31.2294,0.0033,0,0.0,0,0.0,6,0.0163
8485388,19.8173,31.8928,0.013,0,0.0,0,0.0,7,0.0195
8478409,20.4769,32.9544,0.0375,0,0.0,3,0.0619,5,0.0081
8483760,20.3236,32.7076,0.1235,0,0.0031,1,0.0772,1,0.0062
8484148,17.787,28.6254,0.0,0,0.0,0,0.0,0,0.0
8481093,19.8604,31.9622,0.0163,0,0.0,0,0.0,4,0.0049
8486169,19.6973,31.6997,0.0525,0,0.0031,0,0.0031,3,0.0216
8475857,18.2395,29.3535,0.0031,0,0.0031,0,0.0031,1,0.0062
8483482,19.6546,31.631,0.037,0,0.0031,0,0.0031,3,0.0216
8483696,19.9806,32.1556,0.0212,0,0.0,0,0.0,7,0.0195
