skater_id,o_zone_pctg,o_zone_pctg_percentile,n_zone_pctg,n_zone_pctg_percentile,d_zone_pctg,d_zone_pctg_percentile
8473419,0.3203,0.3634,0.3612,0.815,0.3186,0.5639
8473422,0.2359,0.0617,0.3485,0.707,0.4156,0.0485
8473507,0.3271,0.4273,0.4056,0.9868,0.2673,0.8568
8475179,0.3167,0.3502,0.3808,0.9273,0.3025,0.674
8476473,0.234,0.0573,0.3734,0.9075,0.3926,0.0881
8476882,0.2929,0.1872,0.3605,0.8106,0.3467,0.3414
8476891,0.3594,0.6322,0.3304,0.4273,0.3103,0.6256
8477409,0.3694,0.7004,0.3365,0.5154,0.2972,0.6938
8477444,0.3971,0.826,0.3591,0.7907,0.2439,0.9449
8477450,0.1869,0.0132,0.3316,0.4493,0.4814,0.011
8477479,0.3088,0.304,0.3347,0.4824,0.3565,0.2379
8477495,0.306,0.2819,0.3611,0.815,0.3329,0.4361
8477932,0.347,0.5639,0.3381,0.5463,0.3148,0.5991
8477933,0.3362,0.489,0.3337,0.4758,0.33,0.467
8477935,0.3626,0.663,0.3659,0.859,0.2747,0.8194
8477987,0.255,0.0771,0.3601,0.804,0.3849,0.1123
8478043,0.3176,0.3524,0.4118,0.989,0.2706,0.8414
8478055,0.3602,0.6432,0.3258,0.359,0.3141,0.6035
8478421,0.3692,0.696,0.3523,0.7445,0.2824,0.793
8478542,0.3447,0.5463,0.3311,0.4383,0.3242,0.5176
8478859,0.3221,0.3877,0.3557,0.7643,0.3221,0.5419
8479316,0.3217,0.3722,0.35,0.7247,0.3326,0.4361
8479981,0.2987,0.2137,0.2987,0.0881,0.4026,0.0727
8480003,0.3251,0.4141,0.3834,0.9361,0.2915,0.7379
8480185,0.2849,0.1608,0.3908,0.9648,0.3242,0.5176
8481624,0.2049,0.0286,0.349,0.7137,0.4461,0.022
8482113,0.3053,0.2687,0.3687,0.8855,0.326,0.5
8482176,0.3285,0.4449,0.3594,0.7996,0.3121,0.6145
8482703,0.2696,0.1101,0.4105,0.989,0.3199,0.5529
8482807,0.2554,0.0771,0.2989,0.0903,0.4457,0.0242
8483450,0.339,0.5044,0.3001,0.1057,0.3609,0.207
8483493,0.3247,0.4075,0.3092,0.1652,0.3661,0.174
8483506,0.375,0.7335,0.3491,0.7159,0.2759,0.815
8484144,0.3741,0.7225,0.3402,0.5903,0.2857,0.7775
8484783,0.4073,0.8744,0.3146,0.2291,0.278,0.8106
8471215,0.4533,0.9714,0.3328,0.4581,0.2139,0.9846
8471675,0.3722,0.7137,0.3657,0.8546,0.262,0.8877
8471724,0.3901,0.8062,0.3162,0.2489,0.2937,0.7225
8474578,0.376,0.7401,0.3164,0.2533,0.3076,0.6388
8475842,0.1881,0.0132,0.3762,0.9163,0.4357,0.0308
8476389,0.3485,0.5771,0.3111,0.174,0.3404,0.3943
8476459,0.344,0.5396,0.3431,0.6233,0.3129,0.6101
8476468,0.3276,0.4383,0.3296,0.4075,0.3428,0.3744
8476483,0.388,0.793,0.3453,0.6454,0.2667,0.859
8477369,0.3084,0.2996,0.3696,0.8877,0.322,0.5441
8477511,0.3859,0.7863,0.3918,0.9692,0.2224,0.978
8477839,0.3062,0.2841,0.3385,0.5507,0.3554,0.2467
8478438,0.4195,0.8987,0.3473,0.6872,0.2357,0.9537
8478450,0.3242,0.4053,0.3491,0.7159,0.3266,0.4978
8478452,0.2381,0.0617,0.3214,0.315,0.4405,0.0264
8478550,0.4513,0.9714,0.2884,0.0419,0.2602,0.9009
8478569,0.1065,0.0,0.3009,0.1057,0.5926,0.0
8478840,0.2959,0.2026,0.3362,0.5088,0.368,0.1652
8478854,0.3104,0.3172,0.3457,0.6608,0.3438,0.3656
8478882,0.3497,0.5859,0.3389,0.5529,0.3114,0.6167
8479323,0.3647,0.6718,0.3489,0.7115,0.2864,0.7709
8479390,0.2457,0.0661,0.3535,0.7511,0.4008,0.0727
8479638,0.3599,0.6388,0.3924,0.9692,0.2477,0.9361
8480001,0.2355,0.0617,0.3379,0.5441,0.4266,0.0396
8480980,0.127,0.0,0.3267,0.3833,0.5463,0.0
8481481,0.1025,0.0,0.3302,0.4251,0.5674,0.0
8481577,0.3571,0.6189,0.4,0.9824,0.2429,0.9449
8481726,0.2387,0.0639,0.3333,0.4626,0.428,0.0396
8482073,0.2801,0.1498,0.3358,0.5044,0.3841,0.1211
8482109,0.359,0.6278,0.3457,0.6608,0.2953,0.7048
8482157,0.3409,0.5198,0.3037,0.1256,0.3554,0.2467
8482460,0.234,0.0573,0.3688,0.8855,0.3972,0.0793
8482758,0.429,0.9207,0.3426,0.6211,0.2284,0.9714
8483690,0.284,0.1586,0.3565,0.7775,0.3595,0.2137
8484839,0.3191,0.3568,0.3617,0.8172,0.3191,0.5639
8485414,0.3561,0.6123,0.3533,0.7511,0.2906,0.7467
8470613,0.3219,0.3789,0.3339,0.478,0.3442,0.3612
8471685,0.4227,0.9053,0.2781,0.011,0.2992,0.6828
8474563,0.3238,0.3965,0.3597,0.8018,0.3165,0.5837
8475208,0.2923,0.1828,0.3561,0.7753,0.3515,0.2841
8475754,0.3481,0.5749,0.3204,0.3062,0.3315,0.4493
8476312,0.2959,0.2026,0.3525,0.7489,0.3516,0.2819
8476441,0.4038,0.8656,0.3118,0.1872,0.2844,0.7885
8476455,0.3643,0.6674,0.3134,0.2026,0.3223,0.5396
8476469,0.2922,0.1806,0.3702,0.8899,0.3376,0.4097
8476479,0.2738,0.13,0.3283,0.3965,0.3979,0.0771
8476879,0.2534,0.0749,0.3592,0.7952,0.3874,0.1035
8477476,0.3745,0.7313,0.3558,0.7665,0.2697,0.848
8477492,0.4581,0.9758,0.3024,0.1123,0.2395,0.9493
8477501,0.3227,0.3921,0.3432,0.6256,0.3341,0.4295
8477942,0.367,0.6828,0.3391,0.5595,0.2939,0.7203
8477960,0.4151,0.8899,0.2984,0.0881,0.2865,0.7665
8477998,0.2992,0.2181,0.3443,0.6388,0.3566,0.2357
8478038,0.4104,0.8833,0.3215,0.3172,0.2681,0.8524
8478109,0.3621,0.6608,0.3209,0.3106,0.317,0.5793
8479398,0.3273,0.4295,0.3309,0.4339,0.3418,0.3877
8479525,0.3101,0.3128,0.3333,0.4626,0.3565,0.2379
8479675,0.2925,0.185,0.3605,0.8106,0.3469,0.337
8479998,0.2681,0.1079,0.3664,0.8634,0.3656,0.1784
8480039,0.4295,0.9229,0.3088,0.1608,0.2618,0.8899
8480069,0.4328,0.9339,0.3062,0.1388,0.2609,0.8943
8480448,0.2776,0.141,0.3619,0.8194,0.3605,0.2093
8480835,0.2951,0.1982,0.3419,0.6101,0.363,0.1894
8481532,0.3622,0.6608,0.3551,0.7599,0.2827,0.7907
8481641,0.2571,0.0815,0.3905,0.9604,0.3524,0.2687
8482124,0.3037,0.2467,0.3454,0.6498,0.3509,0.2907
8482155,0.3145,0.337,0.346,0.6696,0.3395,0.4031
8482408,0.2649,0.0991,0.4108,0.989,0.3243,0.5154
8482730,0.4303,0.9295,0.303,0.1189,0.2667,0.859
8483808,0.3624,0.6608,0.3545,0.7555,0.2832,0.7907
8484149,0.3242,0.4053,0.3541,0.7555,0.3217,0.5441
8484258,0.341,0.522,0.3348,0.4868,0.3242,0.5176
8475166,0.3816,0.7709,0.2878,0.0352,0.3305,0.4581
8475171,0.399,0.8392,0.2829,0.0198,0.3181,0.5683
8475690,0.2157,0.033,0.4118,0.989,0.3725,0.1542
8475714,0.1574,0.0044,0.4035,0.9846,0.439,0.0286
8475848,0.3058,0.2797,0.3673,0.87,0.3283,0.4824
8476853,0.4612,0.9846,0.288,0.0374,0.2508,0.9317
8476875,0.255,0.0771,0.3499,0.7247,0.3996,0.0749
8476931,0.2329,0.0529,0.3352,0.4912,0.4319,0.0352
8476981,0.2183,0.0374,0.3909,0.967,0.3909,0.0969
8477503,0.3594,0.6322,0.2918,0.0529,0.3487,0.3084
8477939,0.4299,0.9273,0.2962,0.0705,0.2739,0.8282
8478057,0.1862,0.0088,0.4153,0.9912,0.3985,0.0749
8478133,0.1869,0.0132,0.3894,0.9559,0.4237,0.0485
8478443,0.2608,0.0947,0.3944,0.9758,0.3448,0.3546
8478462,0.2341,0.0617,0.3266,0.3789,0.4393,0.0286
8478851,0.2584,0.0859,0.3741,0.9141,0.3676,0.1696
8478904,0.1567,0.0044,0.412,0.989,0.4313,0.0352
8479318,0.3743,0.7247,0.3012,0.1079,0.3245,0.5132
8479339,0.1333,0.0022,0.3667,0.8634,0.5,0.0044
8480018,0.3465,0.5573,0.339,0.5573,0.3146,0.6013
8480865,0.337,0.4934,0.3355,0.5022,0.3312,0.4537
8481122,0.1867,0.011,0.3676,0.8767,0.4457,0.0242
8481523,0.2924,0.1828,0.4021,0.9824,0.3081,0.6322
8481540,0.3687,0.6894,0.3574,0.7841,0.2739,0.8282
8481582,0.289,0.174,0.3626,0.8304,0.3484,0.315
8481618,0.3888,0.7952,0.3325,0.4537,0.2787,0.8084
8481711,0.3833,0.7753,0.3316,0.4493,0.2851,0.7819
8482087,0.249,0.0705,0.3552,0.7599,0.3958,0.0815
8482259,0.3095,0.3084,0.3248,0.348,0.3657,0.1762
8482720,0.3602,0.6432,0.2916,0.0507,0.3481,0.3194
8482737,0.299,0.2159,0.3655,0.8524,0.3368,0.4119
8482775,0.3946,0.8194,0.3189,0.2974,0.2865,0.7665
8482964,0.3422,0.5264,0.3971,0.9824,0.2627,0.8789
8483457,0.3975,0.8282,0.3295,0.4053,0.273,0.8348
8483515,0.3707,0.7115,0.3194,0.3018,0.3099,0.6278
8484984,0.4059,0.87,0.3301,0.4207,0.264,0.8767
8471214,0.6228,1.0,0.3154,0.2423,0.1034,1.0
8474590,0.3774,0.7489,0.2992,0.0969,0.3234,0.5286
8475343,0.1766,0.0066,0.3652,0.848,0.4582,0.0176
8476374,0.2081,0.0308,0.3673,0.87,0.4246,0.0441
8476854,0.3177,0.3546,0.3406,0.5969,0.3417,0.3899
8476880,0.3042,0.2533,0.2983,0.0859,0.3974,0.0793
8477496,0.3661,0.6806,0.2831,0.022,0.3508,0.293
8477507,0.2967,0.2093,0.3179,0.2775,0.3854,0.1079
8477845,0.2585,0.0881,0.3902,0.9604,0.3513,0.2863
8477956,0.4073,0.8744,0.2776,0.0088,0.3151,0.5947
8478042,0.3004,0.2269,0.3178,0.2709,0.3818,0.13
8478401,0.3111,0.3194,0.2972,0.0771,0.3917,0.0947
8478440,0.4879,0.9956,0.2763,0.0066,0.2357,0.9537
8478463,0.3775,0.7511,0.3083,0.152,0.3212,0.5463
8478911,0.3257,0.4185,0.3148,0.2357,0.3595,0.2137
8479325,0.3568,0.6189,0.2957,0.0683,0.3475,0.3304
8479345,0.4033,0.8634,0.309,0.163,0.2877,0.7643
8479369,0.2795,0.1432,0.3397,0.5793,0.3808,0.1322
8479400,0.2923,0.1828,0.3123,0.1916,0.3954,0.0837
8479520,0.1431,0.0044,0.3625,0.8282,0.4944,0.0066
8479591,0.2654,0.0991,0.3737,0.9097,0.3673,0.1718
8479661,0.2424,0.0661,0.3939,0.9714,0.3636,0.1872
8479987,0.3757,0.7379,0.2991,0.0925,0.3253,0.5088
8479999,0.3083,0.2974,0.3032,0.1233,0.3885,0.0991
8480035,0.2869,0.163,0.3436,0.6344,0.3694,0.1586
8480355,0.2197,0.0396,0.3725,0.9031,0.4078,0.0661
8480796,0.2383,0.0639,0.3375,0.5374,0.4242,0.0463
8480873,0.3428,0.5352,0.3114,0.1806,0.3517,0.2797
8481580,0.3043,0.2555,0.3591,0.7907,0.3423,0.3855
8481656,0.3401,0.5154,0.2975,0.0815,0.3624,0.1916
8482088,0.2597,0.0925,0.3313,0.4449,0.415,0.0507
8482148,0.3216,0.3722,0.3794,0.9251,0.3065,0.6498
8482177,0.3562,0.6145,0.3268,0.3855,0.3244,0.5154
8482511,0.3438,0.5374,0.3493,0.7203,0.3069,0.6454
8483489,0.3469,0.5595,0.3864,0.9449,0.2703,0.8436
8484186,0.2736,0.1278,0.3825,0.9339,0.3438,0.3656
8474150,0.2111,0.033,0.3346,0.4802,0.4544,0.0198
8474641,0.2516,0.0727,0.3166,0.2533,0.4318,0.0352
8475172,0.435,0.9383,0.3164,0.2533,0.2486,0.9361
8475218,0.4102,0.8789,0.3297,0.4119,0.2602,0.9009
8476399,0.2282,0.0441,0.3472,0.6828,0.4247,0.0419
8476454,0.3897,0.804,0.3154,0.2423,0.2949,0.7093
8476967,0.3213,0.3722,0.3593,0.7974,0.3194,0.5595
8477346,0.3443,0.5419,0.3511,0.7357,0.3046,0.6718
8477498,0.3486,0.5793,0.3424,0.6145,0.3089,0.63
8477810,0.4184,0.8965,0.321,0.3128,0.2647,0.8744
8477934,0.4237,0.9075,0.3146,0.2291,0.2617,0.8921
8477953,0.3201,0.3634,0.3697,0.8877,0.3102,0.6256
8477993,0.2613,0.0947,0.4054,0.9846,0.3333,0.4317
8478233,0.3328,0.4626,0.3362,0.5088,0.331,0.4559
8478397,0.3598,0.6388,0.3201,0.304,0.3201,0.5529
8478402,0.4407,0.9537,0.3183,0.2819,0.2476,0.9383
8479066,0.2332,0.0529,0.4169,0.9912,0.3499,0.2974
8479365,0.2673,0.1035,0.3821,0.9317,0.3506,0.293
8479402,0.3476,0.5727,0.3636,0.837,0.2888,0.7533
8480028,0.4507,0.967,0.3193,0.2996,0.23,0.9714
8480797,0.4022,0.8546,0.3206,0.3084,0.2772,0.8128
8480803,0.4207,0.9009,0.3237,0.337,0.2556,0.9185
8480831,0.3571,0.6189,0.3435,0.6344,0.2993,0.6806
8480834,0.2753,0.1366,0.3567,0.7797,0.368,0.1652
8480860,0.2939,0.196,0.3217,0.3216,0.3844,0.1189
8481068,0.3619,0.6586,0.3114,0.1806,0.3267,0.4956
8481167,0.386,0.7885,0.3108,0.1696,0.3033,0.674
8481491,0.1923,0.0198,0.3615,0.8172,0.4462,0.0198
8481617,0.3814,0.7687,0.3588,0.7885,0.2598,0.9053
8482074,0.3359,0.4868,0.3438,0.6366,0.3203,0.5507
8482679,0.3772,0.7467,0.3178,0.2709,0.305,0.6608
8483455,0.3901,0.8062,0.3297,0.4119,0.2857,0.7775
8483512,0.4028,0.859,0.3282,0.3943,0.269,0.8502
8483609,0.2879,0.1674,0.3776,0.9207,0.3345,0.4273
8484860,0.4714,0.9912,0.3214,0.315,0.2071,0.9934
8485493,0.3032,0.2423,0.4129,0.989,0.2903,0.7467
8475188,0.3374,0.4978,0.3323,0.4537,0.3303,0.4626
8475191,0.3089,0.3062,0.3894,0.9559,0.3017,0.6762
8475913,0.4103,0.8811,0.3179,0.2775,0.2744,0.826
8476438,0.3434,0.5352,0.3585,0.7841,0.2981,0.6872
8476448,0.2868,0.163,0.3897,0.9559,0.3235,0.5242
8476881,0.4264,0.9185,0.2935,0.0617,0.2801,0.804
8476925,0.2159,0.033,0.3953,0.9758,0.3887,0.0969
8477447,0.3575,0.6211,0.3142,0.2247,0.3283,0.4824
8477964,0.4295,0.9229,0.2999,0.1013,0.2725,0.837
8478396,0.4021,0.8502,0.3298,0.4163,0.2681,0.8524
8478403,0.4436,0.9559,0.2817,0.0132,0.2747,0.8194
8478434,0.2312,0.0507,0.4391,1.0,0.3296,0.4736
8478468,0.3122,0.3238,0.3713,0.8965,0.3165,0.5837
8478483,0.4508,0.9692,0.2941,0.0639,0.2572,0.9141
8479353,0.302,0.2357,0.4131,0.9912,0.2849,0.7841
8480727,0.3099,0.3106,0.3672,0.8678,0.3229,0.5352
8481527,0.338,0.5022,0.3674,0.8744,0.2946,0.7159
8481604,0.4497,0.9648,0.2869,0.0308,0.2634,0.8789
8481568,0.234,0.0573,0.3519,0.7423,0.4141,0.0551
8481806,0.2028,0.0264,0.363,0.8348,0.4343,0.033
8475722,0.3604,0.6498,0.3078,0.1454,0.3318,0.4449
8477419,0.2778,0.141,0.3333,0.4626,0.3889,0.0969
8477949,0.3698,0.7048,0.3424,0.6145,0.2927,0.7313
8479359,0.1391,0.0022,0.4511,1.0,0.4098,0.0595
8479420,0.3796,0.7599,0.3392,0.5639,0.2858,0.7753
8479941,0.4545,0.9736,0.2121,0.0,0.3333,0.4317
8479982,0.2925,0.185,0.3455,0.6542,0.362,0.1916
8480064,0.3193,0.359,0.323,0.3326,0.3577,0.2291
8480196,0.293,0.1872,0.3947,0.9758,0.3123,0.6101
8480802,0.3239,0.3987,0.3173,0.2665,0.3589,0.2181
8480807,0.3007,0.2291,0.3555,0.7621,0.3438,0.3656
8480839,0.327,0.4251,0.3621,0.8216,0.3153,0.5925
8481522,0.2839,0.1564,0.3639,0.8414,0.3522,0.2731
8481524,0.3049,0.2643,0.3399,0.5837,0.3552,0.2489
8481564,0.1579,0.0044,0.3684,0.8811,0.4737,0.011
8482097,0.3349,0.4802,0.3186,0.2885,0.3465,0.348
8482659,0.3463,0.5529,0.3187,0.2952,0.335,0.4251
8483468,0.3734,0.7203,0.2911,0.0485,0.3354,0.4229
8474141,0.3726,0.7159,0.3083,0.152,0.3192,0.5639
8474612,0.2982,0.2115,0.3333,0.4626,0.3684,0.163
8475279,0.3274,0.4339,0.326,0.3634,0.3466,0.3436
8477429,0.3296,0.4515,0.3468,0.674,0.3236,0.5242
8477456,0.301,0.2313,0.3138,0.2159,0.3853,0.1101
8477946,0.301,0.2313,0.3157,0.2467,0.3833,0.1233
8478891,0.2926,0.185,0.3521,0.7423,0.3552,0.2489
8479337,0.3461,0.5507,0.3137,0.2137,0.3402,0.3965
8479992,0.2989,0.2137,0.3432,0.6256,0.358,0.2291
8481542,0.2797,0.1454,0.3471,0.6806,0.3732,0.1542
8481607,0.3357,0.4846,0.3027,0.1167,0.3616,0.1982
8481725,0.252,0.0727,0.3406,0.5969,0.4075,0.0661
8482078,0.3153,0.3414,0.3265,0.3722,0.3581,0.2269
8482762,0.2801,0.1498,0.355,0.7599,0.3648,0.1828
8483464,0.2808,0.1542,0.3393,0.5683,0.3799,0.1344
8484223,0.3768,0.7445,0.3057,0.1322,0.3175,0.5727
8484471,0.3159,0.348,0.3354,0.4978,0.3487,0.3084
8484794,0.3052,0.2665,0.3571,0.7819,0.3377,0.4075
8473512,0.317,0.3524,0.3372,0.533,0.3457,0.3524
8474102,0.347,0.5639,0.3737,0.9097,0.2794,0.8062
8474151,0.2929,0.1872,0.3512,0.7357,0.3558,0.2379
8474189,0.2536,0.0749,0.3344,0.478,0.412,0.0595
8475167,0.3342,0.4736,0.3979,0.9824,0.2679,0.8524
8475324,0.3152,0.3392,0.3804,0.9273,0.3043,0.674
8476393,0.27,0.1123,0.449,1.0,0.281,0.7974
8476453,0.4367,0.9471,0.2743,0.0044,0.2911,0.7423
8476826,0.2337,0.0551,0.4089,0.989,0.3574,0.2313
8477073,0.3816,0.7709,0.4605,1.0,0.1579,0.9978
8477404,0.3812,0.7665,0.313,0.2004,0.3058,0.6564
8477416,0.3219,0.3789,0.4024,0.9846,0.2757,0.8172
8478010,0.4321,0.9317,0.2898,0.0463,0.2807,0.7996
8478020,0.1948,0.022,0.3966,0.9824,0.4086,0.0617
8478178,0.3657,0.6762,0.3148,0.2357,0.3194,0.5595
8478416,0.267,0.1013,0.3774,0.9207,0.3556,0.2445
8478469,0.356,0.6079,0.356,0.7709,0.2881,0.7599
8478519,0.369,0.6938,0.3079,0.1476,0.3232,0.5308
8479542,0.3922,0.815,0.2819,0.0154,0.326,0.5
8480188,0.3532,0.5991,0.381,0.9295,0.2659,0.8656
8480801,0.4161,0.8943,0.356,0.7709,0.2279,0.9736
8480876,0.3168,0.3502,0.4656,1.0,0.2176,0.9802
8480995,0.2282,0.0441,0.4237,0.9934,0.3481,0.3194
8481528,0.356,0.6079,0.3773,0.9185,0.2667,0.859
8481596,0.1912,0.0198,0.3791,0.9251,0.4297,0.0374
8481719,0.3979,0.8304,0.3256,0.3568,0.2765,0.8128
8482070,0.3333,0.467,0.44,1.0,0.2267,0.9736
8482092,0.2752,0.1344,0.373,0.9053,0.3518,0.2775
8482105,0.3422,0.5264,0.3112,0.1762,0.3466,0.3436
8482116,0.4821,0.9934,0.3086,0.1586,0.2093,0.9934
8482131,0.3064,0.2885,0.4128,0.989,0.2809,0.7974
8482201,0.3675,0.685,0.3777,0.9229,0.2548,0.9229
8482245,0.2581,0.0837,0.3455,0.6542,0.3964,0.0815
8482929,0.3348,0.478,0.3723,0.9009,0.2929,0.7291
8483447,0.3853,0.7775,0.3119,0.1872,0.3028,0.674
8484321,0.2461,0.0661,0.4311,0.9978,0.3229,0.5352
8475235,0.3026,0.2379,0.3949,0.9758,0.3128,0.6101
8476372,0.3422,0.5264,0.3488,0.7093,0.3134,0.6057
8476461,0.2739,0.1322,0.3115,0.185,0.4146,0.0529
8477903,0.2461,0.0661,0.3878,0.9449,0.3661,0.174
8477948,0.2701,0.1145,0.3624,0.826,0.3675,0.1718
8477989,0.3443,0.5419,0.3124,0.1938,0.3433,0.3722
8478439,0.3398,0.511,0.3323,0.4537,0.3279,0.4912
8478454,0.3742,0.7225,0.3521,0.7423,0.2736,0.8326
8479022,0.2454,0.0661,0.4356,0.9978,0.319,0.5639
8480015,0.3057,0.2753,0.3393,0.5683,0.355,0.2511
8480220,0.3395,0.5088,0.372,0.8987,0.2966,0.6982
8480874,0.3061,0.2841,0.3878,0.9449,0.3061,0.6542
8481178,0.3301,0.4537,0.4295,0.9978,0.2404,0.9471
8481533,0.3891,0.7974,0.3311,0.4383,0.2799,0.8062
8481553,0.3499,0.5881,0.3646,0.8436,0.2855,0.7797
8482142,0.3524,0.5969,0.3366,0.5198,0.3111,0.6233
8482159,0.2593,0.0903,0.4136,0.9912,0.3272,0.4934
8484387,0.4494,0.9626,0.3253,0.3524,0.2342,0.9604
8475151,0.3993,0.8414,0.326,0.3634,0.2747,0.8194
8475231,0.2876,0.1674,0.3942,0.9736,0.3182,0.5661
8475314,0.3692,0.696,0.3186,0.2885,0.3122,0.6123
8476419,0.3047,0.2577,0.3253,0.3524,0.37,0.1586
8476429,0.3273,0.4295,0.3758,0.9163,0.2968,0.696
8476917,0.3301,0.4537,0.3301,0.4207,0.3399,0.3987
8477407,0.3605,0.6498,0.3571,0.7819,0.2824,0.793
8477494,0.3413,0.5242,0.3538,0.7555,0.3049,0.663
8477500,0.3588,0.6256,0.3262,0.37,0.3149,0.5969
8477506,0.313,0.3326,0.3613,0.8172,0.3257,0.5066
8477950,0.394,0.8172,0.2989,0.0903,0.3071,0.6432
8478445,0.3885,0.7952,0.3252,0.3502,0.2863,0.7731
8480842,0.3134,0.3326,0.3657,0.8546,0.3209,0.5485
8481014,0.4159,0.8921,0.3037,0.1256,0.2804,0.7996
8481601,0.3362,0.489,0.3241,0.3414,0.3398,0.4009
8482476,0.3552,0.6057,0.3266,0.3789,0.3181,0.5683
8484958,0.3354,0.4802,0.3811,0.9295,0.2835,0.7907
8485366,0.3463,0.5529,0.3455,0.6542,0.3082,0.6322
8485702,0.335,0.4802,0.3102,0.1696,0.3548,0.2533
8473533,0.3039,0.2489,0.3663,0.8612,0.3298,0.4714
8474149,0.3636,0.6652,0.2784,0.011,0.358,0.2291
8475455,0.3563,0.6167,0.2964,0.0749,0.3473,0.3348
8475791,0.4362,0.9449,0.357,0.7819,0.2139,0.9846
8476292,0.324,0.4031,0.3457,0.6608,0.3355,0.4229
8476462,0.3517,0.5947,0.3425,0.6211,0.3058,0.6564
8476822,0.2784,0.141,0.3024,0.1123,0.4192,0.0485
8476906,0.4652,0.9868,0.3375,0.5374,0.2061,0.9956
8476921,0.3193,0.359,0.3739,0.9119,0.3068,0.6498
8476958,0.3289,0.4449,0.362,0.8194,0.3091,0.6278
8477015,0.347,0.5639,0.3483,0.7048,0.3047,0.6696
8477478,0.3213,0.3722,0.3885,0.9471,0.2902,0.7489
8477488,0.3828,0.7731,0.3103,0.1696,0.3069,0.6454
8477940,0.4004,0.8458,0.3333,0.4626,0.2745,0.8238
8478399,0.2958,0.2004,0.3517,0.7401,0.3525,0.2687
8478414,0.3075,0.293,0.3184,0.2841,0.3741,0.152
8478427,0.4486,0.9604,0.2991,0.0925,0.2606,0.8987
8478970,0.3744,0.7291,0.3408,0.5991,0.2909,0.7445
8479407,0.4343,0.9361,0.303,0.1189,0.2626,0.8833
8479996,0.3221,0.3877,0.3246,0.3458,0.3532,0.2599
8480002,0.3321,0.4626,0.3093,0.1674,0.3587,0.2225
8480336,0.3743,0.7247,0.3305,0.4295,0.2953,0.7048
8480762,0.3893,0.7996,0.3456,0.6586,0.2652,0.8678
8480817,0.3918,0.8128,0.3136,0.2115,0.2947,0.7137
8480829,0.4154,0.8921,0.3275,0.3899,0.2593,0.9075
8480830,0.4221,0.9031,0.3023,0.1101,0.2787,0.8084
8481032,0.3468,0.5573,0.329,0.4009,0.3241,0.5176
8481559,0.4955,0.9978,0.3123,0.1916,0.1922,0.9978
8481721,0.345,0.5485,0.3352,0.4912,0.3198,0.5573
8482093,0.4444,0.9581,0.3056,0.13,0.25,0.9339
8482100,0.4242,0.9119,0.3392,0.5639,0.2366,0.9515
8482110,0.3255,0.4163,0.3142,0.2247,0.3604,0.2115
8482684,0.3957,0.8216,0.2963,0.0727,0.308,0.6344
8482702,0.4403,0.9515,0.3478,0.7004,0.2119,0.9868
8482809,0.4355,0.9427,0.3537,0.7533,0.2108,0.989
8483495,0.3731,0.7181,0.2951,0.0661,0.3318,0.4449
8474567,0.33,0.4515,0.3571,0.7819,0.3128,0.6101
8474716,0.3144,0.3348,0.3328,0.4581,0.3528,0.2665
8475149,0.3157,0.3458,0.3484,0.707,0.336,0.4185
8475170,0.3607,0.652,0.3135,0.207,0.3258,0.5044
8475220,0.2486,0.0705,0.3537,0.7533,0.3977,0.0771
8475753,0.3265,0.4229,0.3376,0.5419,0.3359,0.4207
8475760,0.2713,0.1189,0.374,0.9119,0.3547,0.2533
8475764,0.368,0.6872,0.3085,0.1564,0.3236,0.5242
8475765,0.3063,0.2863,0.3351,0.489,0.3586,0.2247
8476892,0.2934,0.1894,0.3135,0.207,0.3931,0.0859
8476994,0.2539,0.0749,0.3585,0.7841,0.3876,0.1013
8477402,0.3645,0.6696,0.3057,0.1322,0.331,0.4559
8477451,0.3333,0.467,0.3227,0.3304,0.3439,0.3634
8477573,0.2145,0.033,0.3791,0.9251,0.4065,0.0727
8478136,0.303,0.2401,0.3413,0.6035,0.3588,0.2203
8478472,0.2511,0.0727,0.4034,0.9846,0.3455,0.3524
8478493,0.2994,0.2203,0.3475,0.6916,0.3531,0.2621
8478508,0.2506,0.0727,0.3368,0.5242,0.4126,0.0595
8478864,0.3911,0.8084,0.337,0.5286,0.2719,0.8392
8479385,0.4154,0.8921,0.3505,0.7313,0.2341,0.9626
8480023,0.3896,0.8018,0.2738,0.0022,0.3366,0.4163
8480281,0.1759,0.0044,0.386,0.9405,0.4381,0.0286
8480459,0.285,0.1608,0.3458,0.6608,0.3754,0.1454
8481006,0.3025,0.2379,0.3906,0.9626,0.3069,0.6454
8481557,0.3194,0.3612,0.3306,0.4317,0.35,0.2974
8481598,0.3102,0.315,0.3134,0.2026,0.3764,0.141
8482077,0.396,0.8238,0.3113,0.1784,0.2927,0.7313
8482079,0.3972,0.826,0.2865,0.0286,0.3163,0.5881
8482089,0.3687,0.6894,0.3236,0.3348,0.3077,0.6366
8482122,0.316,0.3502,0.3414,0.6057,0.3426,0.3833
8482733,0.3761,0.7423,0.3354,0.4978,0.2885,0.7577
8483452,0.4247,0.9119,0.3288,0.4009,0.2466,0.9405
8483460,0.2886,0.1674,0.2927,0.0551,0.4309,0.0352
8483499,0.3143,0.3326,0.3421,0.6123,0.3436,0.3656
8483516,0.3633,0.6652,0.3038,0.1278,0.3329,0.4361
8484798,0.4106,0.8855,0.2928,0.0573,0.2966,0.6982
8474564,0.334,0.4736,0.3274,0.3899,0.3386,0.4075
8474600,0.3587,0.6233,0.3079,0.1476,0.3333,0.4317
8475158,0.2978,0.2115,0.3546,0.7577,0.3477,0.326
8475287,0.3399,0.5132,0.3109,0.1718,0.3492,0.3062
8475745,0.2632,0.0991,0.3073,0.141,0.4295,0.0396
8475790,0.2506,0.0727,0.3508,0.7335,0.3986,0.0749
8476432,0.3205,0.3656,0.3333,0.4626,0.3462,0.3502
8476539,0.3338,0.4714,0.3378,0.5441,0.3285,0.4802
8476869,0.271,0.1189,0.3434,0.6344,0.3857,0.1057
8476887,0.3333,0.467,0.3443,0.6388,0.3224,0.5374
8476923,0.3257,0.4185,0.3297,0.4119,0.3446,0.359
8477425,0.264,0.0991,0.316,0.2467,0.42,0.0485
8477446,0.1893,0.0176,0.3459,0.6674,0.4648,0.0154
8477497,0.333,0.4648,0.3098,0.1696,0.3572,0.2335
8478047,0.4021,0.8502,0.2976,0.0837,0.3003,0.6806
8478460,0.3868,0.7907,0.306,0.1366,0.3072,0.641
8478500,0.3129,0.3304,0.3256,0.3568,0.3615,0.2004
8479370,0.3017,0.2313,0.3333,0.4626,0.3683,0.163
8479371,0.3249,0.4119,0.3139,0.2181,0.3611,0.2048
8479671,0.2691,0.1101,0.3384,0.5507,0.3925,0.0903
8479944,0.1762,0.0044,0.3472,0.6828,0.4767,0.011
8480246,0.3074,0.2907,0.3433,0.6278,0.3493,0.304
8480806,0.2278,0.0419,0.3501,0.7247,0.4221,0.0485
8480893,0.429,0.9207,0.3381,0.5463,0.233,0.9648
8481056,0.3291,0.4471,0.3405,0.5925,0.3304,0.4604
8481716,0.4134,0.8877,0.3408,0.5991,0.2458,0.9427
8482062,0.164,0.0044,0.4132,0.9912,0.4228,0.0485
8482111,0.3015,0.2313,0.3501,0.7247,0.3484,0.315
8482482,0.2766,0.1388,0.3477,0.6982,0.3756,0.1454
8482660,0.3475,0.5727,0.3362,0.5088,0.3163,0.5881
8482705,0.3075,0.293,0.3178,0.2709,0.3747,0.1498
8482768,0.3611,0.6564,0.3407,0.5969,0.2983,0.6872
8483465,0.2549,0.0749,0.3137,0.2137,0.4314,0.0352
8483485,0.3356,0.4824,0.3433,0.6278,0.3211,0.5485
8484166,0.4353,0.9405,0.3302,0.4251,0.2345,0.9581
8485405,0.3939,0.815,0.3636,0.837,0.2424,0.9471
8473604,0.386,0.7885,0.3291,0.4031,0.293,0.7247
8474568,0.2745,0.1322,0.3617,0.8172,0.3747,0.1498
8474679,0.3662,0.6806,0.3638,0.8392,0.2864,0.7709
8475168,0.365,0.6718,0.3417,0.6079,0.2933,0.7225
8475794,0.2985,0.2137,0.3046,0.1278,0.3969,0.0793
8475799,0.256,0.0771,0.4003,0.9824,0.3505,0.293
8476278,0.2377,0.0617,0.383,0.9339,0.3792,0.1344
8476331,0.375,0.7335,0.3401,0.5881,0.2849,0.7841
8476460,0.4705,0.989,0.286,0.0286,0.2472,0.9405
8476480,0.3201,0.3634,0.391,0.967,0.2958,0.6982
8476871,0.1909,0.0176,0.3818,0.9295,0.4273,0.0396
8476889,0.1827,0.0066,0.3911,0.967,0.4262,0.0396
8476902,0.304,0.2511,0.3678,0.8811,0.3282,0.4868
8477504,0.4239,0.9097,0.3167,0.2577,0.2595,0.9075
8477938,0.3378,0.4978,0.3277,0.3899,0.3345,0.4273
8478398,0.4714,0.9912,0.2897,0.0441,0.2426,0.9471
8478420,0.3854,0.7797,0.3216,0.3194,0.293,0.7247
8478449,0.3057,0.2753,0.3328,0.4581,0.3614,0.2026
8479351,0.3549,0.6035,0.3474,0.6894,0.2976,0.6916
8479378,0.2898,0.1762,0.3603,0.8084,0.358,0.2291
8479414,0.277,0.1388,0.3568,0.7797,0.3803,0.1322
8480014,0.4545,0.9736,0.2901,0.0485,0.2554,0.9207
8480027,0.3212,0.37,0.3313,0.4449,0.3475,0.3304
8480036,0.3804,0.7643,0.3147,0.2335,0.3049,0.663
8480113,0.3603,0.6476,0.3627,0.8326,0.2817,0.7952
8480145,0.3512,0.5903,0.3499,0.7247,0.2989,0.685
8480289,0.1758,0.0044,0.3823,0.9317,0.442,0.0264
8480878,0.2797,0.1454,0.367,0.8656,0.3533,0.2577
8480950,0.2178,0.0352,0.4134,0.9912,0.3688,0.163
8481043,0.2287,0.0485,0.4036,0.9846,0.3834,0.1211
8481581,0.3372,0.4956,0.3336,0.4714,0.3291,0.4758
8482145,0.2889,0.1718,0.3889,0.9493,0.3272,0.4934
8482740,0.3609,0.6542,0.3224,0.326,0.3167,0.5815
8482787,0.4,0.8436,0.3867,0.9449,0.2133,0.9846
8483425,0.2525,0.0727,0.3609,0.8106,0.3866,0.1035
8484829,0.2608,0.0947,0.3964,0.9802,0.3428,0.3744
8474013,0.3064,0.2885,0.3453,0.6454,0.3484,0.315
8475461,0.3333,0.467,0.3333,0.4626,0.3333,0.4317
8476874,0.3221,0.3877,0.3558,0.7665,0.3221,0.5419
8477220,0.3379,0.5,0.3559,0.7687,0.3062,0.6542
8477951,0.4054,0.8678,0.3296,0.4075,0.265,0.8722
8478474,0.3424,0.533,0.3405,0.5925,0.3171,0.5771
8478507,0.322,0.3833,0.3468,0.674,0.3313,0.4515
8478831,0.2199,0.0419,0.3148,0.2357,0.4653,0.0132
8479293,0.2467,0.0683,0.3921,0.9692,0.3612,0.2026
8479343,0.4253,0.9141,0.3424,0.6145,0.2323,0.967
8479410,0.3423,0.5308,0.3258,0.359,0.332,0.4405
8479977,0.29,0.1762,0.3848,0.9383,0.3253,0.5088
8480434,0.3786,0.7577,0.3287,0.4009,0.2927,0.7313
8480855,0.3048,0.2621,0.3476,0.696,0.3476,0.3282
8482175,0.3734,0.7203,0.3658,0.8568,0.2608,0.8965
8482699,0.3469,0.5595,0.3212,0.315,0.3319,0.4427
8483431,0.3766,0.7423,0.3214,0.315,0.3019,0.674
8484386,0.3158,0.3458,0.3795,0.9251,0.3047,0.6696
8474574,0.2672,0.1035,0.3482,0.7026,0.3846,0.1167
8475169,0.378,0.7555,0.2832,0.0242,0.3387,0.4053
8475762,0.3333,0.467,0.3333,0.4626,0.3333,0.4317
8477969,0.247,0.0705,0.3389,0.5529,0.4141,0.0551
8478444,0.3513,0.5925,0.2922,0.0551,0.3565,0.2379
8478498,0.328,0.4427,0.3026,0.1145,0.3693,0.1608
8478856,0.2914,0.1784,0.3129,0.1982,0.3957,0.0837
8479425,0.37,0.707,0.3,0.1035,0.33,0.467
8480012,0.3596,0.6366,0.2881,0.0396,0.3523,0.2709
8480078,0.4326,0.9317,0.2766,0.0066,0.2908,0.7445
8480748,0.2938,0.1938,0.3712,0.8943,0.3349,0.4273
8480800,0.3703,0.7093,0.3185,0.2863,0.3112,0.6211
8482055,0.3248,0.4097,0.3637,0.8392,0.3114,0.6167
8482691,0.3061,0.2841,0.2515,0.0,0.4424,0.0264
8483395,0.3265,0.4229,0.4558,1.0,0.2177,0.9802
8483476,0.4368,0.9471,0.3563,0.7753,0.2069,0.9934
8483678,0.2731,0.1233,0.3472,0.6828,0.3823,0.1278
8485385,0.3889,0.7952,0.3333,0.4626,0.2778,0.8106
8471817,0.2273,0.0419,0.4424,1.0,0.3303,0.4626
8475181,0.3756,0.7335,0.3156,0.2423,0.3089,0.63
8475200,0.3196,0.3634,0.3336,0.4714,0.3468,0.3392
8475726,0.339,0.5044,0.3162,0.2489,0.3447,0.3568
8475784,0.2697,0.1101,0.3109,0.1718,0.4195,0.0485
8475906,0.3592,0.63,0.3228,0.3326,0.3289,0.478
8476624,0.1971,0.0242,0.3956,0.978,0.4073,0.0683
8477018,0.4255,0.9141,0.3367,0.522,0.2379,0.9493
8477505,0.2674,0.1057,0.326,0.3634,0.4066,0.0727
8478874,0.2303,0.0485,0.3487,0.707,0.4211,0.0485
8479983,0.2714,0.1211,0.3367,0.522,0.3919,0.0925
8480043,0.2586,0.0903,0.3333,0.4626,0.408,0.0639
8480798,0.2232,0.0419,0.3554,0.7599,0.4214,0.0485
8480848,0.2109,0.0308,0.3128,0.196,0.4763,0.011
8482166,0.2859,0.163,0.3368,0.5242,0.3772,0.1388
8482667,0.3126,0.3282,0.3169,0.2599,0.3705,0.1564
8484227,0.4015,0.848,0.3395,0.5727,0.259,0.9097
8484801,0.398,0.8326,0.3284,0.3987,0.2736,0.8326
8484911,0.322,0.3833,0.3141,0.2225,0.3638,0.185
8473986,0.3233,0.3943,0.34,0.5859,0.3367,0.4141
8474586,0.3487,0.5815,0.3508,0.7335,0.3005,0.6784
8475184,0.3998,0.8436,0.3524,0.7467,0.2544,0.9273
8475462,0.3184,0.3546,0.3568,0.7797,0.3248,0.511
8475768,0.3057,0.2753,0.3161,0.2467,0.3782,0.1366
8475798,0.3278,0.4405,0.2972,0.0771,0.375,0.1476
8476457,0.2998,0.2247,0.3312,0.4427,0.369,0.163
8476467,0.287,0.1652,0.3636,0.837,0.3494,0.3018
8476885,0.3292,0.4493,0.3299,0.4185,0.341,0.3921
8476905,0.2284,0.0485,0.2824,0.0176,0.4892,0.0088
8477527,0.2786,0.141,0.3206,0.3084,0.4008,0.0727
8477919,0.1845,0.0088,0.2877,0.033,0.5278,0.0044
8477955,0.394,0.8172,0.3195,0.3018,0.2864,0.7709
8477986,0.3654,0.674,0.2834,0.0264,0.3512,0.2885
8478366,0.2971,0.2093,0.3243,0.3414,0.3787,0.1344
8478407,0.3305,0.4581,0.3173,0.2665,0.3521,0.2753
8478873,0.366,0.6784,0.3462,0.6718,0.2878,0.7621
8478975,0.4029,0.8612,0.3447,0.6432,0.2524,0.9295
8479324,0.3032,0.2423,0.314,0.2203,0.3827,0.1256
8479372,0.2595,0.0903,0.3626,0.8304,0.3779,0.1366
8480009,0.2698,0.1123,0.293,0.0595,0.4372,0.0308
8480068,0.2703,0.1167,0.3421,0.6123,0.3876,0.1013
8481563,0.3542,0.6013,0.3395,0.5727,0.3064,0.652
8481605,0.3239,0.3987,0.3274,0.3899,0.3487,0.3084
8481789,0.2073,0.0286,0.4031,0.9846,0.3896,0.0969
8482118,0.3108,0.3172,0.3514,0.7357,0.3378,0.4075
8482665,0.3474,0.5705,0.3352,0.4912,0.3174,0.5749
8482745,0.4024,0.8568,0.3169,0.2599,0.2807,0.7996
8482751,0.2309,0.0485,0.3684,0.8811,0.4007,0.0727
8482803,0.3695,0.7026,0.3396,0.5771,0.2954,0.7026
8483445,0.3856,0.7841,0.337,0.5286,0.284,0.7907
8483490,0.332,0.4604,0.3433,0.6278,0.3248,0.511
8483497,0.4527,0.9714,0.3433,0.6278,0.204,0.9956
8483524,0.4608,0.9802,0.3125,0.196,0.2311,0.9692
8484153,0.3976,0.8304,0.3845,0.9383,0.225,0.9758
8484762,0.361,0.6564,0.3504,0.7291,0.2886,0.7555
8480074,0.2814,0.1542,0.3733,0.9053,0.3453,0.3524
8484180,0.2342,0.0617,0.3243,0.3414,0.4414,0.0264
8484768,0.5687,0.9978,0.253,0.0,0.1783,0.9978
8480887,0.2299,0.0485,0.4483,1.0,0.3218,0.5441
8482671,0.3347,0.4758,0.3226,0.3282,0.3427,0.3789
8482896,0.1593,0.0044,0.4115,0.989,0.4292,0.0396
8480879,0.3218,0.3767,0.2996,0.0991,0.3786,0.1366
8481013,0.3668,0.6806,0.2934,0.0595,0.3398,0.4009
8479772,0.75,1.0,0.0833,0.0,0.1667,0.9978
8482090,0.2168,0.033,0.3444,0.6388,0.4388,0.0286
8484304,0.3473,0.5683,0.3893,0.9537,0.2634,0.8789
8483553,0.3047,0.2577,0.4128,0.989,0.2826,0.7907
8475810,0.3775,0.7511,0.3574,0.7841,0.2651,0.87
8481704,0.296,0.2026,0.352,0.7423,0.352,0.2753
8483733,0.2617,0.0947,0.3976,0.9824,0.3408,0.3921
8484779,0.3913,0.8084,0.4783,1.0,0.1304,0.9978
8482117,0.3202,0.3634,0.4032,0.9846,0.2767,0.8128
8482146,0.3274,0.4339,0.3677,0.8789,0.3048,0.6674
8476463,0.3156,0.3436,0.3417,0.6079,0.3427,0.3789
8482470,0.281,0.1542,0.4052,0.9846,0.3137,0.6035
8481754,0.2852,0.1608,0.3732,0.9053,0.3415,0.3899
8484806,0.3047,0.2577,0.3454,0.6498,0.3498,0.2996
8477380,0.2901,0.1762,0.3538,0.7555,0.356,0.2379
8477947,0.3767,0.7423,0.3973,0.9824,0.2603,0.8987
8480990,0.2952,0.1982,0.3612,0.815,0.3612,0.2026
8481525,0.3123,0.326,0.3373,0.5352,0.3504,0.2952
8482623,0.1089,0.0,0.463,1.0,0.428,0.0396
8482655,0.36,0.641,0.3269,0.3877,0.3132,0.6079
8480245,0.3784,0.7555,0.4595,1.0,0.1622,0.9978
8481606,0.4381,0.9493,0.3516,0.7379,0.2102,0.9912
8482095,0.3056,0.2731,0.4241,0.9956,0.2703,0.8436
8476525,0.3352,0.4802,0.3352,0.4912,0.3297,0.4714
8474037,0.3063,0.2863,0.3215,0.3172,0.3773,0.1366
8484158,0.3498,0.5859,0.3434,0.6344,0.3068,0.6498
8482126,0.3799,0.7621,0.3237,0.337,0.2979,0.6894
8481161,0.3154,0.3414,0.3118,0.1872,0.3728,0.1542
8483531,0.3298,0.4515,0.3404,0.5903,0.3298,0.4714
8483768,0.3946,0.8194,0.2466,0.0,0.3587,0.2225
8483525,0.349,0.5837,0.3621,0.8216,0.2889,0.7533
8479619,0.2876,0.1674,0.3892,0.9515,0.3231,0.533
8480849,0.3087,0.3018,0.326,0.3634,0.3653,0.1806
8482103,0.1832,0.0066,0.3634,0.8348,0.4595,0.0154
8478458,0.3993,0.8414,0.3265,0.3722,0.2816,0.7974
8479442,0.2731,0.1233,0.3653,0.8502,0.3617,0.1938
8481133,0.2691,0.1101,0.4004,0.9824,0.3304,0.4604
8482624,0.1111,0.0,0.2778,0.0088,0.6111,0.0
8475755,0.2517,0.0727,0.3566,0.7775,0.3916,0.0947
8476422,0.4038,0.8656,0.3899,0.9559,0.2062,0.9934
8476873,0.3982,0.837,0.3309,0.4339,0.2709,0.8414
8485402,0.335,0.4802,0.31,0.1696,0.36,0.2115
8476856,0.2923,0.1828,0.3692,0.8855,0.3385,0.4075
8477365,0.2092,0.0308,0.4397,1.0,0.3511,0.2885
8480208,0.4595,0.978,0.3241,0.3414,0.2164,0.9824
8484145,0.305,0.2665,0.3649,0.8458,0.3301,0.4648
8481593,0.3867,0.7885,0.3536,0.7511,0.2744,0.826
8481560,0.3529,0.5969,0.2941,0.0639,0.3529,0.2643
8481237,0.291,0.1762,0.4098,0.989,0.2992,0.6828
8481546,0.2984,0.2137,0.3736,0.9097,0.328,0.489
8484135,0.2222,0.0419,0.4198,0.9912,0.358,0.2291
8482475,0.3854,0.7797,0.3601,0.804,0.2546,0.9251
8477454,0.2417,0.0639,0.3972,0.9824,0.3667,0.1718
8481024,0.3063,0.2863,0.3446,0.6388,0.3492,0.3062
8484136,0.3042,0.2533,0.4417,1.0,0.2604,0.8987
8479705,0.3027,0.2379,0.3737,0.9097,0.3236,0.5242
8482726,0.1956,0.022,0.4428,1.0,0.3616,0.1982
8476927,0.1853,0.0088,0.3515,0.7357,0.4632,0.0154
8477070,0.2997,0.2225,0.3811,0.9295,0.3192,0.5639
8479576,0.2467,0.0683,0.3685,0.8833,0.3848,0.1145
8482861,0.3125,0.326,0.3849,0.9405,0.3026,0.674
8480871,0.3883,0.793,0.3846,0.9383,0.2271,0.9736
8477508,0.2169,0.033,0.338,0.5441,0.4451,0.0242
8477401,0.0435,0.0,0.6087,1.0,0.3478,0.3238
8479985,0.2094,0.0308,0.3899,0.9559,0.4007,0.0727
8480813,0.302,0.2357,0.32,0.3018,0.378,0.1366
8483424,0.3796,0.7599,0.3426,0.6211,0.2778,0.8106
8475752,0.1809,0.0066,0.3317,0.4493,0.4874,0.0088
8482516,0.3539,0.5991,0.3621,0.8216,0.284,0.7907
8483565,0.3303,0.4559,0.3363,0.5132,0.3333,0.4317
8481556,0.1897,0.0176,0.3879,0.9449,0.4224,0.0485
8482947,0.3293,0.4493,0.3443,0.6388,0.3263,0.4978
8476456,0.4609,0.9824,0.3186,0.2885,0.2205,0.9802
8482125,0.3508,0.5881,0.3266,0.3789,0.3226,0.5352
8482172,0.2298,0.0485,0.4318,0.9978,0.3384,0.4075
8482178,0.3036,0.2445,0.3347,0.4824,0.3617,0.1938
8480259,0.1632,0.0044,0.3105,0.1696,0.5263,0.0044
8484800,0.4916,0.9956,0.3024,0.1123,0.2061,0.9956
8484305,0.3,0.2247,0.3737,0.9097,0.3263,0.4978
8483471,0.3333,0.467,0.3576,0.7841,0.3091,0.6278
8484428,0.3141,0.3326,0.4487,1.0,0.2372,0.9493
8478013,0.3836,0.7775,0.3217,0.3216,0.2948,0.7115
8476425,0.25,0.0705,0.25,0.0,0.5,0.0044
8480058,0.3404,0.5176,0.3617,0.8172,0.2979,0.6894
8482496,0.4,0.8436,0.2,0.0,0.4,0.0727
8483570,0.1247,0.0,0.3972,0.9824,0.4781,0.011
8483573,0.2137,0.033,0.3588,0.7885,0.4275,0.0396
8470621,0.3812,0.7665,0.3581,0.7841,0.2607,0.8965
8476474,0.297,0.2093,0.3762,0.9163,0.3267,0.4956
8483500,0.3952,0.8194,0.3286,0.3987,0.2762,0.8128
8482749,0.1852,0.0088,0.4815,1.0,0.3333,0.4317
8480828,0.2745,0.1322,0.4314,0.9978,0.2941,0.7159
8483752,0.3511,0.5881,0.3764,0.9163,0.2725,0.837
8476897,0.1828,0.0066,0.3527,0.7489,0.4645,0.0154
8484241,0.4251,0.9119,0.3084,0.152,0.27,0.8436
8482911,0.4353,0.9405,0.3321,0.4493,0.2326,0.9648
8477541,0.3407,0.5176,0.3407,0.5969,0.3187,0.5639
8479026,0.2713,0.1189,0.3359,0.5044,0.3928,0.0859
8481569,0.3875,0.7907,0.35,0.7247,0.2625,0.8833
8476878,0.2176,0.0352,0.4275,0.9978,0.3549,0.2533
8480426,0.3191,0.3568,0.3821,0.9317,0.2988,0.6872
8481655,0.3009,0.2291,0.4213,0.9912,0.2778,0.8106
8475795,0.2019,0.0242,0.3942,0.9736,0.4038,0.0727
8479980,0.2996,0.2225,0.3475,0.6916,0.3529,0.2643
8484203,0.4068,0.8722,0.322,0.3216,0.2797,0.8062
8482072,0.2596,0.0903,0.375,0.9141,0.3654,0.1784
8480840,0.2066,0.0286,0.4205,0.9912,0.3729,0.1542
8482747,0.2734,0.1233,0.375,0.9141,0.3516,0.2819
8483503,0.2955,0.1982,0.4091,0.989,0.2955,0.6982
8480891,0.3399,0.5132,0.3428,0.6211,0.3173,0.5749
8478424,0.3025,0.2379,0.3179,0.2775,0.3796,0.1344
8479393,0.3556,0.6057,0.3521,0.7423,0.2993,0.6806
8481219,0.3121,0.3216,0.3121,0.1894,0.3758,0.1432
8481562,0.2609,0.0947,0.5217,1.0,0.2174,0.9802
8478476,0.3623,0.6608,0.3547,0.7577,0.3057,0.6564
8477996,0.3391,0.5044,0.3678,0.8811,0.3218,0.5441
8483429,0.5946,0.9978,0.2162,0.0,0.1892,0.9978
8484240,0.3053,0.2687,0.3468,0.674,0.348,0.3238
8478104,0.3134,0.3326,0.4254,0.9956,0.2612,0.8921
8478413,0.192,0.0198,0.3893,0.9537,0.4187,0.0485
8476907,0.2344,0.0617,0.375,0.9141,0.3906,0.0969
8484164,0.3915,0.8106,0.3169,0.2599,0.2915,0.7379
8480825,0.1905,0.0176,0.2381,0.0,0.5714,0.0
8479421,0.3762,0.7423,0.3267,0.3833,0.297,0.6938
8484221,0.3805,0.7643,0.3669,0.8634,0.2526,0.9273
8482953,0.3455,0.5485,0.4182,0.9912,0.2364,0.9515
8482765,0.3377,0.4978,0.3929,0.9692,0.2695,0.848
8481848,0.3846,0.7775,0.3462,0.6718,0.2692,0.848
8479395,0.2813,0.1542,0.325,0.348,0.3938,0.0837
8481554,0.4065,0.8722,0.336,0.5066,0.2575,0.9119
8482206,0.2881,0.1674,0.2203,0.0,0.4915,0.0066
8484197,0.3702,0.707,0.3234,0.3326,0.3064,0.652
8483039,0.375,0.7335,0.3125,0.196,0.3125,0.6101
8476392,0.2563,0.0815,0.3365,0.5154,0.4072,0.0705
8476872,0.1304,0.0022,0.3391,0.5595,0.5304,0.0022
8478062,0.4545,0.9736,0.3182,0.2775,0.2273,0.9736
8482165,0.3402,0.5176,0.3703,0.8921,0.2896,0.7511
8477435,0.2597,0.0925,0.4031,0.9846,0.3372,0.4097
8478046,0.274,0.1322,0.3197,0.3018,0.4063,0.0727
8479533,0.1667,0.0044,0.3333,0.4626,0.5,0.0044
8482094,0.26,0.0925,0.3633,0.8348,0.3767,0.1388
8482877,0.2781,0.141,0.4171,0.9912,0.3048,0.6674
8475692,0.3981,0.8348,0.3398,0.5815,0.2621,0.8855
8475763,0.3359,0.4868,0.3436,0.6344,0.3282,0.4868
8478841,0.3514,0.5925,0.3135,0.207,0.3514,0.2841
8479336,0.2911,0.1762,0.3848,0.9383,0.3241,0.5176
8482634,0.3061,0.2841,0.3546,0.7577,0.3393,0.4031
8482858,0.2937,0.1916,0.3862,0.9427,0.3201,0.5529
8483432,0.2747,0.1322,0.2747,0.0044,0.4505,0.0198
8484160,0.2857,0.1608,0.3983,0.9824,0.316,0.5903
8478173,0.3333,0.467,0.359,0.7885,0.3077,0.6366
8480084,0.3275,0.4339,0.3644,0.8414,0.308,0.6344
8482149,0.3818,0.7731,0.3077,0.1432,0.3161,0.5903
8484210,0.3203,0.3634,0.3815,0.9295,0.2983,0.6872
8477406,0.2427,0.0661,0.3596,0.7996,0.4006,0.0727
8477149,0.2264,0.0419,0.4843,1.0,0.2893,0.7511
8479383,0.4545,0.9736,0.3636,0.837,0.1818,0.9978
8476458,0.3573,0.6189,0.3459,0.6674,0.2968,0.696
8482209,0.3696,0.7026,0.3478,0.7004,0.2826,0.7907
8483890,0.4055,0.8678,0.3241,0.3414,0.2704,0.8414
8480049,0.2962,0.207,0.3493,0.7203,0.3544,0.2555
8481715,0.1429,0.0022,0.8571,1.0,0.0,1.0
8481592,0.4286,0.9185,0.3673,0.87,0.2041,0.9956
8483728,0.3065,0.2885,0.3548,0.7577,0.3387,0.4053
8481594,0.3333,0.467,0.5556,1.0,0.1111,0.9978
8482941,0.4286,0.9185,0.4286,0.9978,0.1429,0.9978
8475786,0.4261,0.9163,0.3265,0.3722,0.2562,0.9163
8482859,0.2074,0.0286,0.4004,0.9824,0.3922,0.0903
8482666,0.3365,0.489,0.327,0.3877,0.3365,0.4163
8479362,0.1613,0.0044,0.3226,0.3282,0.5161,0.0044
8481712,0.3077,0.293,0.2308,0.0,0.4615,0.0154
8480144,0.2667,0.0991,0.3255,0.3524,0.4078,0.0661
8484901,0.1852,0.0088,0.4383,0.9978,0.3765,0.1388
8477463,0.2243,0.0419,0.5234,1.0,0.2523,0.9295
8483398,0.3576,0.6211,0.3709,0.8921,0.2715,0.8392
8473994,0.3431,0.5352,0.3578,0.7841,0.299,0.6828
8481609,0.3922,0.815,0.2941,0.0639,0.3725,0.1542
8484821,0.0526,0.0,0.7895,1.0,0.1579,0.9978
8477426,0.3019,0.2313,0.3615,0.8172,0.3365,0.4163
8483433,0.4722,0.9912,0.4444,1.0,0.1111,0.9978
8484168,0.2667,0.0991,0.3905,0.9604,0.3429,0.3722
8483676,0.4067,0.8722,0.3267,0.3833,0.2667,0.859
8481591,0.3,0.2247,0.25,0.0,0.45,0.0198
8476867,0.2048,0.0264,0.3238,0.337,0.4714,0.011
8484403,0.2273,0.0419,0.4773,1.0,0.2955,0.6982
8484529,0.1667,0.0044,0.5556,1.0,0.3333,0.4317
8484255,0.4286,0.9185,0.25,0.0,0.3214,0.5441
8481477,0.234,0.0573,0.2897,0.0441,0.4763,0.011
8482132,0.2308,0.0485,0.3846,0.9383,0.3846,0.1167
8476979,0.4545,0.9736,0.303,0.1189,0.2424,0.9471
8482698,0.5714,0.9978,0.2857,0.0264,0.1429,0.9978
8483510,0.3401,0.5154,0.3086,0.1586,0.3514,0.2841
8482785,0.3571,0.6189,0.3929,0.9692,0.25,0.9339
8474090,0.3525,0.5969,0.3607,0.8106,0.2869,0.7643
8484214,0.4091,0.8744,0.3182,0.2775,0.2727,0.8348
8483930,0.2245,0.0419,0.5102,1.0,0.2653,0.8656
8483686,0.5036,0.9978,0.2555,0.0,0.2409,0.9471
8483567,0.4286,0.9185,0.4286,0.9978,0.1429,0.9978
8484262,0.413,0.8855,0.3913,0.967,0.1957,0.9956
8483513,0.2639,0.0991,0.3487,0.707,0.3874,0.1035
8479291,0.2727,0.1211,0.1818,0.0,0.5455,0.0
8478211,0.2273,0.0419,0.1364,0.0,0.6364,0.0
8478147,0.3571,0.6189,0.2857,0.0264,0.3571,0.2335
8483487,0.3819,0.7731,0.3719,0.8965,0.2462,0.9405
8483630,0.2043,0.0264,0.383,0.9339,0.4128,0.0551
8480021,0.3071,0.2885,0.4409,1.0,0.2598,0.9053
8483472,0.2895,0.174,0.3421,0.6123,0.3684,0.163
8484388,0.3976,0.8304,0.3268,0.3855,0.2756,0.8172
8481599,0.4167,0.8943,0.3021,0.1079,0.2813,0.7974
8483463,0.45,0.9648,0.25,0.0,0.3,0.6806
8478502,0.3333,0.467,0.3571,0.7819,0.3095,0.6278
8481065,0.3774,0.7489,0.1887,0.0,0.434,0.033
8479644,0.3636,0.6652,0.3636,0.837,0.2727,0.8348
8481535,0.4085,0.8744,0.2908,0.0485,0.3007,0.6762
8482804,0.3571,0.6189,0.3333,0.4626,0.3095,0.6278
8484150,0.35,0.5881,0.38,0.9251,0.27,0.8436
8481567,0.2821,0.1542,0.2564,0.0,0.4615,0.0154
8483841,0.3939,0.815,0.1818,0.0,0.4242,0.0463
8477952,0.2647,0.0991,0.3647,0.8436,0.3706,0.1542
8481070,0.2963,0.207,0.4815,1.0,0.2222,0.978
8482479,0.0,0.0,0.0,0.0,1.0,0.0
8477979,0.4118,0.8855,0.2941,0.0639,0.2941,0.7159
8482641,0.3247,0.4075,0.2987,0.0881,0.3766,0.1388
8482167,0.3077,0.293,0.3846,0.9383,0.3077,0.6366
8476952,0.34,0.5132,0.32,0.3018,0.34,0.3965
8484185,0.3639,0.6652,0.3833,0.9339,0.2583,0.9097
8479368,0.2877,0.1674,0.4315,0.9978,0.2808,0.7974
8482874,0.166,0.0044,0.5104,1.0,0.3237,0.5176
8477499,0.2855,0.1608,0.3313,0.4449,0.3832,0.1233
8481077,0.383,0.7731,0.2553,0.0,0.3617,0.1938
8481030,0.3052,0.2665,0.3373,0.5352,0.3614,0.2026
8485511,0.5,0.9978,0.2222,0.0,0.2778,0.8106
8484994,0.3908,0.8062,0.3333,0.4626,0.2759,0.815
8484230,0.3009,0.2291,0.3161,0.2467,0.383,0.1233
8479388,0.2571,0.0815,0.3143,0.2247,0.4286,0.0396
8482781,0.4286,0.9185,0.2857,0.0264,0.2857,0.7775
8477021,0.271,0.1189,0.3458,0.6608,0.3832,0.1233
8484142,0.326,0.4185,0.3382,0.5463,0.3407,0.3921
8483491,0.2065,0.0286,0.4239,0.9934,0.3696,0.1586
8482673,0.6,0.9978,0.4,0.9824,0.0,1.0
8482168,0.1,0.0,0.25,0.0,0.65,0.0
8477034,0.2308,0.0485,0.3462,0.6718,0.4231,0.0485
8475413,0.0,0.0,0.3333,0.4626,0.6667,0.0
8476988,0.1,0.0,0.5,1.0,0.4,0.0727
8484287,0.2,0.0242,0.35,0.7247,0.45,0.0198
8477320,0.2273,0.0419,0.3636,0.837,0.4091,0.0595
8481517,0.2889,0.1718,0.2889,0.0419,0.4222,0.0485
8482766,0.1818,0.0066,0.6364,1.0,0.1818,0.9978
8481732,0.3462,0.5507,0.3462,0.6718,0.3077,0.6366
8483406,0.1866,0.0088,0.4354,0.9978,0.378,0.1366
8485512,0.2345,0.0617,0.2966,0.0749,0.4689,0.011
8483526,0.2222,0.0419,0.3704,0.8921,0.4074,0.0661
8479639,0.4872,0.9934,0.3077,0.1432,0.2051,0.9956
8482451,0.2857,0.1608,0.2381,0.0,0.4762,0.011
8483466,0.4014,0.8458,0.2789,0.011,0.3197,0.5573
8476391,0.3636,0.6652,0.0909,0.0,0.5455,0.0
8483771,0.4,0.8436,0.3935,0.9692,0.2065,0.9934
8480192,0.2703,0.1167,0.3319,0.4493,0.3978,0.0771
8483766,0.2609,0.0947,0.3043,0.1278,0.4348,0.0308
8479550,0.2763,0.1366,0.3684,0.8811,0.3553,0.2467
8481600,0.2683,0.1079,0.4341,0.9978,0.2976,0.6916
8484797,0.3913,0.8084,0.4058,0.9868,0.2029,0.9956
8479718,0.5455,0.9978,0.4545,1.0,0.0,1.0
8479314,0.3266,0.4229,0.407,0.9868,0.2663,0.859
8478967,0.2414,0.0639,0.4828,1.0,0.2759,0.815
8482192,0.3889,0.7952,0.1111,0.0,0.5,0.0044
8484177,0.2901,0.1762,0.3042,0.1278,0.4056,0.0727
8481028,0.2948,0.196,0.4162,0.9912,0.289,0.7511
8480007,0.3143,0.3326,0.4571,1.0,0.2286,0.9714
8483448,0.1489,0.0044,0.4043,0.9846,0.4468,0.0198
8481547,0.3529,0.5969,0.4118,0.989,0.2353,0.9537
8483756,0.1839,0.0066,0.3408,0.5991,0.4753,0.011
8484509,0.3214,0.3722,0.3827,0.9339,0.2959,0.6982
8477971,0.2308,0.0485,0.4615,1.0,0.3077,0.6366
8479387,0.0952,0.0,0.5714,1.0,0.3333,0.4317
8483505,0.32,0.3634,0.32,0.3018,0.48,0.011
8483546,0.3333,0.467,0.0,0.0,0.6667,0.0
8485251,0.3333,0.467,0.4444,1.0,0.2222,0.978
8482993,0.3261,0.4185,0.413,0.989,0.2609,0.8943
8484933,0.2979,0.2115,0.4681,1.0,0.234,0.9626
8484938,0.283,0.1542,0.3333,0.4626,0.3836,0.1211
8481572,0.3929,0.815,0.2857,0.0264,0.3214,0.5441
8482153,0.2857,0.1608,0.3333,0.4626,0.381,0.13
8482742,0.2464,0.0661,0.337,0.5286,0.4167,0.0485
8479942,0.2877,0.1674,0.3425,0.6211,0.3699,0.1586
8482652,0.4545,0.9736,0.2727,0.0,0.2727,0.8348
8483675,0.3636,0.6652,0.1818,0.0,0.4545,0.0176
8483699,0.0909,0.0,0.1818,0.0,0.7273,0.0
8481534,0.375,0.7335,0.375,0.9141,0.25,0.9339
8477931,0.3367,0.489,0.3869,0.9449,0.2764,0.8128
8482715,0.3851,0.7775,0.3218,0.3216,0.2931,0.7225
8483731,0.3841,0.7775,0.3476,0.696,0.2683,0.8502
8475718,0.3152,0.3392,0.3696,0.8877,0.3152,0.5925
8480870,0.1901,0.0176,0.3884,0.9449,0.4215,0.0485
8484188,0.3073,0.2885,0.3486,0.707,0.344,0.3612
8479543,0.1277,0.0,0.6383,1.0,0.234,0.9626
8480326,0.2941,0.196,0.2353,0.0,0.4706,0.011
8482107,0.3484,0.5749,0.3213,0.315,0.3303,0.4626
8481518,0.3462,0.5507,0.3077,0.1432,0.3462,0.3502
8484873,0.3488,0.5815,0.3605,0.8106,0.2907,0.7445
8482067,0.2143,0.033,0.2857,0.0264,0.5,0.0044
8475253,0.4,0.8436,0.2667,0.0,0.3333,0.4317
8482162,0.4091,0.8744,0.4091,0.989,0.1818,0.9978
8486056,0.1778,0.0066,0.2889,0.0419,0.5333,0.0
8481575,0.3051,0.2665,0.3729,0.9031,0.322,0.5441
8483435,0.3333,0.467,0.6667,1.0,0.0,1.0
8484759,0.5952,0.9978,0.2619,0.0,0.1429,0.9978
8485391,0.3221,0.3877,0.2953,0.0661,0.3826,0.1256
8481186,0.2121,0.033,0.3636,0.837,0.4242,0.0463
8483669,0.3265,0.4229,0.4082,0.9868,0.2653,0.8656
8484793,0.2857,0.1608,0.4524,1.0,0.3095,0.6278
8484169,0.26,0.0925,0.36,0.8018,0.38,0.1322
8482802,0.2667,0.0991,0.3167,0.2577,0.4167,0.0485
8478888,0.1333,0.0022,0.4,0.9824,0.4667,0.011
8485406,0.2685,0.1079,0.4352,0.9978,0.2963,0.6982
8483444,0.3333,0.467,0.4074,0.9868,0.2593,0.9075
8480075,0.2167,0.033,0.4667,1.0,0.3167,0.5815
8484406,0.3704,0.7093,0.3148,0.2357,0.3148,0.5991
8483397,0.3171,0.3524,0.2927,0.0551,0.3902,0.0969
8482731,0.3973,0.826,0.411,0.989,0.1918,0.9978
8482663,0.8333,1.0,0.0,0.0,0.1667,0.9978
8484234,0.3333,0.467,0.3958,0.978,0.2708,0.8414
8484999,0.3208,0.3656,0.2075,0.0,0.4717,0.011
8483687,0.3276,0.4383,0.3793,0.9251,0.2931,0.7225
8483712,0.3167,0.3502,0.3667,0.8634,0.3167,0.5815
8485467,0.3214,0.3722,0.4286,0.9978,0.25,0.9339
8480291,0.4878,0.9934,0.3659,0.859,0.1463,0.9978
8481004,0.35,0.5881,0.4,0.9824,0.25,0.9339
8477851,0.4286,0.9185,0.4286,0.9978,0.1429,0.9978
8482174,0.3704,0.7093,0.3519,0.7423,0.2778,0.8106
8484380,0.1724,0.0044,0.4483,1.0,0.3793,0.1344
8483709,0.5227,0.9978,0.2273,0.0,0.25,0.9339
8484220,0.5,0.9978,0.3125,0.196,0.1875,0.9978
8485395,0.2813,0.1542,0.4688,1.0,0.25,0.9339
8482873,0.2174,0.033,0.4348,0.9978,0.3478,0.3238
8483467,0.3333,0.467,0.3056,0.13,0.3611,0.2048
8482525,0.2353,0.0617,0.6471,1.0,0.1176,0.9978
8486166,0.2857,0.1608,0.3429,0.6211,0.3714,0.1542
8484152,0.4762,0.9912,0.1905,0.0,0.3333,0.4317
8484242,0.3125,0.326,0.4375,0.9978,0.25,0.9339
8480853,0.25,0.0705,0.25,0.0,0.5,0.0044
8482187,0.4,0.8436,0.4,0.9824,0.2,0.9956
8484392,0.2,0.0242,0.5,1.0,0.3,0.6806
8485388,0.1818,0.0066,0.3636,0.837,0.4545,0.0176
8478409,0.5,0.9978,0.0,0.0,0.5,0.0044
8483760,0.6667,1.0,0.1667,0.0,0.1667,0.9978
8484148,0.6667,1.0,0.1667,0.0,0.1667,0.9978
8481093,0.1538,0.0044,0.5385,1.0,0.3077,0.6366
8486169,0.1176,0.0,0.5294,1.0,0.3529,0.2643
8475857,0.2353,0.0617,0.3529,0.7489,0.4118,0.0595
8483482,0.3846,0.7775,0.3846,0.9383,0.2308,0.9692
8483696,0.2,0.0242,0.3333,0.4626,0.4667,0.011
