def_id,abbrev,name,definition,first_season_for_stat,last_updated
1046,General concepts,5-on-5 stats,"Teams playing at full strength are generally playing at 5-on-5, meaning five skaters and a goalie versus five skaters and a goalie. Penalties frequently cause teams to play at less than full strength, leading to situations other than 5-on-5. Also note that late-game situations with the goalie pulled do not qualify as 5-on-5, e.g. turning 5-on-5 into 6-on-5 when a skater replaces the goalie on the ice. Many enhanced stats concentrate on 5-on-5 play to compare players under the manpower-neutral circumstances that make up the majority of time in a game.",20092010,2019-11-11T13:33:12
1047,A,Assists,"Assists can be awarded to a maximum of two players touching the puck before the goal scorer, provided the opposing team has not controlled the puck between the potential assists and the goal being scored. Unless otherwise specified, assist totals are for all situations (even strength, power play, shorthanded) combined. The last teammate to touch the puck before the goal scorer is awarded a primary assist. The preceding teammate to touch the puck before the first assisting player is awarded a secondary assist. Goals scored without teammates passing or otherwise touching the puck before it gets to the goal scorer are said to be unassisted and no assists are awarded. See primary assists and secondary assists.",19171918,2019-11-14T17:42:00
1048,A (5-on-5),Assists (5-on-5),Player's own assists in 5-on-5 situations,20092010,2019-11-11T13:33:12
1049,A/60 (5-on-5),Assists per 60 minutes (5-on-5),Player's own assists per 60 minutes in 5-on-5 situations,20092010,2019-11-11T13:33:12
1050,A/GP,Assists per game played,"In comparing the assist production of different players, assist totals can be divided by games played e.g. to account for players who have missed games due to injury or who have not spent the entire season in the NHL. However, this adjustment does not account for varying time on ice and varying special teams time. See assists.",19171918,2019-11-11T13:33:12
1051,Bench,Bench penalties,"Bench minor penalties are minor penalties assessed to either the coaching staff or the entire team. They include penalties for abuse of officials, delay of game, deliberate illegal substitution, face-off violation, illegal substitution, improper starting lineup, interference from the players or penalty bench, interference with an official, leaving bench at end of period, refusing to start play, stepping onto ice during period (coach), throwing objects onto ice, too many men on the ice, unsportsmanlike conduct, and unsustained request for measurement. Since no specific player is penalized, the coach selects a player to serve the penalty in the penalty box.",,2019-11-14T15:02:10
1052,Ctry,Birth country,A player's nationality may differ from his country of birth. The country listed is the current country that his birth city is in.,,2019-11-11T13:33:12
1053,BkS,Blocked shots,"A blocked shot occurs when an opponent's shot attempt is blocked by a skater, with his stick or body. From the shooter's perspective, attempts blocked count toward SAT but not toward USAT. The blocked shot statistic has been recorded by the NHL since 2002-03. See SAT; see USAT.",19971998,2019-11-11T13:33:12
1054,BkS/60,Blocked shots per 60 minutes,Player's average rate of blocked shots per 60 minutes of ice time,19971998,2019-11-11T13:33:12
1055,BkS/GP,Blocked shots per game played,Blocked shots divided by games played,19971998,2019-11-11T13:33:12
1056,Career GDG,Career shootout game-deciding goals,Skater's career game-deciding shootout goals. It can be compared with shootout goals for the season (or another timeframe) on the same report.,20052006,2019-11-11T13:33:12
1057,Career SO GP,Career shootout games played,"Number of skater's games played that went to a shootout, for his career. It can be compared with season totals (or another timeframe) on the same report.",20052006,2019-11-11T13:33:12
1058,Career SO G,Career shootout goals,Skater's career shootout goals. It can be compared with shootout goals for the season (or another timeframe) on the same report.,20052006,2019-11-11T13:33:12
1059,Career SO S%,Career shootout shooting percentage,Skater's career shootout goals per shootout shot attempt. It can be compared with shootout shooting percentage for the season (or another timeframe) on the same report.,20052006,2019-11-11T13:33:12
1060,Career SO S,Career shootout shot attempts,Skater's career shootout shot attempts (including missed shots and otherwise failed attempts). It can be compared with shootout shot attempts for the season (or another timeframe) on the same report.,20052006,2019-11-11T13:33:12
1061,General concepts,Close or close game,"A close game is defined as a game within a single goal in the first two periods or tied in the third period or overtime. As teams playing from behind tend to take more shots while teams playing with lead tend to take fewer shots, restricting stats like SAT and USAT to close-game situations helps filter out situations that skew shot-based data. The limitation of looking at only close-game situations is a modest reduction in sample size. See SAT%; see USAT%; see USAT% close.",19171918,2019-11-14T17:42:46
1062,CG%,Complete game percentage,Complete games divided by games started,19171918,2019-11-11T13:33:12
1063,CG,Complete games,"Goalie's number of games started in games where no other goalie played in the game for the team, meaning the goalie played the complete game (including the shootout, if applicable).",19171918,2019-11-11T13:33:12
1064,DOB,Date of birth,Date of birth,,2019-11-11T13:33:12
1065,Days Btwn Games,Days between games,"For a team, the days between games. Number of days between games will be one more than for goalie's days of rest. For example, a team playing on consecutive days will have 1 day between games, and a goalie playing in both games will have 0 days of rest.",,2019-11-11T13:33:12
1066,DZ FOL,Defensive zone face-off losses,Number of defensive zone face-off losses,20092010,2019-11-14T15:02:10
1067,DZ FOW%,Defensive zone face-off win percentage,"Defensive zone face-off win percentage is calculated as defensive zone face-off wins divided by defensive zone face-off draws taken by a player, DZ FOW/DZ FO or DZ FOW/(DZ FOW + DZ FOL). DZ FOW% is available since 2009-10.",20092010,2019-11-14T15:02:10
1068,DZ FOW,Defensive zone face-off wins,Number of defensive zone face-off wins,20092010,2019-11-14T15:02:10
1069,DZ FO,Defensive zone face-offs,Number of defensive zone face-off draws taken by the player,20092010,2019-11-14T15:02:10
1070,Round,Draft round,"The round the player was selected in the NHL Entry Draft. Currently, there are seven rounds (since 2005), but the Draft has included as many as 25 rounds (in 1974). A blank indicates an undrafted player.",19621963,2019-11-11T13:33:12
1071,Draft Yr,Draft year,The year the player was selected in the NHL Entry Draft. This may differ from the first year the player was eligible for the Draft. A blank indicates an undrafted player.,19621963,2019-11-11T13:33:12
1072,ENA,Empty net assists,"When trailing late in the third period, teams commonly pull their goalie in favor of an extra skater, increasing their chances of scoring while running a significantly higher risk of an opposition goal. Empty net assists are counted towards a player's overall totals.",,2019-11-11T13:33:12
1073,ENG,Empty net goals,"When trailing late in the third period, teams commonly pull their goalie in favor of an extra skater, increasing their chances of scoring while running a significantly higher risk of an opposition goal. Empty net goals are counted towards a player's overall totals.",,2019-11-11T13:33:12
1074,ENP,Empty net points,"When trailing late in the third period, teams commonly pull their goalie in favor of an extra skater, increasing their chances of scoring while running a significantly higher risk of an opposition goal. Empty net points are counted towards a player's overall totals.",,2019-11-11T13:33:12
1075,General concepts,Enhanced statistics,"Enhanced statistics, also known as advanced statistics and hockey analytics, are statistics that go beyond traditional hockey box scores and game reports. Enhanced stats were introduced on NHL.com in 2015, and were further updated in 2019. The majority of enhanced stats are available starting in the 2009-10 season.",20092010,2019-11-14T17:46:19
1076,EV FOL,Even-strength face-off losses,Number of even-strength face-off losses,19971998,2019-11-14T15:02:10
1077,EV FOW%,Even-strength face-off win percentage,"Even-strength face-off win percentage is calculated as even-strength face-off wins divided by even-strength face-off draws taken by a player, EV FOW/EV FO or EV FOW/(EV FOW + EV FOL). EV FOW% is available since 1997-98.",19971998,2019-11-14T15:02:10
1078,EV FOW,Even-strength face-off wins,Number of even-strength face-off wins,19971998,2019-11-14T15:02:10
1079,EV FO,Even-strength face-offs,Number of even-strength face-off draws taken by the player,19971998,2019-11-14T15:02:10
1080,EV GD,Even-strength goal differential,Even-strength goal differential is even-strength goals for minus even-strength goals against. See even-strength goals against; see even-strength goals for; see even-strength stats.,20092010,2019-11-11T13:33:12
1081,EVG,Even-strength goals,Player's own even-strength goals. See even-strength stats.,19331934,2019-11-11T13:33:12
1082,EV GA,Even-strength goals against,"For a team, EV GA are the total goals against while at even strength. For a player, EV GA are the even-strength goals against by their opponent while he is on the ice. See even-strength stats.",20092010,2019-11-11T13:33:12
1083,EV GF,Even-strength goals for,"For a team, EV GF are the total goals scored while at even strength. For a player, EV GF are the even-strength goals scored while he is on the ice, regardless of whether he receives a goal or assist, or not.",20092010,2019-11-11T13:33:12
1084,EV GF%,Even-strength goals for percentage,"Even-strength goals for percentage is EV GF / (EV GF + EV GA). The calculation is akin to SAT% and USAT%, and can therefore be compared with the two, while keeping in mind that the sample size for goal-based stats builds up much more slowly than the sample size of shot-based metrics. See even-strength goals against; see even-strength goals for; see even-strength stats; see sample size; see SAT%; see USAT%.",20092010,2019-11-11T13:33:12
1085,EVP,Even-strength points,Player's own even-strength points. See even-strength stats.,19331934,2019-11-11T13:33:12
1086,EV Sv%,Even-strength save percentage,"As goalies face an unequal number of power play shots against, where save percentage is generally lower than with overall save percentage, even-strength save percentage can provide an alternative to overall Sv%. However, the modestly smaller sample size of EV Sv% supports looking at overall Sv% side by side with EV Sv%. EV Sv% is available since 1997-98. See even-strength stats; see save percentage.",19971998,2019-11-11T13:33:12
1087,EV Svs,Even-strength saves,"Saves by a goalie or a team, at even strength. See even-strength stats.",19971998,2019-11-11T13:33:12
1088,EV SA,Even-strength shots against,"Shots against are the number of shots on goal against a goalie or a team, at even strength. Attempts blocked and missed shots are not included. See even-strength stats.",19971998,2019-11-11T13:33:12
1089,General concepts,Even-strength stats,"An even-strength situation is when both teams have equal numbers of players on the ice, either because no one is in the penalty box or both teams have been penalized equally regarding manpower. The majority of play occurs at even strength, which includes 5-on-5, 4-on-4, and 3-on-3 situations. Comparing players at even strength (or 5-on-5) means that totals and rates will not be skewed by differing amounts of special teams (particularly power play) time. See 5-on-5 stats.",,2019-11-11T13:33:12
1090,EV TOI,Even-strength time on ice,"Even-strength time on ice is a measure of the ice time a player averages per game in even strength situations. As not all players get significant shifts on special teams, even-strength time on ice allows comparison of players usage in normal situations. EV TOI is available since 1997-98. See Even strength situations and stats.",19171918,2019-11-11T13:33:12
1091,EV TOI/GP,Even-strength time on ice per game played,A player's even-strength time on ice divided by games played,19971998,2019-11-11T13:33:12
1092,FOL,Face-off losses,Number of face-off losses - all situations,19971998,2019-11-14T15:02:10
1093,FOW%,Face-off win percentage,"Face-off win percentage is calculated as face-off wins divided by total face-off draws taken by a player or team, FOW/FO or FOW/(FOW+FOL). FOW% is available since 1997-98.",19971998,2019-11-14T15:02:10
1094,FOW,Face-off wins,Number of face-off wins - all situations,19971998,2019-11-14T15:02:10
1095,FO,Face-offs,Number of face-off draws taken by the player,19971998,2019-11-14T15:02:10
1096,1g,First goals,First goals is a count of how many times the player scored the first goal of a game for either team.,19171918,2019-11-14T15:04:51
1097,G Msct,Game misconduct penalties,"Game misconduct penalties can be imposed for severe cases of abuse of officials, stick infractions, physical fouls, and other infractions. The offending player is ejected from the game. For statistical purposes, 10 penalty minutes are added to the players PIM total.",19171918,2019-11-11T13:33:12
1098,GWG,Game-winning goals,"The game-winning goal is the goal that gives the winning team one more goal than the opponent's eventual final score, regardless of when it occurs in a game or what the score is at the time.",19171918,2019-11-11T13:33:12
1099,GP,Games played,"Games played are games where the player had at least one shift on the ice (or participated in the shootout). Players included on the active roster but scratched from the game day lineup do not register a game played. Backup goalies (or rarely, skaters) in the lineup who do not receive playing time do not register a game played. However, goalie (or skater) who appears only in the shootout also earns a game played despite zero minutes of ice time.",19171918,2019-11-11T13:33:12
1100,GR,Games relieved,"Goalie's games played where another goalie started the game for the team, calculated as games played minus games started. If a goalie started the game, was relieved, and returned later in the game, that counts as one game started and zero games relieved.",19171918,2019-11-11T13:33:12
1101,GS,Games started,"Goalie's games played where he started the game for the team. If a goalie started the game, was relieved, and returned later in the game, that counts as one game started and zero games relieved.",19171918,2019-11-11T13:33:12
1102,GvA,Giveaways,A giveaway is a form of turnover where the player makes an unforced error that results in giving the puck up to the opposition. Giveaways are available since 1997-98.,19971998,2019-11-11T13:33:12
1103,GvA/60,Giveaways per 60 minutes,Player's average rate of giveaways per 60 minutes of ice time,19971998,2019-11-11T13:33:12
1104,GD (or DIFF),Goal differential,"Goal differential is the number of goals a team scores minus the number of goals conceded, or GF - GA = GD. Shown as DIFF on Standings. See goals against; see goals for.",,2019-11-11T13:33:12
1105,G,Goals,"The last player to touch the puck before it fully crosses the opponent's goal line is awarded a goal scored. In rare cases where an opposing team's skater directs the puck into his own goal, the player of the attacking side who last touched the puck shall be credited with the goal. Unless specified, goal totals are for all situations (even strength, power play, shorthanded) combined.",19171918,2019-11-14T17:49:28
1106,G Back,Goals - backhand,Player's or team's goals on backhands,20092010,2019-11-11T13:33:12
1107,G Deflect,Goals - deflection,"Player's or team's goals on deflections. A deflection is a shot deflected off the player's body, not his stick.",20092010,2019-11-11T13:33:12
1108,G Slap,Goals - slap shot,Player's or team's goals on slap shots,20092010,2019-11-14T15:02:10
1109,G Snap,Goals - snap shot,Player's or team's goals on snap shots,20092010,2019-11-14T15:02:10
1110,G Tip,Goals - tip-in,"Player's or team's goals on tip-ins. A tip-in is a shot deflected off of the player's stick, not his body.",20092010,2019-11-11T13:33:12
1111,G Wrap,Goals - wraparound,Player's or team's goals on wraparounds,20092010,2019-11-11T13:33:12
1112,G Wrist,Goals - wrist shot,Player's or team's goals on wrist shots,20092010,2019-11-14T15:02:10
1113,G (5-on-5),Goals (5-on-5),Goals scored by the player  in 5-on-5 situations,20092010,2019-11-11T13:33:12
1114,GA,Goals against,"Goals against can refer to the total goals allowed by a team or by a goaltender. In the case of a team, goals against is compared with goals for to show a team's goal differential. See goal differential; see goals for.",,2019-11-11T13:33:12
1115,GR GA,Goals against in games relieved,"Goals against, only in goalie's games relieved",19171918,2019-11-11T13:33:12
1116,GS GA,Goals against in games started,"Goals against, only in goalie's games started",19171918,2019-11-11T13:33:12
1117,GA/GP,Goals against per game played,"For a team, goals against per game played is a top-level indication of the team's defense. On the Stats report, it includes empty net goals against but not shootout game-deciding goals against.",,2019-11-14T17:50:39
1118,GA/ROL,Goals against per regulation and overtime loss,"For a goalie, the average number of goals allowed per game lost in regulation and overtime (i.e. per non-shootout loss). A goalie with a relatively low GA/ROL and an above-average Sv% could be considered to have gotten poor Win-Loss results despite generally good performances.",,2019-11-14T17:52:20
1119,GF,Goals for (goalie),"Goals scored by a goalie's team while the goalie is on the ice. Akin to ""run support"" in baseball, it can give context to the number of wins and losses by the goalie.",19171918,2019-11-11T13:33:12
1120,GF,Goals for (team),"Goals for is the total goals scored by a team, that can be compared with goals against to show a team's goal differential. Note that on the Standings page, GF and GA for a team include shootout game-winning goals for and against. Therefore, for teams that have been involved in shootouts, GF and GA will be slightly different than GF and GA shown on the Stats pages. See goals against; see goal differential.",19971998,2019-11-11T13:33:12
1121,GF/GP,Goals for per game played,"For a team, goals for per game played is a top-level indication of the team's offense. On the Stats report, it includes empty net goals but not shootout game-deciding goals.",,2019-11-11T13:33:12
1122,Goals %,Goals for percentage,"Goals for percentage can be calculated similarly to SAT% and USAT% but using goals. For a team, it is calculated as GF/(GF + GA). For a skater, it is calculated as GF/(GF + GA) while player is on ice, generally at 5-on-5. Goals % can be compared with SAT% and USAT%. See sample size; see SAT%; see USAT%.",20092010,2019-11-11T13:33:12
1123,G/60 (5-on-5),Goals per 60 minutes (5-on-5),Goals scored by the player per 60 minutes in 5-on-5 situations,20092010,2019-11-11T13:33:12
1124,G/GP,Goals per game played,"In comparing the goal production of different players, goal totals can be divided by games played e.g. to account for players who have missed games due to injury or who have not spent the entire season in the NHL. However, this adjustment does not account for varying time on ice and varying special teams time. See even-strength stats; see goals.",19171918,2019-11-11T13:33:12
1125,GAA,Goals-against average,"Goals-against average is the average number of goals that a goaltender gives up per game, measured in 60-minute increments, calculated GAA = GA*60/time on ice.   See even-strength save percentage; see save percentage.",19171918,2019-11-14T17:53:08
1126,GFA,Goals-for average,"Goals scored by a goalie's team while the goalie is on the ice, per 60 minutes. The calculation is the same as goals-against average (GAA) but using goals for, GF. Akin to ""run support"" in baseball, it can give context to the number of wins and losses by the goalie.",19971998,2019-11-11T13:33:12
1127,HOF,Hall of Fame,Is the player currently in the Hall of Fame? Yes or no.,,2019-11-11T13:33:12
1128,Ht,Height,Player's height in inches,,2019-11-11T13:33:12
1129,Hits,Hits,Hits is the number of body checks delivered by a player on the opposing team's puck carrier. Hits is available since 1997-98.,19971998,2019-11-11T13:33:12
1130,Hits/60,Hits per 60 minutes,Player's average rate of hits per 60 minutes of ice time,19971998,2019-11-11T13:33:12
1131,Hits/GP,Hits per game played,Hits divided by games played,19971998,2019-11-11T13:33:12
1132,IG,Incomplete games,Goalie's number of games started in games where another goalie later played in the game for the team (even if only in the shootout). The game may be incomplete due to coach's decision or injury.,19171918,2019-11-11T13:33:12
1133,iSAT/60,Individual shot attempts per 60 minutes (5-on-5),"Player's own shot attempts (missed shots, attempts blocked, and shots on goal) per 60 minutes of ice time on ice. On a 5-on-5 report like Puck Possession, where all of the stats are 5-on-5, iSAT/60 is the player's own shot attempts for 60 minutes of 5-on-5 ice time.",20092010,2019-11-11T13:33:12
1134,GR L,Losses in in games relieved,"Losses, only in goalie's games relieved",19171918,2019-11-11T13:33:12
1135,GS L,Losses in in games started,"Losses, only in goalie's games started",19171918,2019-11-11T13:33:12
1136,Major,Major penalties,"A major penalty is a more severe penalty imposed for boarding, butt-ending, charging, checking from behind, clipping, cross-checking, elbowing, head-butting, hooking, interference, kneeing, slashing, or spearing, infractions which can also be called as minor penalties. If deemed a major, the offending player is penalized for 5 minutes, remaining in the penalty box regardless of the number of opponent goals scored. In addition, certain major penalties carry automatic game misconduct penalties. Fighting also results in a major penalty; however, since two players are almost always assessed coincidental fighting majors, there is typically no change in manpower for either team.",,2019-11-11T13:33:12
1137,Match,Match penalties,"A match penalty is imposed for injuring or attempting to injure an opponent due actions such as boarding, butt-ending, charging, checking from behind, clipping, cross-checking, elbowing, goalkeeper who uses his blocking glove to the head or face of an opponent, head-butting, high-sticking, punching an unsuspecting opponent, or spearing. The offending player is ejected from the game. The offender's team must select another player to serve a 5-minute penalty, akin to a major penalty. Further, the offending player is suspended indefinitely, pending review. 10 penalty minutes are added to the players PIM total.",,2019-11-14T17:54:03
1138,Minor,Minor penalties,"If not deemed a serious offense, a minor penalty can be assessed for boarding, butt-ending, charging, checking from behind, clipping, cross-checking, elbowing, head-butting, hooking, interference, kneeing, slashing, or spearing. In the case of serious infractions, a major penalty can be assessed. Minor penalties can also be assessed for broken stick, closing hand on puck, concealing puck with hand, delay of game, goalkeeper interference, high-sticking, holding, holding the stick, illegal check to the head, illegal equipment, illegal stick, instigator, leaving the penalty box too early, leaving the crease (goalkeeper), participating in the play beyond the center red line (goalkeeper), roughing, throwing the puck towards opponents goal, throwing stick, tripping, use of hand on face-off, and unsportsmanlike conduct. Minor penalties result in the offending player being sent to the penalty box for two minutes (or a substitute player, if the goalie has been penalized), or until a goal is scored by their opponent (except in the case of coincidental minors). Double-minor penalties, resulting in two consecutive 2-minute penalties for the offender, can be assessed for more severe butt-ending, head-butting, high-sticking, or spearing infractions. See also Bench penalties.",,2019-11-14T15:02:10
1139,Msct,Misconduct penalties,"A misconduct penalty typically occurs for abuse of officials, continued or excessively unruly conduct, or instigating a fight. The offending player serves 10 minutes in the penalty box without a loss of manpower on the ice typically in addition to other penalties.",,2019-11-11T13:33:12
1140,MsS,Missed shots,"Missed shots are the number of off-target shot attempts taken by a player or team that are unblocked but do not require a goalie save. They include shot attempts that are wide of the net (MsS Wide), over the net (MsS Over), or that hit the goalpost (MsS Post) or crossbar (MsS Cross). Missed shots are a component of both SAT and USAT, as they indicate an offensive presence and attempt to score off of implied puck possession. MsS is available since 1997-98. See SAT; see USAT.",19971998,2019-11-11T13:33:12
1141,Natnlty,Nationality,"The nationality listed is the one for which a player played on a national team, like in World Juniors or the Olympics; otherwise, it defaults to the same as his birth country. Some players have dual nationalities. See country.",,2019-11-11T13:33:12
1142,Net Minors/60,Net minor penalties per 60 minutes,"A player's minor penalties drawn minus minor penalties taken, per 60 minutes of 5-on-5 ice time. Forwards tend to have more positive scores than defensemen.",20092010,2019-11-11T13:33:12
1143,Net Pen,Net penalties,"Penalties drawn minus penalties taken. All penalty types, all situations. Forwards tend to have more positive scores than defensemen.",20092010,2019-11-11T13:33:12
1144,Net Pen/60,Net penalties per 60 minutes,"A player's penalties drawn minus penalties taken, per 60 minutes of ice time. All penalty types, all situations. Forwards tend to have more positive scores than defensemen.",20092010,2019-11-11T13:33:12
1145,Net PK%,Net penalty killing percentage,Net PK% is one minus a team's power play goals against (PP GA) minus its shorthanded goals for (SH GF) divided by its times shorthanded (TS). 0% means that every opponent power-play opportunity was successful and that no shorthanded goals were scored. It is possible for Net PK% to be greater than 100% if the team scores more shorthanded goals for than the power-play goals against that it allows.,,2019-11-14T17:59:32
1146,Net PP%,Net power play percentage,Net PP% is a team's power play goals for (PP GF) minus its shorthanded goals against (SH GA) divided by its power play opportunities (PP Opp). 100% means that every power play opportunity was successful and that no shorthanded goals were scored against. It is possible for Net PP% to be negative if the team scores less power play goals than the shorthanded goals against that it allows.,,2019-11-11T13:33:12
1147,NZ FOL,Neutral zone face-off losses,Number of neutral zone face-off losses,20092010,2019-11-14T15:02:10
1148,NZ FOW%,Neutral zone face-off win percentage,"Neutral zone face-off win percentage is calculated as neutral zone face-off wins divided by neutral zone face-off draws taken by a player, NZ FOW/NZ FO or NZ FOW/(NZ FOW + NZ FOL). NZ FOW% is available since 2009-10.",20092010,2019-11-14T15:02:10
1149,NZ FOW,Neutral zone face-off wins,Number of neutral zone face-off wins,20092010,2019-11-14T15:02:10
1150,NZ FO,Neutral zone face-offs,Number of neutral zone face-off draws taken by the player,20092010,2019-11-14T15:02:10
1151,OZ FOL,Offensive zone face-off losses,Number of offensive zone face-off losses,20092010,2019-11-14T15:02:10
1152,OZ%,Offensive zone face-off percentage (5-on-5),"Offensive zone face-off percentage (OZ%) is closely related to zone start percentage, and can be applied similarly. It is calculated at 5-on-5 and is an indication of a player's role at even strength. OZ% is the percentage of non-neutral zone face-offs that occur in the offensive zone while the player is on the ice. In other words, OZ% equals the number of offensive zone face-offs taken by his team while he is on the ice divided by the number of offensive zone plus defensive zone face-offs taken while he is on the ice. Players with OZ% well above 50% are being deployed offensively, and should expect a slight increase in stats like SAT% and points compared to a similar player at 50%. Conversely, players with a OZ% well under 50% are being deployed defensively, and should expect a slight decrease in stats like SAT% and points. OZ% is available since 2009-10.",20092010,2019-11-14T15:02:10
1153,OZ FOW%,Offensive zone face-off win percentage,"Offensive zone face-off win percentage is calculated as offensive zone face-off wins divided by offensive zone face-off draws taken by a player, OZ FOW/OZ FO or OZ FOW/(OZ FOW + OZ FOL). OZ FOW% is available since 2009-10.",20092010,2019-11-14T15:02:10
1154,OZ FOW,Offensive zone face-off wins,Number of offensive zone face-off wins,20092010,2019-11-14T15:02:10
1155,OZ FO,Offensive zone face-offs,Number of offensive zone face-off draws taken by the player,20092010,2019-11-14T15:02:10
1156,On-ice Sv%,On-ice save percentage (5-on-5),"5-on-5 on-ice save percentage is one of the two components of on-ice shooting percentage plus save percentage, S%+Sv%. On-ice Sv% is a measure of how well his team's goalies are performing while a skater is on the ice, a factor that is largely out of his control. It can be a partial explanation for unexpectedly good or poor plus-minus ratings. On-ice Sv% is available since 2009-10. See regression to the mean; see shooting percentage plus save percentage.",20092010,2019-11-11T13:33:12
1157,On-ice S%,On-ice shooting percentage (5-on-5),"5-on-5 on-ice shooting percentage is one of the two components of on-ice shooting percentage plus save percentage, S%+Sv%. On-ice S% is a measure of how well a player's teammates are capitalizing on turning shots into goals while he is on the ice, a factor that is largely out of his control. It can be a partial explanation for unexpectedly good or poor assist totals and plus-minus ratings. On-ice S% is available since 2009-10. See regression to the mean; see shooting percentage plus save percentage.",,2019-11-11T13:33:12
1158,On-ice S%+Sv%,On-ice shooting percentage plus save percentage (5-on-5),"On-ice S%+Sv% is the sum of the team's on-ice shooting percentage and on-ice save percentage in 5-on-5 situations while the player is on the ice. Its purpose is to estimate a player's good or bad fortune, often called ""puck luck"", during 5-on-5 play. A low value frequently portends future improvement in conventional stats, and vice versa. Only a handful of the NHL's most elite players have consistently had an on-ice S%+Sv% well over 100.0. Created by Tim Barnes, it is also known as PDO. See 5-on-5 shooting percentage; see plus-minus; see regression to the mean.",20092010,2019-11-11T13:33:12
1159,Overall,Overall pick number,"The overall pick number the player was selected in the NHL Entry Draft. Between 2006-2019, the Draft has included between 210-217 picks. A blank indicates an undrafted player.",19621963,2019-11-11T13:33:12
1160,OTG,Overtime goals,"Goals scored by the player in overtime. From 2005-06 to 2014-15, regular season overtime was 4-on-4. Starting in 2015-16, regular season overtime was 3-on-3.",,2019-11-11T13:33:12
1161,GR OT,Overtime losses in games relieved,"Overtime losses, only in goalie's games relieved",,2019-11-11T13:33:12
1162,GS OT,Overtime losses in games started,"Overtime losses, only in goalie's games started",,2019-11-11T13:33:12
1163,OT TOI,Overtime time on ice,Player's time on ice during overtime,20092010,2019-11-11T13:33:12
1164,OT TOI/OT GP,Overtime time on ice per overtime game played,"Player's time on ice during overtime, per overtime game his team participated in. From 2005-06 to 2014-15, regular season overtime was 4-on-4. Starting in 2015-16, regular season overtime was 3-on-3.",20092010,2019-11-11T13:33:12
1165,Pen Drawn,Penalties drawn,"Number of penalties drawn by the player. All penalty types, all situations.",20092010,2019-11-11T13:33:12
1166,Pen Drawn/60,Penalties drawn per 60 minutes,Penalties drawn per 60 minutes of ice time by the player,20092010,2019-11-11T13:33:12
1167,Pen Taken,Penalties taken,"Number of penalties taken by the player. All penalty types, all situations.",20092010,2019-11-11T13:33:12
1168,Pen Taken/60,Penalties taken per 60 minutes,Penalties taken per 60 minutes of ice time by the player,20092010,2019-11-11T13:33:12
1169,PK%,Penalty killing percentage,"PK% is one minus a team's power play goals against (PP GA) divided by its times shorthanded (TS), where 100% is best and 0% is worst.",,2019-11-11T13:33:12
1170,PIM,Penalty minutes,"Penalty minutes are a total of all penalty minutes, whether those penalties caused an opposition power play or not. See penalties drawn; see penalties taken; see net penalties.",19171918,2019-11-11T13:33:12
1171,PIM/GP,Penalty minutes per game played,Penalty minutes divided by games played,19971998,2019-11-11T13:33:12
1172,PIM/TOI,Penalty minutes per time on ice,"Player's penalty minutes compared to his time on ice. Shown as a percent, it can exceed 100%.",19971998,2019-11-11T13:33:12
1173,PS Att,Penalty shot attempts,"A penalty shot is awarded when a player in possession and control of the puck is fouled from behind, with no opposing skater between him and the opposing goalkeeper. If the opposing goalie has been pulled, leaving an empty net, a goal is automatically awarded instead. The penalty shot attempt takes the place of a power play, and no time elapses off the game clock.",,2019-11-11T13:33:12
1174,PS SA,Penalty shot attempts against,"For a goalie, penalty shot attempts against. A penalty shot is awarded when a player in possession and control of the puck is fouled from behind, with no opposing skater between him and the opposing goalkeeper. If the opposing goalie has been pulled, leaving an empty net, a goal is automatically awarded instead. The penalty shot attempt takes the place of a power play, and no time elapses off the game clock.",,2019-11-11T13:33:12
1175,PS G,Penalty shot goals,"A penalty shot is awarded when a player in possession and control of the puck is fouled from behind, with no opposing skater between him and the opposing goalkeeper. If the opposing goalie has been pulled, leaving an empty net, a goal is automatically awarded instead. Compare penalty shot goals to the total number of penalty shot attempts.",19171918,2019-11-11T13:33:12
1176,PS GA,Penalty shot goals against,"For a team, how many goals against were scored by penalty shots. For a goalie, penalty shot goals against. A penalty shot is awarded when a player in possession and control of the puck is fouled from behind, with no opposing skater between him and the opposing goalkeeper. If the opposing goalie has been pulled, leaving an empty net, a goal is automatically awarded instead. Compare penalty shot goals against to the total number of penalty shot attempts against.",,2019-11-11T13:33:12
1177,PS GF,Penalty shot goals for,"For a team, how many goals for were scored by penalty shots",,2019-11-11T13:33:12
1178,PS Sv%,Penalty shot save percentage,"A penalty shot is awarded when a player in possession and control of the puck is fouled from behind, with no opposing skater between him and the opposing goalkeeper. If the opposing goalie has been pulled, leaving an empty net, a goal is automatically awarded instead. Penalty shot save percentage differs from conventional shooting percentage in that all failures to score count as attempts, not just shots on goal. In other words, PS Sv% = PS Svs/PS SA.",,2019-11-14T15:07:20
1179,PS S%,Penalty shot shooting percentage,"A penalty shot is awarded when a player in possession and control of the puck is fouled from behind, with no opposing skater between him and the opposing goalkeeper. If the opposing goalie has been pulled, leaving an empty net, a goal is automatically awarded instead. Penalty shot shooting percentage differs from conventional shooting percentage in that all failures to score count as attempts, not just shots on goal. In other words, PS S% = PS G/PS Att.",,2019-11-11T13:33:12
1180,PS F,Penalty shots failed,"A penalty shot is awarded when a player in possession and control of the puck is fouled from behind, with no opposing skater between him and the opposing goalkeeper. If the opposing goalie has been pulled, leaving an empty net, a goal is automatically awarded instead. Penalty shots failed includes any non-goal results such as shots that miss the net.",,2019-11-11T13:33:12
1181,PS Svs,Penalty shots saves,"For a goalie, penalty shot attempts against that do not result in a goal. A penalty shot is awarded when a player in possession and control of the puck is fouled from behind, with no opposing skater between him and the opposing goalkeeper. If the opposing goalie has been pulled, leaving an empty net, a goal is automatically awarded instead. Penalty saves include any non-goal results such as shots that miss the net.",,2019-11-11T13:33:12
1182,1st Season,Player's first season in the NHL,The first season the player recorded one NHL game played of that season type (regular season or playoffs). See games played.,19171918,2019-11-11T13:33:12
1183,PP TOI%,Player's percentage of team power play time on ice,Percentage of the team's overall power play time played by the player,19971998,2019-11-11T13:33:12
1184,SH TOI%,Player's percentage of team shorthanded time on ice,Percentage of the team's overall shorthanded time played by the player,19971998,2019-11-11T13:33:12
1185,+/-,Plus-minus,"In a sense, plus-minus was hockey's first enhanced stat, becoming an official NHL statistic in 1959-60. Plus-minus is a team's goal differential while a particular player is on the ice, excluding power play goals for and against but including empty net situations. All the skaters on the ice receive a plus or minus when an even-strength goal or shorthanded goal is scored depending on which team scored; plus-minus is not tracked for goalies.",19591960,2019-11-14T17:55:06
1186,P,Points,"Goals plus assists equals points. Unless otherwise specified, point totals are for all situations (even strength, power play, shorthanded) combined. Since only one point can be awarded on a goal to a player (either a goal or an assist), the goal scorer cannot get an assist as well, even if he was involved in passing the puck before scoring the goal. See assists; see goals.",19171918,2019-11-11T13:33:12
1187,P (5-on-5),Points (5-on-5),Player's own points in 5-on-5 situations,20092010,2019-11-11T13:33:12
1188,P (Standings),Points (in the Standings),"Standings points for a team (or goalie): two points for a win (in regulation, in overtime, or in the shootout), one point for an overtime or shootout loss (since 2005-06), one point for a tie (prior to 2005-06), and zero points for a loss.",,2019-11-11T13:33:12
1189,P/60 (5-on-5),Points per 60 minutes (5-on-5),Player's own points per 60 minutes in 5-on-5 situations,20092010,2019-11-11T13:33:12
1190,P/GP,Points per game played,"In comparing the point production of different players, point totals can be divided by games played (e.g. to account for players who have missed games due to injury or who have not spent the entire season in the NHL). However, this adjustment does not account for varying time on ice and varying special teams time. See points; see even-strength points per 60.",19171918,2019-11-11T13:33:12
1191,P%,Points percentage,"For a team, the percentage of points per game played. For a goalie, the percentage of points per game played where he was involved in the decision. P% can be between .000 and 2.000 (0% to 200%).",,2019-11-11T13:33:12
1192,Pos,Position,Current position of player,,2019-11-14T17:55:37
1193,PPA,Power play assists,Player's own assists on the power play. See assists.,19331934,2019-11-11T13:33:12
1194,PPA/60,Power play assists per 60 minutes,Player's own power play assists per 60 minutes of power play ice time. See assists.,19971998,2019-11-11T13:33:12
1195,PP FOL,Power play face-off losses,Number of power play face-off losses,19971998,2019-11-14T15:02:10
1196,PP FOW%,Power play face-off win percentage,"Power play face-off win percentage is calculated as power play face-off wins divided by power play face-off draws taken by a player, PP FOW/PP FO or PP FOW/(PP FOW + PP FOL). PP FOW% is available since 1997-98.",19971998,2019-11-14T15:02:10
1197,PP FOW,Power play face-off wins,Number of power play face-off wins,19971998,2019-11-14T15:02:10
1198,PP FO,Power play face-offs,Number of power play face-off draws taken by the player,19971998,2019-11-14T15:02:10
1199,PP GD,Power play goal differential,"Power play goal differential equals power play goals for minus shorthanded goals against, crediting a team or on-ice player for minimizing shorthanded goals against in addition to scoring power play goals for. This stat is expected to be positive except in exceptional cases.",,2019-11-11T13:33:12
1200,PP GD/GP,Power play goal differential per game played,Power play goal differential per game played. See power play goal differential.,,2019-11-11T13:33:12
1201,PPG,Power play goals,Player's own power play goals. See goals.,19331934,2019-11-11T13:33:12
1202,PP GA,Power play goals against,"For a team, goals against while the opponent is on the power play. For a skater, goals against while the opponent is on the power play and the skater is on the ice.",,2019-11-11T13:33:12
1203,PP GA/60,Power play goals against per 60 minutes,"PP GA/60 measures a player's penalty killing effectiveness, by giving the average number of opponent power play goals that were scored per 60 minutes of his shorthanded time on ice. As power play goals against are heavily influenced by teammates and goalie save percentage, this metric should be used cautiously, noting uncertainties caused by sample size. See sample size.",,2019-11-11T13:33:12
1204,PP GA/GP,Power play goals against per game played,Power play goals against per game played. See power play goals against.,,2019-11-11T13:33:12
1205,PP GF,Power play goals for,"For a team, goals for while on the power play. For a skater, goals for while on the power play and the skater is on the ice.",,2019-11-11T13:33:12
1206,PP GF/60,Power play goals for per 60 minutes,"PP GF/60 measures a player's impact on the power play, by giving the average number of power play goals scored per 60 minutes of his power play time on ice. As power play goals against are heavily influenced by teammates and opponent's save percentage, this metric should be used cautiously, noting uncertainties caused by sample size. See sample size.",,2019-11-11T13:33:12
1207,PP GF/GP,Power play goals for per game played,Power play goals for per game played. See power play goals for.,,2019-11-11T13:33:12
1208,PPG/60,Power play goals per 60 minutes,Player's own power play goals per 60 minutes of power play time on ice,20092010,2019-11-11T13:33:12
1209,PP iSAT,Power play individual shot attempts,"Player's own shot attempts (missed shots, attempts blocked, and shots on goal) while on the power play",20092010,2019-11-11T13:33:12
1210,PP iSAT/60,Power play individual shot attempts per 60 minutes,"Player's own shot attempts (missed shots, attempts blocked, and shots on goal) per 60 minutes of power play time on ice",20092010,2019-11-11T13:33:12
1211,PP Opp,Power play opportunities,"Number of chances a team has to score on the power play. It is used as a component of power play percentage, PP%, and net power play percentage, Net PP%.",,2019-11-11T13:33:12
1212,PP Opp/GP,Power play opportunities per game played,"Number of chances a team has to score on the power play, divided by games played, to give the per-game average",,2019-11-11T13:33:12
1213,PP%,Power play percentage,"PP% is a team's power play goals for (PP GF) divided by its power play opportunities (PP Opp), where 100% is best and 0% is worst.",,2019-11-11T13:33:12
1214,PPP,Power play points,Player's own power play points. See points.,19331934,2019-11-11T13:33:12
1215,PPP/60,Power play points per 60 minutes,Player's own power play points per 60 minutes of power play time on ice,20092010,2019-11-11T13:33:12
1216,PPA1,Power play primary assists,Player's own primary assists on the power play. See primary assists.,19971998,2019-11-11T13:33:12
1217,PPA1/60,Power play primary assists per 60 minutes,Player's own power play primary assists per 60 minutes of power play time on ice. See primary assists.,20092010,2019-11-11T13:33:12
1218,PP Sv%,Power play save percentage,"Power play save percentage is a goalie's save percentage while the opposing team is on the power play (and his team is shorthanded). PP Sv% tends to be much lower than EV Sv% (and overall Sv%), given the higher quality shots that can be taken during the opponent's power play. Further, a goalie's PP Sv% tends to be volatile from season to season due to small sample size. PP Sv% is available since 1997-98.",19971998,2019-11-11T13:33:12
1219,PP Svs,Power play saves,"Saves by a goalie or a team, while their opponent is on the power play",19971998,2019-11-11T13:33:12
1220,PPA2,Power play secondary assists,Player's own secondary assists on the power play. See secondary assists.,19971998,2019-11-11T13:33:12
1221,PPA2/60,Power play secondary assists per 60 minutes,Player's own power play secondary assists scored per 60 minutes of power play time on ice. See secondary assists.,20092010,2019-11-11T13:33:12
1222,PP S%,Power play shooting percentage,Player's own shooting percentage while on the power play,19971998,2019-11-11T13:33:12
1223,PP Shots,Power play shots,Player's own power play shots,19971998,2019-11-11T13:33:12
1224,PP SA,Power play shots against,"Shots against are the number of shots on goal against a goalie or a team, while their opponent is on the power play. Attempts blocked and missed shots are not included.",19971998,2019-11-11T13:33:12
1225,PP S/60,Power play shots per 60 minutes,Player's own power play shots per 60 minutes of power play time on ice,19971998,2019-11-11T13:33:12
1226,PP TOI,Power play time on ice,"Power play time on ice is the time on ice that a player spends in power play situations, when his team has a man advantage on the opposing team. PP TOI is available since 1997-98.",19971998,2019-11-11T13:33:12
1227,PP TOI/GP,Power play time on ice per game played,A player's power play time on ice divided by games played,19971998,2019-11-11T13:33:12
1228,A1,Primary assists,A primary assist (or first assist) is awarded to the teammate who touched the puck directly before the goal scorer. Primary assists are differentiated from secondary assists. The sum of goals and primary assists is often called primary points. See assists; see goals.,19171918,2019-11-14T15:07:57
1229,A1 (5-on-5),Primary assists (5-on-5),Player's own primary assists in 5-on-5 situations,20092010,2019-11-11T13:33:12
1230,A1/60 (5-on-5),Primary assists per 60 minutes (5-on-5),Player's own primary assists per 60 minutes in 5-on-5 situations,20092010,2019-11-11T13:33:12
1231,A1/GP,Primary assists per game played,Primary assists divided by games played. See assists; see assists per games played; see primary assists.,19171918,2019-11-11T13:33:12
1232,General concepts,Puck possession,"Puck possession is a term that has been used to describe how well a team or player directs play at the opposition net, using the assumption that a team possessing the puck more would also get a higher percentage of shots, shot attempts, or unblocked shot attempts than their opponents. Technically speaking, shot-based metrics such as SAT and USAT are puck possession proxies, shot-based estimates of puck possession, rather than actual puck possession. In any case, both literal and figurative puck possession have a high correlation with winning and predicting future performance. See SAT; see USAT.",,2019-11-11T13:33:12
1233,General concepts,Regression to the mean,"Regression to the mean is a term that refers to the phenomenon of statistical measures tending to return to their average value over time. For example, if Player A's career shooting percentage is 8.0% but he shot 11.0% last season, he will likely regress closer to 8.0% the following season. Though more frequently used negatively, the term can have a positive connotation if a player is expected to improve back to a career or recent average. See plus-minus, see sample size; see shooting percentage plus save percentage.",,2019-11-11T13:33:12
1234,ROL,Regulation and overtime losses,"For a goalie, the number of regulation and overtime losses. In other words, the goalie's losses not including shootout losses.",,2019-11-11T13:33:12
1235,ROW,Regulation plus overtime wins,"Regulation plus overtime wins are a teams wins, not counting shootout wins. ROW is used as one of the tiebreakers in the Standings (e.g. for determining playoff teams and seeding).",,2019-11-11T13:33:12
1236,SAT% Relative,Relative shot attempts percentage,Relative SAT percentage is a player's SAT% minus the team's SAT% while the player was not on the ice. A positive value indicates a player who performed better than the team average and a negative value indicates a player who performed worse than the team average. See SAT; see SAT%.,20092010,2019-11-11T13:33:12
1237,USAT% Relative,Relative unblocked shot attempts percentage,Relative USAT percentage is a player's USAT% minus the team's USAT% while the player was not on the ice. A positive value indicates a player who performed better than the team average and a negative value indicates a player who performed worse than the team average. See USAT; see USAT%.,20092010,2019-11-11T13:33:12
1238,General concepts,Rookie,1917-18: All players are rookies.  1918-19 - 1967-68 (inclusive): A player cannot have played more than 20 games in any single preceding season nor six or more games in each of any two preceding seasons.  1968-69 - 1972-73 (inclusive): A player cannot have played more than 25 games in any single preceding season nor six or more games in each of any two preceding seasons.  1973-74 - 1986-87 (inclusive): A player cannot have played more than 25 games in any single preceding season nor six or more games in each of any two preceding seasons in any major professional league (NHL or WHA).  1987-88 - 1989-90 (inclusive): A player cannot have played more than 25 games in any single preceding season nor six or more games in each of any two preceding seasons in any major professional league (NHL or WHA).  1990-91 - present (inclusive): A player cannot have played more than 25 games in any single preceding season nor six or more games in each of any two preceding seasons in any major professional league (NHL or WHA) and also must not have attained his twenty-sixth birthday by September 15th of the season in which he is eligible.,19171918,2019-12-06T16:47:08
1239,General concepts,Sample size,"Sample size is a statistical term referring to the amount of data on which an analysis is based. When a stat is based on a small sample size, the implication is that the stat or result may not be indicative of the player's or team's actual skill level due to a statistically short stretch of good or bad fortune. With a large enough sample size, cold and hot streaks tend to even out, making stats indicative of actual skill level. See plus/minus; see regression to the mean; see shooting percentage plus save percentage; see SAT; see USAT.",,2019-11-11T13:33:12
1240,Sv%,Save percentage,"Save percentage is the percentage of shots on goal that a goalie prevents from going in his team's net, calculated by Sv% = SV / SA. Only shots on goal are considered, as a goaltender does not need to defend against attempts that are blocked by his teammates or attempts that miss the goal frame. Hitting the post or the crossbar of the goal does not count as a shot on goal, but as a missed shot (MsS). The NHL began officially tracking save percentage in 1955-56. See shooting percentage.",19551956,2024-10-11T16:00:58
1241,0 Days Sv%,Save percentage in games played on 0 Days Rest,Goalie's save percentage in games played on 0 Days of Rest (i.e. games played are in back-to-back days).,19971998,2019-11-11T13:33:12
1242,1 Day Sv%,Save percentage in games played on 1 Day Rest,Goalie's save percentage in games played on 1 day of rest (i.e. there is one day in between games played),19971998,2019-11-11T13:33:12
1243,2 Days Sv%,Save percentage in games played on 2 Days Rest,Goalie's save percentage in games played on 2 days of rest (i.e. there are two days in between games played),19971998,2019-11-11T13:33:12
1244,3 Days Sv%,Save percentage in games played on 3 Days Rest,Goalie's save percentage in games played on 3 days of rest (i.e. there are three days in between games played),19971998,2019-11-11T13:33:12
1245,4+ Days Sv%,Save percentage in games played on 4+ Days Rest,Goalie's save percentage in games played on 4 or more days of rest (i.e. there are four or more days in between games played),19971998,2019-11-11T13:33:12
1246,GR Sv%,Save percentage in games relieved,"Save percentage, only in goalie's games relieved",19591960,2019-11-11T13:33:12
1247,GS Sv%,Save percentage in games started,"Save percentage, only in goalie's games started",19591960,2019-11-11T13:33:12
1248,Sv,Saves,"Saves are the number of shots against (SA) that are stopped by a goalie. Opponent shots minus saves equals goals against, or SA - SV = GA.",19551956,2019-11-11T13:33:12
1249,GR Sv,Saves in games relieved,"Saves, only in goalie's games relieved",19591960,2019-11-11T13:33:12
1250,GS Sv,Saves in games started,"Saves, only in goalie's games started",19591960,2019-11-11T13:33:12
1251,General concepts,Score effects,"The tendency of teams to play to the score of the game in the context of the time remaining in the game is called score effects. Teams playing from behind tend to take more shots but are less likely to score, while teams playing with the lead tend to take fewer shots but are more likely to score. An example of score effects would be when a team plays more defensively and cautiously while leading late in a game, primarily looking for low-risk/high-reward offense off of opportunistic counterattacks. Consequently, score effects should be recognized and/or adjusted for when looking at shot-based metrics like SAT% and USAT%. See Close or close game; see SAT%; see USAT%; see USAT% close.",,2019-11-14T17:56:28
1252,A2,Secondary assists,A secondary assist (or second assist) is awarded to the player who touched the puck two players before the goal scorer. Secondary assists are differentiated from primary assists. See assists; see goals.,19171918,2019-11-14T15:09:12
1253,A2 (5-on-5),Secondary assists (5-on-5),Player's own secondary assists in 5-on-5 situations,20092010,2019-11-11T13:33:12
1254,A2/60 (5-on-5),Secondary assists per 60 minutes (5-on-5),Player's own secondary assists per 60 minutes in 5-on-5 situations,20092010,2019-11-11T13:33:12
1255,A2/GP,Secondary assists per game played,Secondary assists divided by games played. See assists; see assists per games played; see secondary assists.,19171918,2019-11-11T13:33:12
1256,S%,Shooting percentage,"The percentage of shots on goal (by a team or player) that go in the net, calculated as goals divided by shots. Shooting percentage does not take missed shots or blocked shots into consideration, only shots that were saved by the goalie or scored a goal. The NHL began officially tracking shooting percentage in the 1959-60 season. See save percentage.",19591960,2019-11-11T13:33:12
1257,S% (5-on-5),Shooting percentage (5-on-5),Player's own shooting percentage in 5-on-5 situations,20092010,2019-11-11T13:33:12
1258,S% Back,Shooting percentage on backhand shots,Player's or team's shooting percentage on backhands,20092010,2019-11-11T13:33:12
1259,S% Deflect,Shooting percentage on deflections,"Player's or team's shooting percentage on deflections. A deflection is a shot deflected off the player's body, not his stick.",20092010,2019-11-11T13:33:12
1260,S% Slap,Shooting percentage on slap shots,Player's or team's shooting percentage on slap shots,20092010,2019-11-14T15:02:10
1261,S% Snap,Shooting percentage on snap shots,Player's or team's shooting percentage on snap shots,20092010,2019-11-14T15:02:10
1262,S% Tip,Shooting percentage on tip-ins,"Player's or team's shooting percentage on tip-ins. A tip-in is a shot deflected off of the player's stick, not his body.",20092010,2019-11-11T13:33:12
1263,S% Wrap,Shooting percentage on wraparounds,Player's or team's shooting percentage on wraparounds,20092010,2019-11-11T13:33:12
1264,S% Wrist,Shooting percentage on wrist shots,Player's or team's shooting percentage on wrist shots,20092010,2019-11-14T15:02:10
1265,SO S/A,Shootout attempts against,"For a goalie or team, shootout attempts against",,2019-11-11T13:33:12
1266,GDG,Shootout game-deciding goals,Player's game-deciding shootout goals. It can be compared with shootout goals for his career on the same report.,20052006,2019-11-11T13:33:12
1268,S/O GP,Shootout games played,"For a goalie or skater, the number of games played where his team went to the shootout. For a skater, it can be compared to shootout shot attempts to see how often he was utilized in the shootout (keeping in mind that the third-announced shooter does not shoot if the shootout ends 2-0 after two rounds).",,2019-11-11T13:33:12
1269,SO G,Shootout goals,Player's shootout goals. It can be compared with shootout goals for his career on the same report.,20052006,2019-11-11T13:33:12
1270,S/O GA,Shootout goals against,"For a goalie or team, shootout goals against",,2019-11-11T13:33:12
1271,S/O Sv%,Shootout save percentage,"Shootout save percentage differs from conventional save percentage in that all failures to score count as attempts, not just shots on goal. Shootout save percentage equals shootout saves divided by shootout attempts against.",,2019-11-11T13:33:12
1273,S/O S%,Shootout shooting percentage,"Shootout shooting percentage differs from conventional shooting percentage in that all failures to score count as attempts, not just shots on goal. In other words, shootout shooting percentage equals shootout goals divided by shootout attempts.",,2019-11-11T13:33:12
1274,S/O S%+Sv%,Shootout shooting percentage plus save percentage,A team with a shootout shooting percentage plus shootout save percentage over 100.0% has performed above average on a per-attempt level.,,2019-11-11T13:33:12
1275,SO S,Shootout shot attempts,Player's shootout shot attempts (including missed shots and otherwise failed attempts). It can be compared with shootout shot attempts for his career on the same report.,20052006,2019-11-11T13:33:12
1276,General concepts,"Shootout stats, career","Skater and goalie shootout reports provide both shootout stats for the current time period selected (the default is the current season) and for the player's career. Because of the small sample size of shootout attempts in a season, particularly for skaters, it is useful to compare season stats with career stats, side by side. See sample size.",,2019-11-11T13:33:12
1277,S/O W%,Shootout win percentage,"For a goalie, the percentage of shootout games won by his team in games where he participated in the shootout.",,2019-11-11T13:33:12
1278,S/O Win,Shootout wins,Number of team wins via the shootout.,20052006,2019-11-11T13:33:12
1279,S/O Saves,Shootout saves,"For a goalie or team, shootout saves.",,2019-11-14T15:10:41
1280,S/C,Shoots/catches,"Shoots/catches indicates which side a skater shoots from or which side a goalie's catching glove is on. In both cases, there are more skaters that shoot from the left and goalies that catch on the left. S/C is not an indication of conventional left or right handedness.",19171918,2019-11-11T13:33:12
1281,SHA,Shorthanded assists,Player's own assists while shorthanded. See assists.,19331934,2019-11-11T13:33:12
1282,SHA/60,Shorthanded assists per 60 minutes,Player's own shorthanded assists per 60 minutes of shorthanded ice time. See assists.,19971998,2019-11-11T13:33:12
1283,SH FOL,Shorthanded face-off losses,Number of shorthanded face-off losses,19971998,2019-11-14T15:02:10
1284,SH FOW%,Shorthanded face-off win percentage,"Shorthanded face-off win percentage is calculated as shorthanded face-off wins divided by shorthanded face-off draws taken by a player, SH FOW/SH FO or SH FOW/(SH FOW + SH FOL). SH FOW% is available since 1997-98.",19971998,2019-11-14T15:02:10
1285,SH FOW,Shorthanded face-off wins,Number of shorthanded face-off wins,19971998,2019-11-14T15:02:10
1286,SH FO,Shorthanded face-offs,Number of shorthanded face-off draws taken by the player,19971998,2019-11-14T15:02:10
1287,SH GD,Shorthanded goal differential,"Shorthanded goal differential equals shorthanded goals for minus power play goals against, crediting a team or on-ice player for shorthanded goals for in mitigating the number of power play goals against. This stat is expected to be negative except in exceptional cases.",,2019-11-11T13:33:12
1288,SH GD/GP,Shorthanded goal differential per game played,Shorthanded goal differential per game played. See shorthanded goal differential.,,2019-11-11T13:33:12
1289,SHG,Shorthanded goals,Player's own shorthanded goals. See goals.,19331934,2019-11-11T13:33:12
1290,SH GA,Shorthanded goals against,"For a team, goals against while the opponent is shorthanded. For a skater, goals against while the opponent is shorthanded and the skater is on the ice.",,2019-11-11T13:33:12
1291,SH GA/GP,Shorthanded goals against per game played,Shorthanded goals against per game played. See shorthanded goals against.,,2019-11-11T13:33:12
1292,SH GF,Shorthanded goals for,"For a team, goals for while shorthanded. For a skater, goals for while shorthanded and the skater is on the ice.",,2019-11-14T17:57:29
1293,SH GF/GP,Shorthanded goals for per game played,Shorthanded goals for per game played. See shorthanded goals for.,,2019-11-11T13:33:12
1294,SHG/60,Shorthanded goals per 60 minutes,Player's own shorthanded goals per 60 minutes of shorthanded time on ice,20092010,2019-11-11T13:33:12
1295,SH iSAT,Shorthanded individual shot attempts,"Player's own shot attempts (missed shots, attempts blocked, and shots on goal) while shorthanded",20092010,2019-11-11T13:33:12
1296,SH iSAT/60,Shorthanded individual shot attempts per 60 minutes,"Player's own shot attempts (missed shots, attempts blocked, and shots on goal) per 60 minutes of shorthanded time on ice",20092010,2019-11-11T13:33:12
1297,SHP,Shorthanded points,Player's own shorthanded points. See points.,19331934,2019-11-11T13:33:12
1298,SHP/60,Shorthanded points per 60 minutes,Player's own shorthanded points per 60 minutes of shorthanded time on ice,20092010,2019-11-11T13:33:12
1299,SHA1,Shorthanded primary assists,Player's own primary assists while shorthanded. See primary assists.,19971998,2019-11-11T13:33:12
1300,SHA1/60,Shorthanded primary assists per 60 minutes,Player's own shorthanded primary assists per 60 minutes of shorthanded time on ice. See primary assists.,20092010,2019-11-11T13:33:12
1301,SH Sv%,Shorthanded save percentage,"Shorthanded save percentage is a goalie's save percentage while the opposing team is shorthanded (and his team is on the power play). Due to the very small number of shorthanded shots a goalie faces during a season, often on breakaways and odd-man rushes, SH Sv% is very volatile. SH Sv% is available since 1997-98.",19971998,2019-11-11T13:33:12
1302,SH Svs,Shorthanded saves,"Saves by a goalie or a team, while their opponent is shorthanded",19971998,2019-11-11T13:33:12
1303,SHA2,Shorthanded secondary assists,Player's own secondary assists while shorthanded. See secondary assists.,19971998,2019-11-11T13:33:12
1304,SHA2/60,Shorthanded secondary assists per 60 minutes,Player's own shorthanded secondary assists scored per 60 minutes of shorthanded time on ice. See secondary assists.,20092010,2019-11-11T13:33:12
1305,SH S%,Shorthanded shooting percentage,Player's own shooting percentage while shorthanded,19971998,2019-11-11T13:33:12
1306,SH Shots,Shorthanded shots,Player's own shorthanded shots,19971998,2019-11-11T13:33:12
1307,SH SA,Shorthanded shots against,"Shots against are the number of shots on goal against a goalie or a team, while their opponent is shorthanded. Attempts blocked and missed shots are not included.",19971998,2019-11-11T13:33:12
1308,SH S/60,Shorthanded shots per 60 minutes,Player's own shorthanded shots per 60 minutes of shorthanded time on ice,19971998,2019-11-11T13:33:12
1309,SH TOI,Shorthanded time on ice,"Shorthanded time on ice is the time on ice that a player spends in shorthanded, or penalty killing, situations. SHTOI is available since 1997-98.",19971998,2019-11-11T13:33:12
1310,SH TOI/GP,Shorthanded time on ice per game played,A player's shorthanded time on ice divided by games played,19971998,2019-11-11T13:33:12
1311,SAT,Shot attempt differential,"SAT, also known as Corsi, is a plus-minus statistic that measures shot attempts instead of goals. While he is on the ice, a player receives a plus for any shot attempt (on goal, missed, or blocked) that his team directs toward the opponents goal, and a minus for any shot attempt (on goal, missed, or blocked) toward his goal. Only 5-on-5 shot attempts are currently counted. The reason for looking at SAT (or alternatively, USAT, which excludes blocked shots) instead of plus-minus is to take advantage of the much larger sample size of shot attempts than goals, and to remove the influence of varying goaltending performance from a measure of skater performance. SAT can be represented by a differential, like plus-minus, where a positive number is above average (which is how SAT is displayed on nhl.com), or as a percentage, where over 50% is above average (shown by SAT% on nhl.com). Though SAT is a common proxy for puck possession, it does not measure actual puck possession time. SAT (and USAT) are also calculated when the player's team is ahead or behind in the score, or tied, or when the score is close. SAT is available since 2009-10. See blocked shots; see close or close game; see missed shots; see puck possession; see score effects; see SAT%; see shots; see USAT.",20092010,2019-11-11T13:33:12
1312,SAT Agst,Shot attempts against,"For a team, SAT Agst is the number of shot attempts against a team. For a player, SAT Agst is the number of shot attempts against the team while he is on the ice. SAT Agst is commonly paired with SAT For, to show a team's shot attempt differential, or SAT. SAT is available since 2009-10; it is calculated for 5-on-5 situations. See SAT; see SAT%.",20092010,2019-11-11T13:33:12
1313,SAT For,Shot attempts for,"For a team, SAT For is the number of shot attempts by a team. For a player, SAT For is the number of shot attempts by the team while he is on the ice. SAT For is commonly paired with SAT Agst, to show a team's shot attempt differential, or SAT. SAT is available since 2009-10; it is calculated for 5-on-5 situations. See SAT; see SAT%.",20092010,2019-11-11T13:33:12
1314,SAT%,Shot attempts percentage,"For a team, SAT% is the percentage of shot attempts that the team takes out of total shot attempts. In other words, SAT% = SAT For/(SAT For + SAT Against). For a player, it is the percentage of shots attempts the team takes, out of total shot attempts, while the player is on the ice. SAT% is also known as Corsi for percentage, or CF%. Only 5-on-5 shot attempts are currently counted. SAT% is available since 2009-10. See goals for percentage; see puck possession; see Relative SAT percentage; see USAT%.",20092010,2019-11-11T13:33:12
1315,SAT% Close,Shot attempts percentage in close game situations,A close game is defined as a game within a single goal in the first two periods or tied in the third period or overtime. SAT% close is available since 2009-10. See close or close game; see SAT%; see USAT% close.,20092010,2019-11-11T13:33:12
1316,SAT% Ahead,Shot attempts percentage while ahead,SAT% Ahead only counts SAT% for a team or player while the team is ahead in the score. It can be compared against SAT% or SAT% under different score situations. SAT% is available since 2009-10. See score effects; see SAT; see SAT%.,20092010,2019-11-11T13:33:12
1317,SAT% Behind,Shot attempts percentage while behind,SAT% Behind only counts SAT% for a team or player while the team is behind in the score. It can be compared against SAT% or SAT% under different score situations. SAT% is available since 2009-10. See score effects; see SAT; see SAT%.,20092010,2019-11-11T13:33:12
1318,SAT% Tied,Shot attempts percentage while tied,SAT% Tied only counts SAT% for a team or player while the team is tied in the score. It can be compared against SAT% or SAT% under different score situations. SAT% is available since 2009-10. See score effects; see SAT; see SAT%.,20092010,2019-11-11T13:33:12
1319,SAT Ahead,Shot attempts while ahead,"SAT Ahead equals SAT for minus SAT against, while the team or the on-ice skater's team is ahead in the score. SAT is available since 2009-10; it is calculated for 5-on-5 situations. See score effects; see SAT.",20092010,2019-11-11T13:33:12
1320,SAT Behind,Shot attempts while behind,"SAT Behind equals SAT for minus SAT against, while the team or the on-ice skater's team is behind in the score. SAT is available since 2009-10; it is calculated for 5-on-5 situations. See score effects; see SAT.",20092010,2019-11-11T13:33:12
1321,SAT Tied,Shot attempts while tied,"SAT Tied equals SAT for minus SAT against, while the team or the on-ice skater's team is tied in the score. SAT is available since 2009-10; it is calculated for 5-on-5 situations. See score effects; see SAT.",20092010,2019-11-11T13:33:12
1322,SD/GP,Shot differential per game played,"For a team, shot differential per game played, calculated by shots per game played (Shots/GP) minus by shots against per game played (SA/GP).",,2019-11-14T17:58:35
1323,S,Shots,"Shots are the number of shots on goal taken by a player or team. Attempts blocked and missed shots are not included. Shots are also called shots on goal, or SOG. Shots are officially tracked for teams since 1955-56 and for skaters since 1959-60. See blocked shots; see missed shots; see SAT; see USAT.",19591960,2019-11-11T13:33:12
1324,S Back,Shots - backhand,Player's or team's shots on backhands,20092010,2019-11-11T13:33:12
1325,S Deflect,Shots - deflection,"Player's or team's shots on deflections. A deflection is a shot deflected off the player's body, not his stick.",20092010,2019-11-11T13:33:12
1326,S Slap,Shots - slap shot,Player's or team's shots on slap shots,20092010,2019-11-14T15:02:10
1327,S Snap,Shots - snap shot,Player's or team's shots on snap shots,20092010,2019-11-14T15:02:10
1328,S Tip,Shots - tip-in,"Player's or team's shots on tip-ins. A tip-in is a shot deflected off of the player's stick, not his body.",20092010,2019-11-11T13:33:12
1329,S Wrap,Shots - wraparound,Player's or team's shots on wraparounds,20092010,2019-11-11T13:33:12
1330,S Wrist,Shots - wrist shot,Player's or team's shots on wrist shots,20092010,2019-11-14T15:02:10
1331,SA,Shots against,Shots against are the number of shots on goal against a goalie or a team. Attempts blocked and missed shots are not included. Shots against are officially tracked for teams since 1955-56 and for skaters since 1959-60. See blocked shots; see goals against; see missed shots; see saves.,19591960,2019-11-11T13:33:12
1332,GR SA,Shots against in games relieved,"Shots against, only in goalie's games relieved",19171918,2019-11-11T13:33:12
1333,GS SA,Shots against in games started,"Shots against, only in goalie's games started",19591960,2019-11-11T13:33:12
1334,SA/60 goalie,Shots against per 60 minutes,"Goalie's number of shots against per 60 minutes. As a goalie's most direct contribution to team success is stopping shots (e.g. maintaining a high Sv%), SA/60 is a general indication of the workload placed on him by his defense. For example, a goalie facing 40 SA must maintain a .950 Sv% to allow 2 GA, while a goalie facing 20 SA must only maintain a .900 Sv% to allow 2 GA.",,2019-12-16T10:09:57
1335,SA/GP,Shots against per game played,"For a team, shots against per game played",,2019-11-11T13:33:12
1336,S/60,Shots per 60 minutes (5-on-5),"Player's own shots per 60 minutes of ice time. On a 5v5 report like Puck Possession, where all of the stats are 5-on-5, S/60 is the player's own shots for 60 minutes of 5-on-5 ice time.",20092010,2019-11-11T13:33:12
1337,S/GP,Shots per game played,A player's or team's shots divided by games played,19591960,2019-11-11T13:33:12
1339,SO shutout,Shutouts,Games where the opposing team has zero goals scored prior to the shootout.,,2019-11-11T13:33:12
1340,Starts over .900,Starts over .900,"Number of games started where the goalie has a .900 save percentage or higher. Similar to Quality Starts, created by Rob Vollman.",19591960,2019-11-11T13:33:12
1341,Starts over .900 %,Starts over .900 percentage,"Percentage of a goalie's games started where the goalie has a .900 save percentage or higher. Similar to Quality Starts percentage, created by Rob Vollman.",19591960,2019-11-11T13:33:12
1342,S/P,State or province,The U.S. state or Canadian province where the player was born.,,2019-11-14T15:12:24
1343,TkA,Takeaways,"A takeaway is a form of turnover in which the player takes the puck from the opposition, rather than gaining possession through an opposition error. Takeaways are available since 1997-98.",19971998,2019-11-11T13:33:12
1344,TkA/60,Takeaways per 60 minutes,Player's average rate of takeaways per 60 minutes of ice time,19971998,2019-11-11T13:33:12
1345,GR T,Ties in games relieved,"Ties, only in goalie's games relieved",19171918,2019-11-11T13:33:12
1346,GS T,Ties in games started,"Ties, only in goalie's games started",19171918,2019-11-11T13:33:12
1347,TOI,Time on ice,"Time on ice is a player's playing time in all situations (even strength, power play, shorthanded). Consequently, TOI = EV TOI + PP TOI + SH TOI. See even-strength time on ice; see power play time on ice; see shorthanded time on ice.",19971998,2019-11-11T13:33:12
1348,TOI/GP,Time on ice per game played,A player's total time on ice divided by games played,19971998,2019-11-11T13:33:12
1349,TOI/GP (5-on-5),Time on ice per game played (5-on-5),Player's time on ice in 5-on-5 situations,20092010,2019-11-11T13:33:12
1350,TS,Times shorthanded,"Number of chances a team's opponent has to score on the power play. It is used as a component of penalty killing percentage, PK%, and net penalty killing percentage, Net PK%.",,2019-11-11T13:33:12
1351,TS/GP,Times shorthanded per game played,"Number of chances a team's opponent has to score on the power play, divided by games played, to give the per-game average",,2019-11-11T13:33:12
1352,USAT,Unblocked shot attempt differential,"USAT, also known as Fenwick, is a plus-minus statistic that measures unblocked shot attempts instead of goals. While he is on the ice, a player receives a plus for any unblocked shot attempt (on goal or missed) that his team directs toward the opponents goal, and a minus for any unblocked shot attempt (on goal or missed) toward his own goal. Only 5-on-5 shot attempts are currently counted. The reason for looking at USAT (or alternatively, SAT, which includes blocked shots) instead of plus-minus is to take advantage of the much larger sample size of unblocked shot attempts than goals, and to remove the influence of varying goaltending performance from a measure of skater performance. With the removal of blocked shot attempts from consideration, the sample size of USAT is slightly smaller than that of SAT; however, USAT takes team and player shot blocking performance into account, while SAT does not. USAT can be represented by a differential, like plus-minus, where a positive number is above average (which is how USAT is displayed on nhl.com), or as a percentage, where over 50% is above average (shown by USAT% on nhl.com). Though USAT is a common proxy for puck possession, it does not measure actual puck possession time. USAT (and SAT) are also calculated when the player's team is ahead or behind in the score, or tied, or when the score is close. USAT is available since 2009-10. See blocked shots; see close or close game; see missed shots; see puck possession; see score effects; see SAT; see SAT%; see shots; see USAT%.",20092010,2019-11-11T13:33:12
1353,USAT Agst,Unblocked shot attempts against,"For a team, USAT Agst is the number of shot attempts against a team. For a player, USAT Agst is the number of shot attempts against the team while he is on the ice. USAT Agst is commonly paired with USAT For, to show a team's shot attempt differential, or USAT. USAT is available since 2009-10; it is calculated for 5-on-5 situations. See USAT; see USAT%.",20092010,2019-11-11T13:33:12
1354,USAT For,Unblocked shot attempts for,"For a team, USAT For is the number of shot attempts by a team. For a player, USAT For is the number of shot attempts by the team while he is on the ice. USAT For is commonly paired with USAT Agst, to show a team's shot attempt differential, or USAT. USAT is available since 2009-10; it is calculated for 5-on-5 situations. See USAT; see USAT%.",20092010,2019-11-11T13:33:12
1355,USAT%,Unblocked shot attempts percentage,"For a team, USAT% is the percentage of unblocked shot attempts that the team takes out of total unblocked shot attempts. In other words, USAT% = USAT For/(USAT For + USAT Against). For a player, it is the percentage of unblocked shots attempts the team takes, out of total unblocked shot attempts, while the player is on the ice. USAT% is also known as Fenwick for percentage, or FF%. USAT% is available since 2009-10. See goals for percentage; puck possession; see SAT%; see USAT% close.",20092010,2019-11-11T13:33:12
1356,USAT% Close,Unblocked shot attempts percentage in close game situations,"A close game is defined as a game within a single goal in the first two periods or tied in the third period or overtime. Close-game USAT%, also known as Fenwick Close, is considered a strong indicator of team possession ability, and therefore, a good predictor of future success. USAT% close is available since 2009-10. See close or close game; see USAT%.",20092010,2019-11-11T13:33:12
1357,USAT% Ahead,Unblocked shot attempts percentage while ahead,USAT% Ahead only counts USAT% for a team or player while the team is ahead in the score. It can be compared against USAT% or USAT% under different score situations. USAT% is available since 2009-10. See score effects; see USAT; see USAT%.,20092010,2019-11-11T13:33:12
1358,USAT% Behind,Unblocked shot attempts percentage while behind,USAT% Behind only counts USAT% for a team or player while the team is behind in the score. It can be compared against USAT% or USAT% under different score situations. USAT% is available since 2009-10. See score effects; see USAT; see USAT%.,20092010,2019-11-11T13:33:12
1359,USAT% Tied,Unblocked shot attempts percentage while tied,USAT% Tied only counts USAT% for a team or player while the team is tied in the score. It can be compared against USAT% or USAT% under different score situations. USAT% is available since 2009-10. See score effects; see USAT; see USAT%.,20092010,2019-11-11T13:33:12
1360,USAT Ahead,Unblocked shot attempts while ahead,"USAT Ahead equals USAT for minus USAT against, while the team or the on-ice skater's team is ahead in the score. USAT is available since 2009-10; it is calculated for 5-on-5 situations. See score effects; see USAT.",20092010,2019-11-11T13:33:12
1361,USAT Behind,Unblocked shot attempts while behind,"USAT Behind equals USAT for minus USAT against, while the team or the on-ice skater's team is behind in the score. USAT is available since 2009-10; it is calculated for 5-on-5 situations. See score effects; see USAT.",20092010,2019-11-11T13:33:12
1362,USAT Tied,Unblocked shot attempts while tied,"USAT Tied equals USAT for minus USAT against, while the team or the on-ice skater's team is tied in the score. USAT is available since 2009-10; it is calculated for 5-on-5 situations. See score effects; see USAT.",20092010,2019-11-11T13:33:12
1363,Wt,Weight,Player's weight in pounds,19171918,2019-11-11T13:33:12
1364,GR W,Wins in games relieved,"Wins, only in goalie's games relieved",19171918,2019-11-11T13:33:12
1365,GS W,Wins in games started,"Wins, only in goalie's games started",19171918,2019-11-11T13:33:12
5120,XA GF,Extra attacker goals for,"Teams pull their goalie in favor of an extra attacker when trailing late in games or in delayed penalty situations, increasing their chances of scoring.  Extra attacker goals are counted toward a player's overall totals.",20092010,2025-04-17T15:05:50
