player_id,games_played,goals,assists,points,game_win_goals,ot_goals,shots,shooting_pctg,pim,plus_minus,pp_goals,pp_points,sh_goals,sh_points
8475193,74,7,10,17,0,0,66,0.106061,20,-7,1,3,0,0
8475287,69,11,10,21,1,0,110,0.1,39,-6,2,5,0,0
8475455,82,2,14,16,0,0,48,0.041667,67,8,0,0,0,1
8475722,73,21,32,53,4,0,143,0.146853,57,4,11,21,0,0
8476292,77,15,13,28,3,0,96,0.15625,12,-5,2,4,1,1
8476462,64,9,31,40,3,0,186,0.048387,30,8,5,15,0,0
8476474,78,22,19,41,5,1,165,0.133333,54,-8,11,15,0,0
8477365,73,1,15,16,0,0,63,0.015873,45,-6,0,0,0,3
8477508,48,2,3,5,0,0,27,0.074074,14,-6,0,0,0,0
8477949,82,36,31,67,4,1,196,0.183673,47,16,3,11,6,9
8477979,22,1,1,2,0,0,18,0.055556,19,-5,0,0,0,0
8478043,60,4,3,7,0,0,50,0.08,28,-15,0,0,0,0
8478399,55,2,7,9,0,0,52,0.038462,44,9,0,0,0,0
8478413,34,3,5,8,0,0,36,0.083333,45,-4,0,0,0,0
8478414,80,26,27,53,5,0,239,0.108787,58,7,7,13,0,0
8479359,76,4,6,10,0,0,67,0.059701,29,-16,0,0,0,0
8479407,81,21,67,88,2,0,180,0.116667,18,5,4,34,2,4
8479414,59,4,6,10,1,0,44,0.090909,31,-4,1,1,1,1
8479420,76,44,28,72,6,0,242,0.181818,35,-2,7,16,0,0
8480002,75,35,34,69,3,0,187,0.187166,20,9,14,29,0,2
8480035,60,3,7,10,2,0,59,0.050847,14,13,0,0,0,0
8480192,81,1,16,17,1,0,76,0.013158,72,10,0,0,0,0
8480802,79,20,33,53,2,0,97,0.206186,16,13,0,2,3,6
8480807,62,4,10,14,1,0,52,0.076923,22,3,0,1,0,0
8480839,73,17,51,68,1,1,200,0.085,54,11,5,21,0,1
8481032,79,16,6,22,2,0,90,0.177778,62,-14,0,0,0,0
8481524,82,7,31,38,2,0,94,0.074468,46,11,0,2,0,1
8481528,82,16,31,47,2,0,188,0.085106,68,-17,5,12,0,0
8481559,62,27,43,70,7,2,229,0.117904,18,12,6,27,1,2
8482097,74,15,24,39,3,0,123,0.121951,18,-18,3,13,0,0
8482110,82,19,17,36,3,0,141,0.134752,16,4,6,8,1,1
8482175,77,27,41,68,3,0,173,0.156069,34,-1,6,18,0,0
8482671,79,7,33,40,0,0,139,0.05036,16,-13,1,6,0,0
8483429,14,4,4,8,1,0,12,0.333333,0,3,2,3,0,0
8483495,27,2,2,4,1,0,26,0.076923,14,-10,0,2,0,0
8484145,75,10,18,28,0,0,120,0.083333,60,-2,3,4,0,0
8477073,23,0,0,0,0,0,7,0.0,23,-5,0,0,0,0
8481522,81,10,18,28,0,0,80,0.125,60,1,1,1,1,1
8483468,62,15,9,24,3,1,134,0.11194,18,-4,0,0,0,0
8470600,82,2,13,15,0,0,62,0.032258,24,7,0,0,1,1
8474586,42,9,17,26,1,1,66,0.136364,14,0,1,5,0,0
8475170,82,18,32,50,5,2,145,0.124138,61,3,2,7,0,0
8475181,31,2,3,5,0,0,21,0.095238,2,6,0,0,0,0
8475753,78,4,28,32,1,0,124,0.032258,30,-9,1,12,0,0
8475768,81,26,23,49,6,0,194,0.134021,24,-6,6,10,0,0
8476457,82,7,21,28,1,0,112,0.0625,31,22,0,0,0,0
8476467,82,4,13,17,1,0,66,0.060606,34,-2,0,0,0,0
8476826,57,7,24,31,2,0,75,0.093333,52,-1,0,1,0,0
8476889,70,5,10,15,1,0,68,0.073529,30,-2,0,0,0,0
8476892,64,16,20,36,4,1,125,0.128,8,12,1,1,1,2
8476905,78,13,38,51,1,0,73,0.178082,24,-9,1,18,2,2
8477402,76,20,37,57,3,0,145,0.137931,23,10,2,12,0,2
8477416,79,21,25,46,2,0,154,0.136364,18,2,5,12,0,0
8477444,79,10,27,37,1,0,115,0.086957,12,-3,0,8,0,0
8477573,73,8,8,16,0,0,72,0.111111,63,-5,0,0,0,1
8477953,67,6,8,14,2,0,66,0.090909,16,-22,0,0,0,0
8477955,82,22,39,61,3,1,202,0.108911,18,8,4,16,0,1
8477986,81,18,23,41,4,1,231,0.077922,70,-22,5,11,0,0
8478407,62,11,28,39,3,1,137,0.080292,33,-3,2,12,0,0
8478472,60,4,10,14,0,0,69,0.057971,28,-6,0,0,1,1
8478840,84,5,10,15,0,0,81,0.061728,42,-4,0,0,1,1
8479293,79,10,12,22,0,0,99,0.10101,16,-12,0,0,0,0
8479385,82,36,34,70,4,0,239,0.150628,20,23,7,17,0,0
8480009,81,23,12,35,3,0,137,0.167883,23,3,2,5,0,0
8480023,70,21,60,81,5,1,145,0.144828,20,20,3,19,1,1
8480074,31,6,5,11,1,0,50,0.12,10,-3,1,2,0,0
8480281,80,4,14,18,1,0,90,0.044444,25,-1,0,0,0,0
8481598,68,8,21,29,2,1,97,0.082474,16,21,0,2,0,0
8481789,63,6,7,13,0,0,56,0.107143,43,-14,0,0,1,1
8482077,77,26,37,63,8,1,178,0.146067,10,21,6,13,0,0
8482089,82,22,24,46,3,1,122,0.180328,56,0,6,12,0,0
8482516,29,0,3,3,0,0,17,0.0,10,-3,0,0,0,0
8482665,82,20,23,43,2,1,147,0.136054,14,0,5,9,0,0
8482858,73,5,20,25,0,0,59,0.084746,30,-12,1,3,0,0
8483524,79,19,25,44,2,0,91,0.208791,18,4,7,13,0,0
8473419,71,23,28,51,5,2,194,0.118557,64,-7,5,13,0,1
8475179,70,4,9,13,0,0,64,0.0625,38,12,0,1,0,0
8475745,83,17,18,35,3,0,115,0.147826,24,-9,3,7,1,1
8476854,17,3,4,7,1,0,35,0.085714,4,-4,0,1,0,0
8477409,81,20,33,53,5,0,242,0.082645,46,-14,5,16,0,0
8477493,67,20,51,71,4,2,149,0.134228,16,1,9,28,1,4
8477496,82,17,30,47,3,0,152,0.111842,14,-4,2,14,1,3
8477507,81,4,18,22,0,0,105,0.038095,145,25,0,0,0,2
8477932,56,3,30,33,2,0,106,0.028302,53,11,0,11,0,2
8477933,79,39,42,81,4,0,213,0.183099,27,6,13,30,5,6
8477935,76,25,26,51,4,1,241,0.103734,90,-15,7,11,0,0
8477956,82,43,63,106,4,3,319,0.134796,42,0,9,23,0,0
8478055,80,11,20,31,1,1,195,0.05641,16,33,0,1,1,2
8478401,82,14,33,47,5,2,132,0.106061,21,-8,2,7,2,3
8478421,81,6,11,17,3,0,86,0.069767,130,4,0,0,1,1
8478443,83,1,11,12,0,0,77,0.012987,37,6,0,0,0,0
8478542,82,15,17,32,1,0,161,0.093168,38,-4,4,7,0,0
8478859,76,6,16,22,0,0,116,0.051724,70,12,0,0,0,0
8479314,52,22,35,57,2,0,156,0.141026,54,-3,11,23,0,0
8479325,50,7,16,23,2,0,98,0.071429,46,0,2,4,1,1
8479365,58,8,7,15,0,0,78,0.102564,44,-16,1,3,0,0
8479368,26,1,1,2,0,0,17,0.058824,18,-13,0,0,0,0
8479369,76,1,16,17,0,0,80,0.0125,15,-10,0,0,1,2
8479638,76,11,11,22,3,0,89,0.123596,18,-9,4,5,0,0
8479981,42,4,0,4,2,0,43,0.093023,60,-7,0,0,0,0
8479987,77,33,24,57,4,0,150,0.22,22,3,4,9,0,0
8480003,78,12,11,23,3,0,87,0.137931,14,-4,0,0,1,1
8480185,80,9,15,24,3,0,87,0.103448,28,12,0,1,1,2
8480355,61,5,9,14,0,0,67,0.074627,106,-3,0,0,0,0
8480871,35,4,10,14,0,0,40,0.1,10,-9,1,6,0,0
8481043,73,10,7,17,2,0,85,0.117647,17,1,0,0,0,0
8481556,78,3,8,11,0,0,44,0.068182,26,-9,0,0,0,0
8482113,79,17,28,45,1,0,158,0.107595,36,17,2,6,2,2
8482511,77,5,28,33,0,0,92,0.054348,16,-43,1,16,0,0
8482713,72,15,16,31,5,0,129,0.116279,12,-4,4,11,0,0
8484304,76,4,14,18,0,0,92,0.043478,27,-7,0,4,0,0
8473422,78,15,20,35,1,0,104,0.144231,48,-17,2,4,2,2
8474013,82,1,16,17,0,0,66,0.015152,77,-2,0,0,0,1
8474034,68,5,14,19,1,0,73,0.068493,97,-13,1,1,0,0
8474166,44,5,7,12,0,0,38,0.131579,8,-15,0,2,0,0
8474673,54,2,8,10,0,0,23,0.086957,18,-18,0,0,0,0
8475225,59,9,9,18,1,0,90,0.1,34,-9,2,2,0,0
8475791,77,18,24,42,3,0,144,0.125,36,-14,5,9,0,0
8476473,68,2,17,19,0,0,84,0.02381,52,-2,0,0,0,1
8476882,82,15,43,58,0,0,111,0.135135,12,-23,7,24,0,2
8477021,81,11,17,28,1,0,101,0.108911,14,-5,0,1,2,2
8477070,28,0,2,2,0,0,34,0.0,50,1,0,0,0,0
8477450,59,7,9,16,0,0,56,0.125,38,-11,0,0,0,0
8477479,82,23,23,46,1,0,131,0.175573,51,-39,10,20,0,0
8477495,63,9,27,36,2,0,129,0.069767,22,-24,5,19,0,0
8477951,82,20,43,63,3,0,186,0.107527,14,-15,9,25,0,0
8477987,80,31,31,62,3,0,182,0.17033,41,-15,5,14,0,0
8478474,81,12,6,18,2,0,126,0.095238,39,-4,1,1,0,0
8478831,82,14,14,28,1,0,102,0.137255,40,-6,0,0,1,1
8479315,18,0,1,1,0,0,17,0.0,0,-2,0,0,0,0
8479343,81,30,60,90,5,1,218,0.137615,28,-12,10,37,0,0
8479410,77,15,38,53,3,2,132,0.113636,32,-8,3,23,1,1
8479976,43,2,3,5,0,0,40,0.05,14,-5,0,0,0,0
8480434,30,4,7,11,0,0,39,0.102564,19,4,1,2,0,0
8480798,51,7,7,14,1,1,54,0.12963,14,-28,1,1,0,0
8480849,82,20,26,46,7,0,155,0.129032,45,-6,7,15,0,0
8480855,82,13,14,27,1,0,90,0.144444,78,8,1,3,0,0
8480891,82,7,22,29,1,1,150,0.046667,89,4,1,3,0,0
8481568,82,4,26,30,0,0,103,0.038835,12,-23,1,12,0,1
8481609,35,2,5,7,1,0,20,0.1,10,-12,0,0,0,0
8481624,80,20,14,34,3,0,138,0.144928,16,4,0,0,3,3
8481711,55,8,10,18,0,0,86,0.093023,8,-13,0,3,0,0
8482659,51,7,12,19,1,0,88,0.079545,8,-2,3,4,0,0
8482699,70,27,33,60,9,3,204,0.132353,26,-4,12,29,0,0
8482700,43,1,7,8,0,0,17,0.058824,16,-13,0,0,0,0
8483431,75,25,40,65,2,0,158,0.158228,46,1,7,20,0,0
8484144,82,23,44,67,5,1,195,0.117949,70,-36,11,29,0,0
8471817,35,0,2,2,0,0,14,0.0,28,-2,0,0,0,0
8474157,37,5,8,13,1,0,70,0.071429,16,-2,0,0,0,0
8475166,75,38,36,74,8,1,200,0.19,46,10,12,20,0,0
8475171,77,4,25,29,1,0,118,0.033898,52,14,2,4,0,0
8475233,75,1,14,15,0,0,48,0.020833,36,-8,0,0,0,0
8475690,75,3,15,18,0,0,43,0.069767,24,31,0,0,0,1
8475848,82,21,17,38,1,0,148,0.141892,39,-6,5,7,0,0
8476469,81,11,18,29,1,0,104,0.105769,16,-2,0,3,3,3
8476853,82,7,34,41,2,1,126,0.055556,21,-8,1,14,0,1
8476875,80,6,25,31,1,1,149,0.040268,51,-6,1,10,0,1
8476931,66,2,21,23,0,0,74,0.027027,40,23,0,0,0,1
8476981,81,15,12,27,1,0,109,0.137615,90,-2,0,0,1,1
8477503,74,8,25,33,1,0,93,0.086022,76,5,0,7,0,0
8477939,82,45,39,84,8,2,253,0.177866,26,10,12,30,0,0
8477989,82,12,21,33,0,0,104,0.115385,16,-5,1,2,0,0
8478133,82,13,23,36,5,0,80,0.1625,10,1,0,0,3,6
8478483,81,27,75,102,7,3,173,0.156069,14,18,6,33,1,2
8478904,80,8,11,19,5,0,76,0.105263,9,6,0,0,1,1
8479318,67,33,45,78,2,1,261,0.126437,20,11,10,25,2,2
8479718,2,0,0,0,0,0,0,0.0,2,-2,0,0,0,0
8479982,68,3,12,15,0,0,69,0.043478,30,11,0,0,0,0
8480018,82,30,59,89,9,5,172,0.174419,8,19,4,27,2,2
8480144,59,5,8,13,0,0,45,0.111111,14,-1,0,0,1,2
8480995,68,7,12,19,0,0,68,0.102941,27,4,0,1,1,1
8481122,78,1,9,10,0,0,48,0.020833,59,12,0,0,0,1
8481523,57,10,12,22,2,0,84,0.119048,40,-29,1,7,0,0
8481540,82,37,33,70,8,1,240,0.154167,14,9,10,17,0,0
8481582,69,15,7,22,3,0,112,0.133929,16,-1,2,2,0,0
8481618,82,15,11,26,3,0,118,0.127119,24,-21,1,4,0,0
8482087,55,6,12,18,1,0,71,0.084507,47,6,0,0,0,1
8482111,62,6,7,13,0,0,73,0.082192,23,-18,0,1,0,0
8482476,62,10,8,18,0,0,64,0.15625,20,-6,3,5,0,0
8482720,78,29,29,58,6,1,152,0.190789,43,7,5,15,0,1
8482964,70,1,5,6,0,0,69,0.014493,118,-13,0,0,0,0
8483457,82,6,60,66,0,0,91,0.065934,34,-2,1,26,0,0
8483515,79,18,33,51,1,0,133,0.135338,45,4,5,10,0,0
8471215,68,16,34,50,3,1,125,0.128,42,-24,4,16,0,0
8471675,80,33,58,91,10,4,227,0.145374,31,-20,12,27,0,0
8471724,74,9,21,30,0,0,164,0.054878,52,-15,4,12,1,1
8474189,80,10,12,22,0,0,104,0.096154,36,-5,0,1,0,0
8474578,82,11,42,53,1,1,191,0.057592,20,-24,2,15,0,0
8475184,68,22,8,30,6,0,152,0.144737,24,-5,6,7,4,4
8475191,79,13,27,40,4,1,129,0.100775,24,10,2,6,2,3
8475763,64,13,10,23,1,0,98,0.132653,8,-15,4,7,0,1
8475842,80,6,14,20,2,1,84,0.071429,58,5,0,0,1,3
8476389,82,26,33,59,7,1,202,0.128713,44,0,5,12,6,7
8476459,82,20,42,62,0,0,183,0.10929,22,-22,7,19,0,6
8476483,81,35,35,70,1,1,203,0.172414,14,-22,9,19,0,0
8476885,77,1,13,14,0,0,111,0.009009,66,-8,0,0,0,0
8476891,82,1,39,40,0,0,94,0.010638,16,-6,0,15,0,0
8477380,51,12,7,19,2,0,73,0.164384,4,6,0,0,0,0
8477435,61,1,3,4,0,0,39,0.025641,29,-15,0,0,0,0
8477969,78,4,25,29,1,0,70,0.057143,45,6,0,0,0,1
8478047,76,19,19,38,1,0,155,0.122581,68,-19,11,17,0,0
8478463,81,15,10,25,0,0,149,0.100671,14,2,0,1,1,1
8478550,80,37,52,89,3,0,237,0.156118,16,-9,8,26,0,0
8478569,79,5,7,12,0,0,75,0.066667,16,-25,0,0,0,1
8479323,74,10,51,61,2,0,135,0.074074,32,9,1,18,1,3
8479344,31,4,6,10,0,0,50,0.08,25,-1,0,1,0,0
8479996,65,6,16,22,1,0,91,0.065934,16,-5,1,2,0,0
8480078,56,13,13,26,1,0,133,0.097744,18,-7,1,5,0,0
8480817,74,7,20,27,1,0,110,0.063636,22,0,0,2,0,0
8481030,19,0,1,1,0,0,12,0.0,17,-3,0,0,0,0
8481554,79,14,30,44,2,0,117,0.119658,38,-2,4,8,0,0
8481708,46,1,10,11,0,0,51,0.019608,24,0,0,1,0,0
8481726,51,5,4,9,2,0,40,0.125,27,-5,0,0,0,0
8482055,84,10,15,25,2,1,117,0.08547,34,-16,1,2,1,2
8482073,80,6,15,21,1,1,95,0.063158,18,9,0,0,1,2
8482109,82,17,28,45,4,0,153,0.111111,38,-13,2,4,0,0
8482157,82,20,25,45,3,0,152,0.131579,42,12,2,3,2,3
8483487,8,1,2,3,0,0,11,0.090909,0,0,0,0,0,0
8483768,31,2,6,8,0,0,27,0.074074,10,-9,1,1,0,0
8470621,81,19,11,30,4,0,100,0.19,61,12,4,7,0,0
8474641,81,12,15,27,3,0,104,0.115385,16,2,2,6,1,1
8475218,65,9,24,33,1,1,143,0.062937,30,11,3,7,0,0
8475784,72,16,13,29,1,0,144,0.111111,26,1,0,2,0,0
8475786,73,27,17,44,7,1,210,0.128571,32,9,6,12,0,0
8475799,82,17,20,37,3,0,150,0.113333,24,16,4,11,0,0
8476331,82,3,16,19,2,0,75,0.04,38,31,0,0,0,0
8476392,73,16,18,34,4,1,99,0.161616,28,18,0,0,0,2
8476454,78,20,29,49,5,1,164,0.121951,24,4,7,20,2,2
8476460,82,39,48,87,11,3,181,0.21547,61,12,11,25,0,0
8476480,78,11,27,38,1,0,94,0.117021,38,20,2,11,0,1
8476525,60,4,11,15,0,0,68,0.058824,38,10,1,2,0,0
8476967,82,7,18,25,0,0,135,0.051852,18,-7,0,0,0,0
8477015,82,13,17,30,4,1,123,0.105691,10,9,0,0,1,2
8477406,80,2,16,18,0,0,51,0.039216,22,-6,0,0,0,3
8477498,76,5,28,33,1,1,188,0.026596,72,11,0,2,1,1
8477504,80,14,48,62,2,1,172,0.081395,22,17,3,22,0,0
8477934,71,52,54,106,11,6,240,0.216667,34,32,16,33,0,0
8477938,39,0,7,7,0,0,38,0.0,6,-12,0,0,0,0
8477940,69,24,39,63,5,2,174,0.137931,17,14,6,22,0,0
8478042,67,15,12,27,2,0,158,0.094937,24,-3,1,3,0,0
8478398,82,41,56,97,8,2,267,0.153558,25,17,9,28,2,2
8478402,67,26,74,100,3,0,196,0.132653,37,20,9,31,0,0
8478408,19,0,0,0,0,0,8,0.0,2,-3,0,0,0,0
8478585,36,1,5,6,0,0,20,0.05,12,-4,0,0,0,0
8478891,71,10,12,22,3,0,107,0.093458,22,7,0,1,0,0
8480014,71,27,34,61,6,0,130,0.207692,14,9,12,25,0,0
8480049,60,6,14,20,2,1,95,0.063158,26,34,0,1,0,0
8480113,82,15,16,31,2,0,109,0.137615,15,21,6,10,0,0
8480145,69,10,29,39,2,1,123,0.081301,44,21,4,12,0,1
8480289,74,8,7,15,0,0,92,0.086957,16,8,0,0,2,2
8480803,82,14,53,67,2,1,235,0.059574,32,14,3,26,0,0
8480834,76,2,11,13,1,0,62,0.032258,18,-5,0,0,0,1
8480845,59,5,3,8,1,0,53,0.09434,16,-1,0,0,0,0
8481617,82,8,16,24,2,0,114,0.070175,48,1,0,0,0,0
8482149,82,18,32,50,2,0,143,0.125874,20,14,5,15,0,0
8474150,76,15,17,32,3,0,175,0.085714,32,4,1,6,1,1
8474574,71,6,18,24,0,0,87,0.068966,74,2,0,1,1,2
8475172,82,35,32,67,5,2,279,0.125448,72,-17,9,22,0,0
8475762,54,2,9,11,1,0,39,0.051282,45,-7,0,1,0,0
8476399,82,15,24,39,4,0,194,0.07732,36,-2,4,5,1,3
8476456,81,28,34,62,6,1,153,0.183007,34,-13,10,23,3,4
8476468,72,22,48,70,2,1,137,0.160584,55,-6,5,22,0,4
8476927,82,8,18,26,0,0,94,0.085106,39,-7,0,0,0,0
8477346,81,8,39,47,0,0,184,0.043478,33,18,4,21,0,2
8477369,75,4,9,13,2,0,81,0.049383,46,-11,0,0,0,0
8477511,13,4,3,7,1,0,15,0.266667,11,6,1,1,1,1
8478046,79,9,20,29,0,0,81,0.111111,31,2,1,2,1,1
8478397,81,11,20,31,1,0,163,0.067485,60,-38,3,9,0,0
8478444,75,25,25,50,3,0,145,0.172414,16,-25,9,20,0,0
8478466,30,2,5,7,1,0,55,0.036364,2,-1,1,2,0,0
8478498,82,28,20,48,4,2,171,0.163743,18,-15,14,19,0,0
8478856,81,19,31,50,4,2,171,0.111111,52,-13,7,16,0,0
8479066,80,3,10,13,0,0,66,0.045455,57,-5,0,0,0,0
8479291,70,5,5,10,0,0,54,0.092593,14,-6,0,0,0,1
8479402,64,2,5,7,0,0,71,0.028169,8,0,0,0,0,0
8479425,61,5,28,33,0,0,83,0.060241,40,0,0,7,0,0
8479576,51,0,3,3,0,0,28,0.0,45,-9,0,0,0,0
8480012,64,15,30,45,1,0,109,0.137615,14,-10,7,16,0,0
8480748,78,19,21,40,6,1,141,0.134752,35,-1,0,2,1,2
8480800,68,16,60,76,3,0,192,0.083333,29,2,4,29,0,0
8480860,73,3,17,20,0,0,82,0.036585,35,-6,1,1,0,0
8481028,81,4,21,25,0,0,114,0.035088,84,3,1,4,0,0
8481167,76,3,9,12,0,0,61,0.04918,88,5,0,0,0,1
8481535,72,8,17,25,2,0,83,0.096386,30,5,0,1,0,0
8482074,54,13,14,27,2,1,111,0.117117,14,-7,1,9,0,0
8482496,19,1,5,6,0,0,8,0.125,2,-2,0,0,0,0
8482624,44,2,7,9,1,0,52,0.038462,12,2,0,0,0,0
8482691,33,7,4,11,0,0,34,0.205882,14,-1,0,1,0,0
8483609,31,6,4,10,0,0,44,0.136364,29,-3,0,0,0,0
8483808,66,11,26,37,4,0,83,0.13253,14,-6,4,13,0,0
8484180,5,0,0,0,0,0,6,0.0,2,-1,0,0,0,0
8474565,71,4,29,33,1,0,123,0.03252,16,11,0,2,0,2
8475177,47,0,8,8,0,0,51,0.0,12,-4,0,0,0,0
8475188,82,5,15,20,0,0,97,0.051546,32,42,0,0,1,2
8475913,66,19,48,67,4,0,131,0.145038,14,22,5,25,0,1
8476312,48,1,14,15,0,0,65,0.015385,28,-6,0,1,0,1
8476871,78,12,15,27,2,0,109,0.110092,8,4,0,0,1,1
8476881,73,32,29,61,3,0,177,0.180791,20,-3,14,23,0,0
8477425,37,4,4,8,1,0,60,0.066667,48,-5,0,0,0,0
8477447,67,7,50,57,2,0,128,0.054688,26,18,2,19,0,0
8477492,79,32,84,116,5,1,320,0.1,41,25,9,38,0,0
8477494,43,11,26,37,2,0,56,0.196429,6,4,3,12,0,0
8477964,70,23,28,51,3,1,111,0.207207,10,26,2,3,0,0
8478038,76,10,34,44,4,2,138,0.072464,26,30,1,3,0,0
8478109,56,15,14,29,4,0,109,0.137615,16,17,6,8,0,0
8478396,80,10,29,39,2,0,145,0.068966,14,8,2,10,0,0
8478403,77,28,66,94,3,0,233,0.120172,8,32,5,34,1,2
8478420,82,32,56,88,6,0,212,0.150943,60,13,11,26,0,0
8478434,82,12,18,30,3,0,88,0.136364,53,3,0,0,0,1
8478462,71,15,16,31,3,0,107,0.140187,43,-4,2,4,0,0
8479353,80,23,17,40,4,1,125,0.184,46,17,0,0,1,1
8479398,73,3,21,24,2,1,95,0.031579,14,7,0,1,0,0
8479525,61,16,13,29,3,0,125,0.128,18,-1,5,7,0,0
8479980,68,5,7,12,1,0,74,0.067568,40,-2,0,0,0,0
8479999,81,15,25,40,3,0,105,0.142857,24,-29,3,13,0,0
8480069,80,30,62,92,4,1,246,0.121951,14,28,12,35,2,3
8480448,80,8,11,19,2,0,99,0.080808,29,-1,0,0,1,2
8480727,74,4,9,13,0,0,72,0.055556,37,7,0,0,0,0
8481042,57,7,13,20,0,0,45,0.155556,16,-9,3,4,0,0
8481186,80,10,11,21,1,0,89,0.11236,26,-4,0,0,0,1
8481604,82,35,17,52,7,0,254,0.137795,30,2,13,17,0,0
8481641,79,16,7,23,2,0,84,0.190476,20,15,0,0,1,1
8482125,53,4,8,12,0,0,69,0.057971,10,-3,1,2,0,0
8482153,9,0,0,0,0,0,7,0.0,0,-3,0,0,0,0
8483930,40,5,3,8,0,0,34,0.147059,8,-9,2,3,0,0
8484221,7,1,0,1,0,0,11,0.090909,0,-7,0,0,0,0
8484258,76,5,10,15,0,0,115,0.043478,16,8,0,1,0,0
8478450,55,1,6,7,0,0,44,0.022727,10,-10,0,0,0,0
8479362,6,0,0,0,0,0,1,0.0,4,-3,0,0,0,0
8482775,18,0,2,2,0,0,16,0.0,2,-5,0,1,0,0
8471685,81,21,46,67,7,0,98,0.214286,4,14,4,22,0,1
8473453,60,6,6,12,1,0,53,0.113208,20,-4,0,0,0,0
8476441,73,6,14,20,1,0,91,0.065934,22,25,0,1,0,0
8476479,80,8,35,43,3,0,123,0.065041,26,20,1,1,0,1
8477335,33,0,3,3,0,0,6,0.0,39,3,0,0,0,0
8477942,81,35,25,60,6,0,244,0.143443,38,-7,14,25,0,0
8477960,81,35,38,73,5,1,237,0.147679,36,22,7,18,1,1
8477998,82,24,22,46,7,0,199,0.120603,24,36,1,2,0,0
8478882,82,5,25,30,0,0,112,0.044643,28,26,0,0,0,1
8479661,67,7,6,13,1,0,56,0.125,89,0,0,0,0,0
8479675,71,18,22,40,2,0,153,0.117647,14,17,1,3,1,1
8479998,77,6,18,24,0,0,84,0.071429,28,17,0,0,0,0
8481532,68,9,16,25,2,0,79,0.113924,20,6,1,1,0,0
8481606,79,4,24,28,0,0,86,0.046512,16,23,0,5,0,0
8481732,19,1,2,3,1,0,18,0.055556,11,-5,0,0,0,0
8482124,81,23,31,54,4,3,157,0.146497,46,16,3,7,1,1
8482155,77,19,23,42,4,0,193,0.098446,20,22,2,4,0,0
8482730,78,5,28,33,0,0,131,0.038168,46,13,2,9,0,0
8473512,81,15,35,50,3,0,138,0.108696,18,-8,4,18,0,1
8474102,43,9,7,16,2,0,71,0.126761,12,-7,4,6,0,0
8474612,59,1,6,7,0,0,72,0.013889,19,-16,0,0,0,0
8475324,71,3,18,21,0,0,77,0.038961,6,18,0,0,0,0
8476393,50,6,9,15,0,0,68,0.088235,41,-1,0,0,0,0
8477220,80,5,14,19,0,0,70,0.071429,30,4,0,4,0,0
8478020,72,11,16,27,2,0,85,0.129412,18,12,1,1,0,0
8478469,80,9,36,45,1,1,179,0.050279,24,17,1,8,0,0
8478874,81,19,7,26,4,0,90,0.211111,12,12,3,3,0,0
8479393,52,4,3,7,2,0,60,0.066667,28,-21,0,0,1,1
8480064,56,21,14,35,5,1,96,0.21875,44,-6,6,11,3,4
8480208,82,26,42,68,3,0,192,0.135417,30,-9,13,31,0,0
8480801,72,29,26,55,5,4,296,0.097973,123,0,14,23,0,0
8481596,70,21,16,37,5,0,127,0.165354,26,10,1,2,3,5
8482092,78,13,21,34,2,0,119,0.109244,60,-11,3,9,2,4
8482095,79,4,6,10,1,0,78,0.051282,27,-11,0,1,0,0
8482105,80,11,46,57,4,1,195,0.05641,12,-14,5,30,0,4
8482116,82,24,55,79,2,2,162,0.148148,46,0,5,33,0,0
8482245,56,2,11,13,1,0,57,0.035088,34,3,0,1,0,2
8473507,44,1,7,8,1,0,33,0.030303,16,-2,0,1,0,0
8474141,72,21,38,59,6,2,175,0.12,12,-16,12,29,0,0
8475279,81,4,9,13,0,0,109,0.036697,69,-14,0,1,0,0
8475765,80,11,22,33,1,0,133,0.082707,6,-13,1,8,0,0
8476874,77,2,16,18,0,0,73,0.027397,16,7,0,0,0,0
8476979,60,2,16,18,0,0,67,0.029851,20,-19,1,9,0,0
8477353,55,4,5,9,0,0,66,0.060606,6,-11,0,0,0,0
8477429,56,10,13,23,2,0,68,0.147059,8,4,0,1,1,1
8477456,76,11,21,32,3,0,98,0.112245,24,-7,5,9,0,0
8477946,82,30,40,70,3,0,234,0.128205,40,-16,13,27,0,0
8478432,46,1,6,7,0,0,31,0.032258,11,-6,0,0,0,0
8479337,82,39,31,70,4,1,244,0.159836,29,-13,13,29,0,0
8479992,77,11,10,21,1,0,99,0.111111,24,-12,2,4,0,0
8480813,74,8,9,17,0,0,75,0.106667,17,-23,0,0,0,0
8481013,75,12,12,24,1,0,88,0.136364,14,-13,3,5,0,0
8481542,82,8,38,46,0,0,162,0.049383,40,-5,4,24,0,0
8482078,82,27,53,80,5,1,192,0.140625,18,-15,8,37,1,1
8482762,78,7,24,31,3,1,86,0.081395,67,12,0,0,0,1
8482259,74,20,14,34,5,0,169,0.118343,27,12,3,6,0,0
8475151,82,24,24,48,2,0,169,0.142012,20,-17,5,9,0,1
8475231,82,7,10,17,1,0,97,0.072165,51,-13,0,1,1,1
8475314,82,29,25,54,3,0,233,0.124464,35,3,5,9,0,0
8475754,80,26,30,56,7,1,193,0.134715,18,8,3,7,3,3
8476419,79,14,28,42,1,0,120,0.116667,23,4,2,5,1,4
8476422,18,0,2,2,0,0,31,0.0,2,-3,0,0,0,0
8476429,66,3,6,9,0,0,51,0.058824,27,18,0,0,1,1
8476917,60,0,21,21,0,0,109,0.0,32,4,0,1,0,0
8477407,44,7,4,11,0,0,60,0.116667,10,-15,3,3,0,0
8477500,81,28,29,57,7,3,243,0.115226,16,-4,3,7,2,2
8477506,74,5,18,23,1,0,97,0.051546,16,2,1,2,0,2
8478445,30,6,14,20,1,0,78,0.076923,4,10,1,4,0,0
8479619,53,7,12,19,0,0,75,0.093333,36,-7,0,2,0,0
8480789,43,3,3,6,1,0,54,0.055556,37,-6,0,1,0,0
8480865,71,10,29,39,1,0,196,0.05102,28,-16,1,12,0,1
8481014,64,4,16,20,0,0,100,0.04,20,5,0,0,0,1
8481237,81,4,7,11,0,0,61,0.065574,14,-15,0,0,0,0
8481601,75,20,25,45,3,0,96,0.208333,8,5,2,6,1,4
8484958,77,10,25,35,1,0,116,0.086207,39,4,1,3,0,0
8473994,80,16,33,49,4,1,136,0.117647,70,3,1,10,0,0
8474149,80,20,20,40,2,0,123,0.162602,10,1,5,7,0,0
8474564,82,27,26,53,6,1,174,0.155172,48,-36,14,21,0,0
8474568,76,1,6,7,0,0,77,0.012987,45,-4,0,0,0,0
8474600,53,9,29,38,1,0,150,0.06,18,-26,2,17,0,0
8474679,79,11,17,28,0,0,103,0.106796,16,-24,2,3,1,2
8475158,79,21,32,53,3,0,151,0.139073,24,-23,9,17,0,0
8475168,82,30,52,82,6,1,152,0.197368,12,13,8,27,0,0
8475794,20,9,12,21,2,0,46,0.195652,4,15,3,3,0,0
8476278,63,6,11,17,0,0,63,0.095238,16,4,0,1,2,3
8476539,78,21,35,56,4,1,206,0.101942,37,-29,4,23,0,0
8476856,63,1,9,10,0,0,57,0.017544,60,-5,0,1,0,0
8476869,82,10,23,33,1,0,156,0.064103,42,-24,2,10,0,0
8476873,60,12,5,17,1,0,66,0.181818,33,4,0,0,0,0
8476887,82,31,45,76,3,0,281,0.11032,44,-27,10,26,0,0
8476902,80,5,21,26,0,0,99,0.050505,14,34,1,1,0,0
8476925,72,7,14,21,0,0,80,0.0875,22,-12,0,1,0,0
8477446,74,5,9,14,1,0,80,0.0625,102,-21,0,0,0,0
8478438,54,13,9,22,2,0,92,0.141304,4,-7,1,5,0,0
8478449,76,28,39,67,7,0,160,0.175,30,18,7,20,1,2
8478468,28,0,1,1,0,0,25,0.0,37,-4,0,0,0,0
8478851,79,3,22,25,0,0,82,0.036585,40,-10,0,0,0,1
8478975,62,22,25,47,4,0,134,0.164179,53,15,5,10,0,0
8479351,79,6,19,25,1,0,89,0.067416,31,-6,0,0,1,3
8479371,68,9,17,26,3,0,89,0.101124,40,20,0,0,0,0
8480027,82,35,45,80,6,1,211,0.165877,18,10,9,19,0,0
8480036,50,5,20,25,0,0,108,0.046296,10,7,0,7,0,0
8480840,73,4,12,16,0,0,44,0.090909,8,1,0,0,0,1
8480878,39,0,5,5,0,0,52,0.0,20,4,0,0,0,0
8480950,80,1,13,14,0,0,51,0.019608,32,5,0,0,0,0
8481577,61,11,13,24,6,0,104,0.105769,8,-10,3,8,0,0
8481581,78,16,34,50,3,2,171,0.093567,16,32,1,15,0,0
8482062,71,4,8,12,0,0,69,0.057971,69,-15,0,0,0,1
8482146,68,10,22,32,1,0,134,0.074627,22,-2,1,5,0,0
8482702,78,14,24,38,5,0,194,0.072165,18,-1,2,8,0,0
8482740,82,33,38,71,4,1,202,0.163366,14,2,11,25,3,3
8471677,41,0,6,6,0,0,23,0.0,2,-13,0,0,0,0
8474037,71,16,20,36,2,0,85,0.188235,23,-4,1,2,0,0
8474567,81,4,12,16,0,0,79,0.050633,43,-6,0,0,0,0
8474716,66,7,25,32,3,1,107,0.065421,14,8,1,9,0,0
8475149,72,11,23,34,1,0,121,0.090909,12,-7,1,6,1,1
8475220,77,14,15,29,1,0,91,0.153846,75,7,0,0,0,0
8475692,69,19,35,54,6,1,151,0.125828,22,0,3,16,0,0
8475750,70,2,4,6,0,0,47,0.042553,20,-8,0,0,0,0
8475790,16,0,4,4,0,0,12,0.0,6,1,0,0,0,0
8476374,82,6,11,17,0,0,88,0.068182,40,-4,0,0,0,0
8476463,50,4,16,20,1,0,71,0.056338,18,10,0,0,0,1
8476923,70,6,19,25,1,0,91,0.065934,47,5,0,0,0,0
8477451,69,11,15,26,1,0,158,0.06962,75,-7,3,7,0,0
8477497,54,19,38,57,2,0,128,0.148438,20,19,7,14,0,3
8477919,82,18,19,37,2,0,110,0.163636,8,-2,5,5,0,0
8478099,34,2,10,12,0,0,35,0.057143,12,1,0,0,0,0
8478136,67,8,13,21,0,0,97,0.082474,40,11,0,0,0,0
8478460,81,23,59,82,5,2,298,0.077181,31,12,5,25,1,3
8478493,46,14,15,29,1,0,140,0.1,22,9,5,10,0,0
8478500,82,7,26,33,0,0,100,0.07,31,11,1,3,1,3
8478508,76,7,8,15,2,0,85,0.082353,54,-1,0,0,2,2
8478864,41,25,31,56,5,2,145,0.172414,16,19,4,14,0,0
8479671,82,18,14,32,5,0,111,0.162162,139,-4,0,0,1,2
8479944,79,6,11,17,1,0,101,0.059406,27,-15,0,0,0,0
8480880,56,5,6,11,2,0,42,0.119048,47,-13,0,0,1,1
8480893,79,31,43,74,2,1,207,0.149758,20,29,2,19,0,0
8481161,68,1,7,8,0,0,58,0.017241,11,6,0,0,0,0
8481557,82,27,46,73,10,2,271,0.099631,51,1,6,21,0,0
8482079,82,24,36,60,3,2,136,0.176471,26,3,7,16,0,0
8482122,78,10,19,29,1,1,124,0.080645,23,-2,2,10,0,1
8482177,75,5,7,12,0,0,41,0.121951,20,-11,0,1,0,1
8482451,47,4,3,7,0,0,32,0.125,6,-11,0,0,1,1
8482475,30,7,8,15,1,0,68,0.102941,4,-6,2,5,0,0
8482660,68,24,33,57,4,0,123,0.195122,16,2,4,15,1,3
8482705,66,11,22,33,2,1,129,0.085271,35,-11,2,3,1,2
8484166,82,31,23,54,3,0,191,0.162304,18,4,2,4,1,2
8475726,78,30,24,54,1,0,233,0.128755,14,-21,6,15,0,0
8475798,83,22,44,66,4,1,169,0.130178,28,0,5,19,1,1
8476624,77,5,3,8,0,0,73,0.068493,75,-37,0,0,1,1
8476879,85,4,20,24,2,0,90,0.044444,24,6,0,0,0,1
8476988,7,0,0,0,0,0,7,0.0,4,-5,0,0,0,0
8477505,77,10,25,35,2,2,82,0.121951,14,-21,3,10,0,0
8478013,65,7,33,40,1,0,164,0.042683,42,4,0,8,0,1
8479316,75,11,7,18,0,0,112,0.098214,55,-28,0,0,0,0
8479983,78,5,12,17,1,0,79,0.063291,53,-25,0,0,0,1
8480172,54,3,6,9,0,0,55,0.054545,28,-3,0,0,0,0
8480188,84,19,22,41,0,0,181,0.104972,14,7,5,7,0,0
8480848,68,1,7,8,0,0,50,0.02,59,-31,0,0,0,1
8481477,62,7,7,14,1,0,59,0.118644,20,-6,0,0,1,1
8481567,60,2,10,12,0,0,52,0.038462,30,-23,0,0,0,0
8482101,12,0,1,1,0,0,16,0.0,6,-3,0,0,0,0
8482667,77,17,41,58,2,1,151,0.112583,29,-7,6,16,1,3
8482737,72,19,17,36,0,0,120,0.158333,37,20,7,12,0,0
8484227,74,18,27,45,1,0,127,0.141732,18,-15,5,12,0,0
8484801,70,25,38,63,4,1,236,0.105932,28,-31,8,22,0,0
8470613,82,6,23,29,0,0,174,0.034483,28,7,0,3,0,0
8473533,75,13,23,36,3,0,107,0.121495,16,15,0,0,2,2
8474151,82,4,27,31,2,0,78,0.051282,22,43,0,1,1,3
8474715,39,4,5,9,0,0,47,0.085106,11,-4,1,1,0,0
8475167,79,15,51,66,1,0,181,0.082873,30,18,4,26,0,0
8475200,76,6,22,28,2,0,117,0.051282,24,16,0,1,0,0
8476453,78,37,84,121,9,1,265,0.139623,45,22,8,46,0,0
8476822,77,4,3,7,0,0,51,0.078431,10,-9,0,0,1,2
8476878,82,2,4,6,1,0,83,0.024096,47,-7,0,0,0,0
8476906,70,7,38,45,0,0,122,0.057377,52,1,4,27,0,0
8476921,79,15,21,36,3,0,112,0.133929,18,16,0,0,0,1
8476958,80,6,21,27,2,0,110,0.054545,8,16,0,0,0,3
8477404,80,41,39,80,5,0,217,0.18894,24,18,17,28,1,1
8477426,76,22,19,41,3,1,141,0.156028,30,13,2,5,0,1
8477478,43,4,7,11,1,0,48,0.083333,16,0,0,0,0,0
8478010,77,42,40,82,7,2,189,0.222222,7,17,16,31,0,0
8478178,73,6,31,37,0,0,108,0.055556,14,9,2,9,0,0
8478416,76,3,18,21,0,0,64,0.046875,50,29,0,0,0,2
8478427,79,29,45,74,9,5,207,0.140097,46,7,5,23,3,7
8478458,81,22,17,39,2,0,139,0.158273,10,-10,1,2,0,0
8478519,80,27,32,59,2,0,160,0.16875,28,30,3,5,4,7
8478970,79,7,11,18,2,0,114,0.061404,54,22,0,0,0,1
8479542,82,35,55,90,4,0,228,0.153509,58,33,0,11,3,7
8480039,79,27,56,83,8,0,194,0.139175,16,5,12,37,0,0
8480246,74,6,13,19,1,0,66,0.090909,20,8,0,0,0,0
8480336,82,5,11,16,0,0,144,0.034722,46,-7,0,0,0,0
8480762,82,14,18,32,1,0,110,0.127273,10,14,0,0,0,0
8480829,78,12,21,33,1,0,115,0.104348,50,9,0,1,0,0
8480830,72,20,28,48,2,0,180,0.111111,59,-8,10,18,0,0
8480835,72,8,10,18,2,0,93,0.086022,22,1,1,2,0,0
8482070,66,12,6,18,2,0,68,0.176471,21,-3,4,4,0,0
8482093,73,32,35,67,2,0,204,0.156863,16,12,7,19,5,7
8482655,54,2,12,14,0,0,48,0.041667,22,20,0,1,1,1
8482809,80,17,17,34,6,0,142,0.119718,30,10,5,7,0,0
8482929,76,1,18,19,1,0,46,0.021739,105,-1,0,0,0,1
8483447,52,8,6,14,3,0,60,0.133333,16,-4,1,2,0,0
8476960,8,1,0,1,0,0,8,0.125,0,-1,0,0,0,0
8482176,57,4,4,8,0,0,66,0.060606,14,0,0,0,0,0
8473446,36,2,3,5,0,0,37,0.054054,15,1,0,0,0,1
8476461,79,15,30,45,2,1,155,0.096774,41,1,1,4,0,0
8476872,80,13,18,31,2,1,125,0.104,32,-18,0,0,1,2
8477499,63,4,15,19,2,1,100,0.04,14,3,0,3,0,0
8477903,67,10,11,21,1,0,80,0.125,58,5,0,0,2,2
8477948,82,8,22,30,0,0,139,0.057554,40,-6,0,2,0,2
8478439,82,24,52,76,3,0,188,0.12766,53,-17,8,17,1,3
8478454,35,0,0,0,0,0,26,0.0,21,-12,0,0,0,0
8480015,77,20,23,43,2,1,188,0.106383,16,-12,0,7,0,0
8480028,81,14,23,37,2,0,144,0.097222,22,-17,2,15,0,0
8480068,68,12,19,31,1,0,71,0.169014,16,-4,2,3,0,1
8480459,81,25,21,46,3,0,138,0.181159,18,2,2,5,1,2
8480797,81,11,14,25,1,0,151,0.072848,34,-17,0,4,0,0
8481178,63,3,12,15,1,0,37,0.081081,6,-14,0,0,0,0
8481546,66,4,13,17,1,0,65,0.061538,26,-8,0,0,0,0
8481553,79,12,29,41,2,0,105,0.114286,22,-11,2,4,0,0
8482142,70,7,13,20,1,0,63,0.111111,22,-32,2,7,0,0
8482159,81,25,18,43,2,0,142,0.176056,49,-9,6,8,0,0
8484387,80,26,37,63,3,3,199,0.130653,46,-18,8,17,0,0
8484779,4,0,0,0,0,0,3,0.0,2,-3,0,0,0,0
8480058,47,0,3,3,0,0,42,0.0,45,-22,0,0,0,0
8481655,42,1,7,8,0,0,32,0.03125,0,3,0,0,0,0
8483505,33,1,10,11,1,0,29,0.034483,8,-5,0,0,0,0
8478502,29,0,6,6,0,0,9,0.0,50,-3,0,0,0,0
8480825,17,1,0,1,0,0,15,0.066667,0,-3,0,0,0,0
8475810,71,31,34,65,5,2,191,0.162304,18,-21,5,18,0,0
8479772,21,2,1,3,0,0,26,0.076923,21,0,0,0,0,0
8475718,73,2,6,8,0,0,41,0.04878,16,-7,0,0,0,0
8481607,61,3,6,9,2,0,48,0.0625,30,-11,0,0,0,0
8479591,77,9,7,16,2,0,142,0.06338,63,1,0,0,0,0
8480883,8,1,1,2,0,0,14,0.071429,4,1,1,1,0,0
8482201,60,8,12,20,1,0,61,0.131148,14,7,1,2,0,0
8484929,18,0,4,4,0,0,11,0.0,9,0,0,0,0,1
8482460,42,3,5,8,0,0,30,0.1,67,7,0,0,0,0
8471214,65,44,29,73,7,1,237,0.185654,14,15,14,22,0,0
8474590,79,5,46,51,0,0,167,0.02994,22,17,1,14,0,0
8475343,82,14,13,27,3,0,86,0.162791,56,7,0,0,2,2
8476880,81,33,32,65,6,2,169,0.195266,100,20,11,17,2,5
8477845,82,1,20,21,0,0,80,0.0125,34,20,0,0,0,0
8477947,3,0,0,0,0,0,4,0.0,0,-3,0,0,0,0
8478233,81,14,14,28,3,0,95,0.147368,24,0,0,4,1,1
8478440,82,29,53,82,3,0,149,0.194631,34,2,9,34,0,0
8478911,69,3,21,24,0,0,84,0.035714,25,18,0,0,0,0
8479345,74,20,27,47,6,1,179,0.111732,52,17,5,15,0,0
8479390,80,7,20,27,1,0,93,0.075269,18,-7,0,1,0,0
8479400,82,20,46,66,4,1,142,0.140845,76,27,4,14,0,0
8479520,82,9,12,21,1,0,83,0.108434,98,3,0,0,0,1
8480796,81,5,20,25,0,0,76,0.065789,25,18,0,0,0,2
8480873,82,4,26,30,0,0,78,0.051282,23,13,1,5,0,0
8481580,82,26,31,57,5,0,177,0.146893,49,19,4,10,0,1
8481656,76,30,36,66,6,1,142,0.211268,18,40,0,1,3,5
8482148,27,0,8,8,0,0,18,0.0,4,-3,0,0,0,0
8475780,28,1,0,1,0,0,29,0.034483,14,-8,0,0,0,0
8477993,21,2,6,8,0,0,9,0.222222,11,6,0,0,0,0
8480220,78,16,21,37,2,0,110,0.145455,14,3,1,3,0,0
8473986,82,19,18,37,5,1,134,0.141791,30,12,0,3,1,2
8475208,80,3,19,22,1,1,69,0.043478,14,-1,0,0,0,0
8475462,81,1,15,16,0,0,89,0.011236,86,4,0,0,0,0
8475764,68,9,31,40,1,1,88,0.102273,14,12,2,8,0,0
8476458,82,10,31,41,3,0,137,0.072993,70,-3,0,6,0,0
8476934,26,4,4,8,0,0,30,0.133333,0,1,0,0,0,0
8477952,44,8,8,16,0,0,65,0.123077,20,-6,0,0,0,0
8478366,81,21,24,45,1,0,234,0.089744,80,-9,3,5,1,1
8478873,77,21,34,55,4,1,188,0.111702,20,0,4,11,0,0
8479336,56,3,6,9,0,0,88,0.034091,24,-21,0,0,0,0
8480011,35,1,6,7,0,0,28,0.035714,27,-6,0,1,0,0
8480806,79,4,11,15,1,0,60,0.066667,10,-12,0,1,0,0
8481517,62,5,12,17,0,0,79,0.063291,22,-2,1,2,0,0
8481533,57,12,20,32,1,0,98,0.122449,23,-8,1,4,0,0
8482745,76,22,30,52,2,1,180,0.122222,38,0,6,12,0,0
8482803,62,7,13,20,0,0,130,0.053846,20,1,1,5,0,0
8483445,82,20,24,44,3,2,190,0.105263,20,8,2,6,0,0
8483482,6,0,0,0,0,0,6,0.0,2,-5,0,0,0,0
8483490,68,5,14,19,0,0,69,0.072464,20,-4,0,3,0,0
8484153,76,20,25,45,5,2,114,0.175439,14,6,4,7,1,2
8480990,66,2,10,12,1,0,69,0.028986,10,-5,1,2,0,0
8483499,24,2,3,5,1,0,32,0.0625,2,-6,0,1,0,0
8474090,32,1,5,6,0,0,27,0.037037,33,-9,0,0,1,1
8479372,64,0,9,9,0,0,58,0.0,20,5,0,0,0,0
8475197,13,1,2,3,0,0,19,0.052632,4,-7,0,2,0,0
8479442,66,3,4,7,0,0,55,0.054545,27,-2,0,0,0,0
8482679,77,24,23,47,4,1,180,0.133333,25,6,5,17,0,0
8480001,51,2,14,16,0,0,42,0.047619,18,8,0,0,0,0
8475766,13,3,0,3,0,0,13,0.230769,17,1,0,0,0,0
8478854,39,2,3,5,0,0,19,0.105263,14,-9,0,1,0,0
8478430,19,1,4,5,0,0,6,0.166667,8,-2,0,0,0,0
8481206,8,0,2,2,0,0,9,0.0,6,-4,0,0,0,0
8477839,5,0,0,0,0,0,3,0.0,4,-2,0,0,0,0
8483395,13,1,0,1,1,0,8,0.125,0,-5,0,0,0,0
8475795,17,0,2,2,0,0,10,0.0,28,-3,0,0,0,0
8477944,39,9,5,14,4,0,47,0.191489,10,-4,4,4,0,0
8480887,33,1,4,5,0,0,15,0.066667,6,-1,0,0,0,0
8476438,72,13,17,30,1,0,127,0.102362,6,-8,0,3,0,0
8482094,1,0,0,0,0,0,2,0.0,0,0,0,0,0,0
8481704,48,6,10,16,0,0,30,0.2,19,-5,0,1,0,0
8482145,73,11,14,25,1,0,80,0.1375,8,6,1,3,0,0
8477971,35,1,2,3,0,0,17,0.058824,48,-9,0,0,0,0
8478452,6,0,0,0,0,0,6,0.0,2,-1,0,0,0,0
8480043,68,6,11,17,0,0,102,0.058824,38,-25,2,4,0,0
8481737,8,0,0,0,0,0,4,0.0,22,0,0,0,0,0
8474145,17,0,2,2,0,0,8,0.0,22,-2,0,0,0,0
8480879,40,2,6,8,0,0,32,0.0625,17,5,0,0,0,0
8480073,28,3,5,8,1,0,33,0.090909,17,-4,0,1,0,0
8479941,61,9,12,21,1,0,94,0.095745,18,-6,0,1,1,1
8482117,70,8,14,22,1,0,72,0.111111,12,-16,0,2,0,0
8479379,13,0,0,0,0,0,5,0.0,18,-3,0,0,0,0
8477527,43,1,3,4,1,0,9,0.111111,72,-2,0,0,0,0
8478424,62,2,4,6,1,0,49,0.040816,21,-13,0,0,0,0
8481743,46,2,7,9,0,0,76,0.026316,21,-3,0,0,0,0
8483464,77,19,18,37,3,1,145,0.131034,34,1,2,4,0,0
8481712,7,1,0,1,0,0,10,0.1,0,-1,0,0,0,0
8477244,5,0,1,1,0,0,1,0.0,0,2,0,0,0,0
8479328,1,0,0,0,0,0,0,0.0,0,0,0,0,0,0
8481593,56,2,11,13,0,0,47,0.042553,52,2,0,0,0,0
8482733,7,2,2,4,0,0,10,0.2,6,-5,0,0,0,0
8483460,12,1,2,3,0,0,9,0.111111,6,0,0,0,0,0
8479977,12,2,1,3,0,0,13,0.153846,2,-1,1,2,0,0
8479378,63,1,13,14,0,0,49,0.020408,78,9,0,0,0,0
8481019,36,2,4,6,0,0,30,0.066667,7,10,0,0,0,0
8481703,13,2,1,3,0,0,8,0.25,4,-4,2,2,0,0
8482144,31,4,6,10,0,0,41,0.097561,10,-9,0,3,0,0
8481605,75,14,29,43,2,0,134,0.104478,28,0,2,9,0,1
8475235,31,2,1,3,0,0,25,0.08,15,-9,0,0,0,0
8476372,77,3,17,20,1,0,82,0.036585,36,10,0,0,0,0
8481536,1,0,0,0,0,0,0,0.0,0,-1,0,0,0,0
8479324,72,4,18,22,0,0,63,0.063492,40,0,0,0,0,2
8479543,25,0,0,0,0,0,14,0.0,24,-2,0,0,0,0
8480853,2,0,0,0,0,0,1,0.0,0,-1,0,0,0,0
8482742,62,5,10,15,0,0,78,0.064103,63,-6,0,1,0,0
8481527,40,0,10,10,0,0,34,0.0,2,15,0,0,0,0
8476897,67,6,14,20,0,0,60,0.1,32,-6,4,7,0,0
8481059,35,2,7,9,0,0,18,0.111111,10,-3,0,0,0,0
8477488,72,3,14,17,0,0,99,0.030303,29,-5,0,0,1,1
8482684,71,7,37,44,1,0,121,0.057851,16,-9,0,16,0,0
8483472,15,1,2,3,0,0,17,0.058824,42,3,0,0,0,0
8481133,17,1,1,2,0,0,13,0.076923,15,-4,0,0,0,0
8475760,66,8,11,19,0,0,115,0.069565,16,-2,1,1,0,0
8479026,36,2,3,5,0,0,46,0.043478,15,0,0,0,0,0
8477810,53,2,7,9,1,0,42,0.047619,21,12,0,0,0,0
8481068,73,17,15,32,2,0,128,0.132813,8,-9,5,8,1,1
8474709,32,0,2,2,0,0,17,0.0,10,-5,0,0,0,0
8478115,62,8,7,15,2,0,93,0.086022,16,-7,0,0,0,0
8479395,39,3,7,10,0,0,30,0.1,10,-3,0,2,0,0
8476448,53,9,20,29,4,0,119,0.07563,4,17,0,6,2,2
8482126,42,1,6,7,0,0,52,0.019231,16,-5,0,3,0,0
8482859,56,1,3,4,0,0,26,0.038462,45,-8,0,0,0,0
8475958,3,1,1,2,0,0,1,1.0,2,2,0,0,0,0
8477392,43,2,2,4,0,0,51,0.039216,6,-4,0,0,0,0
8480851,25,1,2,3,0,0,20,0.05,7,-4,0,0,0,0
8482206,6,1,0,1,0,0,5,0.2,2,-2,0,0,0,0
8476391,9,0,1,1,0,0,5,0.0,4,-1,0,0,0,0
8475413,52,2,5,7,0,0,34,0.058824,6,-6,0,0,0,0
8479985,14,0,1,1,0,0,16,0.0,0,1,0,0,0,0
8481481,59,11,9,20,1,0,51,0.215686,26,-4,1,1,1,1
8480823,8,0,0,0,0,0,7,0.0,0,2,0,0,0,0
8479465,7,0,1,1,0,0,6,0.0,5,0,0,0,0,0
8481491,15,0,2,2,0,0,17,0.0,2,1,0,0,0,0
8477931,59,1,8,9,0,0,47,0.021277,10,4,1,1,0,1
8481716,73,23,24,47,1,0,154,0.149351,55,17,8,11,0,0
8482192,3,1,0,1,0,0,3,0.333333,0,0,0,0,0,0
8480196,48,0,7,7,0,0,20,0.0,10,-9,0,0,0,0
8485105,10,0,0,0,0,0,4,0.0,0,0,0,0,0,0
8476918,43,5,3,8,0,0,36,0.138889,0,-4,0,0,0,0
8480306,13,0,2,2,0,0,10,0.0,4,1,0,0,0,0
8481541,1,0,0,0,0,0,0,0.0,0,-1,0,0,0,0
8474870,9,0,2,2,0,0,6,0.0,10,-1,0,1,0,0
8483448,33,1,4,5,1,0,26,0.038462,6,-3,0,0,0,0
8477401,20,1,1,2,0,0,20,0.05,31,0,0,0,0,0
8477476,69,27,18,45,5,0,148,0.182432,34,36,1,5,1,1
8482751,12,0,1,1,0,0,15,0.0,2,-11,0,0,0,0
8477018,11,0,2,2,0,0,11,0.0,0,0,0,0,0,0
8478409,15,2,4,6,0,0,19,0.105263,0,-3,0,1,0,0
8483549,7,1,0,1,0,0,5,0.2,0,-2,0,0,0,0
8480007,13,0,0,0,0,0,11,0.0,0,-4,0,0,0,0
8482726,50,4,3,7,1,0,29,0.137931,25,1,0,0,0,0
8479370,39,4,5,9,0,0,44,0.090909,33,2,0,0,0,0
8480980,48,4,6,10,0,0,55,0.072727,14,-3,0,0,0,1
8483476,24,3,3,6,0,0,30,0.1,2,-6,0,2,0,0
8481591,7,0,1,1,0,0,3,0.0,2,1,0,0,0,0
8475825,2,0,0,0,0,0,2,0.0,0,-1,0,0,0,0
8482634,7,1,1,2,0,0,7,0.142857,0,3,0,0,0,0
8480844,1,0,0,0,0,0,0,0.0,2,0,0,0,0,0
8477851,37,4,6,10,0,0,38,0.105263,4,0,0,0,0,0
8477887,15,0,1,1,0,0,11,0.0,8,-2,0,0,0,0
8478057,57,7,7,14,0,0,52,0.134615,38,-13,1,2,1,1
8476442,32,1,2,3,0,0,31,0.032258,4,-8,0,1,0,0
8477501,43,21,13,34,0,0,118,0.177966,8,11,5,8,0,0
8481563,56,4,9,13,1,0,63,0.063492,47,6,0,0,0,1
8481461,4,0,0,0,0,0,4,0.0,0,0,0,0,0,0
8483567,6,0,1,1,0,0,7,0.0,2,-1,0,0,0,0
8482102,7,0,0,0,0,0,8,0.0,2,-1,0,0,0,0
8483503,25,1,2,3,0,0,15,0.066667,6,-5,0,0,0,0
8482829,1,0,0,0,0,0,0,0.0,0,0,0,0,0,0
8479421,49,1,7,8,0,0,30,0.033333,10,2,0,0,0,0
8483570,8,0,0,0,0,0,4,0.0,2,-2,0,0,0,0
8479705,5,0,0,0,0,0,3,0.0,14,-1,0,0,0,0
8482169,6,0,1,1,0,0,5,0.0,2,0,0,0,0,0
8477384,10,0,1,1,0,0,9,0.0,11,-2,0,0,0,0
8480259,26,0,0,0,0,0,24,0.0,10,-3,0,0,0,0
8482118,32,10,2,12,1,0,41,0.243902,2,-4,2,2,0,0
8482250,7,1,0,1,0,0,12,0.083333,2,2,0,0,0,0
8483489,21,3,2,5,1,0,24,0.125,2,-5,0,1,0,0
8483733,7,0,0,0,0,0,2,0.0,2,-3,0,0,0,0
8477462,2,0,0,0,0,0,0,0.0,0,0,0,0,0,0
8480032,4,0,0,0,0,0,2,0.0,0,-1,0,0,0,0
8476913,55,1,4,5,0,0,41,0.02439,6,-8,0,0,0,0
8481806,32,3,1,4,0,0,28,0.107143,10,-6,0,0,0,0
8476329,3,0,0,0,0,0,0,0.0,0,0,0,0,0,0
8484136,29,3,4,7,0,0,31,0.096774,0,1,0,0,0,0
8481518,7,0,1,1,0,0,5,0.0,0,0,0,0,0,0
8483491,18,1,3,4,0,0,14,0.071429,0,1,0,1,0,0
8482768,52,8,9,17,2,1,64,0.125,14,-17,2,5,0,0
8482765,8,0,1,1,0,0,8,0.0,0,-3,0,0,0,0
8479423,5,0,0,0,0,0,4,0.0,4,-1,0,0,0,0
8482132,35,6,4,10,1,0,59,0.101695,8,-6,0,0,0,0
8481462,1,0,0,0,0,0,0,0.0,0,-1,0,0,0,0
8481572,18,0,1,1,0,0,12,0.0,4,6,0,0,0,0
8483397,14,2,1,3,0,0,13,0.153846,0,-2,0,0,0,0
8482749,12,2,0,2,0,0,14,0.142857,2,-6,0,0,0,0
8482482,23,1,4,5,0,0,33,0.030303,6,3,0,0,0,0
8483565,60,4,12,16,2,1,84,0.047619,24,-2,1,6,0,0
8482507,2,0,0,0,0,0,0,0.0,0,0,0,0,0,0
8475755,5,0,0,0,0,0,5,0.0,4,-2,0,0,0,0
8479639,6,0,0,0,0,0,9,0.0,4,1,0,0,0,0
8478477,28,1,2,3,0,0,19,0.052632,6,-8,0,0,0,0
8481594,3,0,0,0,0,0,3,0.0,0,-1,0,0,0,0
8482635,2,0,1,1,0,0,2,0.0,0,0,0,0,0,0
8479339,52,20,13,33,5,1,116,0.172414,14,-14,15,19,0,0
8483471,5,0,1,1,0,0,1,0.0,2,0,0,0,0,0
8481592,49,7,12,19,1,0,54,0.12963,10,7,0,0,0,0
8482652,24,2,1,3,0,0,15,0.133333,0,-11,0,0,0,0
8482896,21,3,2,5,0,0,11,0.272727,2,-2,1,1,0,0
8481147,3,0,0,0,0,0,1,0.0,0,0,0,0,0,0
8479387,41,0,2,2,0,0,44,0.0,28,0,0,0,0,0
8481564,3,0,0,0,0,0,3,0.0,4,-2,0,0,0,0
8483466,16,1,1,2,0,0,14,0.071429,8,-5,0,0,0,0
8482787,4,2,1,3,0,0,6,0.333333,0,1,0,1,0,0
8478017,5,0,0,0,0,0,4,0.0,10,-4,0,0,0,0
8482166,30,2,7,9,0,0,30,0.066667,8,-7,0,2,0,0
8475857,6,0,1,1,0,0,6,0.0,0,3,0,0,0,0
8483425,38,4,5,9,1,0,39,0.102564,41,2,0,0,0,0
8477463,1,0,0,0,0,0,1,0.0,0,0,0,0,0,0
8483493,53,12,14,26,2,1,91,0.131868,24,-11,1,4,1,2
8482067,2,0,0,0,0,0,1,0.0,5,0,0,0,0,0
8483398,3,1,0,1,0,0,3,0.333333,0,2,0,0,0,0
8479746,5,0,0,0,0,0,2,0.0,0,-1,0,0,0,0
8476867,12,0,1,1,0,0,11,0.0,4,-4,0,0,0,0
8481006,38,3,4,7,0,0,33,0.090909,55,4,0,0,0,1
8482744,2,0,0,0,0,0,0,0.0,0,-1,0,0,0,0
8476858,20,1,5,6,0,0,23,0.043478,4,-2,0,0,0,0
8479550,8,1,0,1,0,0,2,0.5,6,-1,0,0,0,0
8481024,23,3,3,6,1,0,28,0.107143,6,5,1,2,0,0
8484976,17,0,0,0,0,0,8,0.0,2,-3,0,0,0,0
8478021,7,0,1,1,0,0,5,0.0,4,-1,0,0,0,0
8480245,19,0,5,5,0,0,10,0.0,2,-3,0,1,0,0
8479335,6,0,0,0,0,0,2,0.0,2,-2,0,0,0,0
8477541,4,0,1,1,0,0,6,0.0,2,-2,0,0,0,0
8483485,45,4,9,13,0,0,44,0.090909,20,4,0,0,0,0
8482763,12,1,2,3,1,0,21,0.047619,6,-4,1,1,0,0
8484829,5,0,1,1,0,0,3,0.0,0,1,0,0,0,0
8479594,1,0,0,0,0,0,4,0.0,2,0,0,0,0,0
8484321,41,1,3,4,0,0,43,0.023256,20,-2,0,0,0,0
8476994,38,5,5,10,1,0,48,0.104167,10,2,3,3,0,0
8484938,5,0,1,1,0,0,5,0.0,0,0,0,0,0,0
8482712,2,0,0,0,0,0,3,0.0,0,0,0,0,0,0
8478465,3,0,0,0,0,0,2,0.0,0,0,0,0,0,0
8471709,27,1,2,3,0,0,20,0.05,2,-10,0,0,0,1
8484911,33,5,6,11,1,0,40,0.125,8,-4,1,4,1,1
8482703,25,2,5,7,0,0,27,0.074074,17,-3,0,0,0,0
8481056,23,0,3,3,0,0,15,0.0,4,-7,0,0,0,0
8482103,5,0,1,1,0,0,4,0.0,0,1,0,0,0,0
8481754,20,4,2,6,0,0,20,0.2,2,-4,0,0,0,0
8481600,14,0,0,0,0,0,10,0.0,2,-3,0,0,0,0
8480890,2,0,0,0,0,0,0,0.0,0,-1,0,0,0,0
8474563,30,4,13,17,1,0,46,0.086957,20,9,0,6,1,1
8478211,5,0,3,3,0,0,5,0.0,0,-1,0,0,0,0
8482408,12,0,1,1,0,0,13,0.0,7,-1,0,0,0,0
8483406,1,1,0,1,0,0,4,0.25,0,0,1,1,0,0
8484150,1,0,0,0,0,0,2,0.0,2,2,0,0,0,0
8484234,1,0,0,0,0,0,1,0.0,0,2,0,0,0,0
8484768,1,1,0,1,0,0,2,0.5,2,3,0,0,0,0
8484821,1,1,0,1,1,0,1,1.0,0,1,0,0,0,0
8481560,14,3,1,4,0,0,21,0.142857,2,2,0,0,0,0
8483432,15,2,6,8,0,0,18,0.111111,0,2,0,1,0,0
8483538,1,0,0,0,0,0,0,0.0,2,0,0,0,0,0
8483573,24,4,3,7,1,0,23,0.173913,6,3,0,1,0,0
8480084,20,1,5,6,0,0,24,0.041667,0,4,0,0,0,0
8478146,41,2,4,6,1,0,33,0.060606,10,-5,0,0,0,0
8476952,5,0,0,0,0,0,2,0.0,0,0,0,0,0,0
8482209,5,0,4,4,0,0,3,0.0,0,3,0,1,0,0
8479968,26,3,2,5,0,0,52,0.057692,6,-9,0,0,0,0
8480828,17,1,0,1,0,0,9,0.111111,7,-5,0,0,0,0
8482090,1,0,0,0,0,0,1,0.0,0,1,0,0,0,0
8483553,39,8,1,9,1,0,41,0.195122,11,-4,0,0,0,0
8484255,2,0,0,0,0,0,3,0.0,0,0,0,0,0,0
8478507,35,1,13,14,0,0,30,0.033333,2,1,0,0,0,0
8482131,2,0,0,0,0,0,0,0.0,0,-1,0,0,0,0
8483531,2,0,0,0,0,0,2,0.0,0,-1,0,0,0,0
8481719,5,0,0,0,0,0,8,0.0,0,0,0,0,0,0
8483424,12,0,1,1,0,0,10,0.0,0,-2,0,0,0,0
8479022,22,2,3,5,0,0,25,0.08,4,-10,0,0,0,0
8481725,26,4,7,11,1,0,38,0.105263,6,2,0,0,0,0
8478056,6,1,0,1,0,0,4,0.25,0,-2,0,0,0,0
8482807,24,2,4,6,0,0,19,0.105263,6,-3,0,0,0,0
8478147,16,1,0,1,1,0,10,0.1,30,2,0,0,0,0
8484901,1,0,0,0,0,0,0,0.0,0,0,0,0,0,0
8477950,35,4,15,19,1,1,76,0.052632,10,-11,0,4,0,0
8483678,28,1,2,3,0,0,19,0.052632,17,-4,0,0,0,0
8477149,1,0,0,0,0,0,0,0.0,0,-2,0,0,0,0
8479942,9,0,1,1,0,0,5,0.0,15,-1,0,0,0,0
8478400,3,0,0,0,0,0,1,0.0,0,-1,0,0,0,0
8482172,33,2,4,6,1,0,34,0.058824,23,-7,0,0,0,0
8479388,5,0,0,0,0,0,1,0.0,7,-1,0,0,0,0
8481534,9,0,0,0,0,0,10,0.0,2,-4,0,0,0,0
8484135,3,1,0,1,0,0,2,0.5,2,1,0,0,0,0
8481093,1,0,0,0,0,0,0,0.0,0,0,0,0,0,0
8480874,1,0,0,0,0,0,0,0.0,0,-1,0,0,0,0
8481576,2,0,0,0,0,0,0,0.0,0,1,0,0,0,0
8475906,11,1,3,4,0,0,19,0.052632,8,0,0,0,0,0
8478476,1,0,0,0,0,0,0,0.0,4,-2,0,0,0,0
8481848,4,0,0,0,0,0,3,0.0,0,0,0,0,0,0
8482666,14,1,5,6,0,0,23,0.043478,0,4,0,0,0,0
8479249,3,0,1,1,0,0,5,0.0,2,-1,0,0,0,0
8480205,14,0,1,1,0,0,13,0.0,0,0,0,0,0,0
8483465,2,0,0,0,0,0,8,0.0,0,0,0,0,0,0
8482663,2,1,0,1,0,0,1,1.0,0,0,0,0,0,0
8482470,5,0,1,1,0,0,6,0.0,2,-3,0,0,0,0
8483512,4,0,1,1,0,0,6,0.0,0,-4,0,0,0,0
8476425,6,0,1,1,0,0,3,0.0,10,1,0,0,0,0
8476432,26,7,12,19,1,0,70,0.1,4,3,2,3,1,1
8482747,22,0,2,2,0,0,20,0.0,2,7,0,0,0,0
8479356,19,2,2,4,1,0,28,0.071429,6,-6,0,2,0,0
8482088,1,1,0,1,1,0,2,0.5,0,1,0,0,0,0
8481065,8,0,1,1,0,0,9,0.0,0,-1,0,0,0,0
8481422,3,0,0,0,0,0,2,0.0,2,-2,0,0,0,0
8480070,15,0,1,1,0,0,10,0.0,2,-2,0,0,0,0
8475714,19,1,6,7,0,0,9,0.111111,4,1,1,1,0,0
8482802,1,0,0,0,0,0,0,0.0,0,0,0,0,0,0
8482874,1,0,0,0,0,0,0,0.0,0,0,0,0,0,0
8479341,4,0,0,0,0,0,8,0.0,0,0,0,0,0,0
8481486,8,0,0,0,0,0,4,0.0,0,-2,0,0,0,0
8482623,2,0,0,0,0,0,1,0.0,5,-3,0,0,0,0
8484783,18,0,6,6,0,0,21,0.0,8,-13,0,2,0,0
8483497,12,3,3,6,0,0,22,0.136364,4,-3,2,3,0,0
8479419,3,0,0,0,0,0,0,0.0,0,-2,0,0,0,0
8479533,11,1,0,1,0,0,10,0.1,0,-3,0,0,0,0
8484152,6,0,2,2,0,0,7,0.0,8,-4,0,1,0,0
8479523,13,1,3,4,1,0,15,0.066667,14,-2,0,0,0,0
8484164,2,0,0,0,0,0,2,0.0,0,0,0,0,0,0
8483481,11,2,1,3,0,0,12,0.166667,4,-10,1,1,0,0
8483506,9,0,5,5,0,0,22,0.0,0,1,0,3,0,0
8484197,9,0,4,4,0,0,10,0.0,4,-2,0,0,0,0
8482758,8,0,7,7,0,0,15,0.0,4,0,0,3,0,0
8484186,9,1,0,1,0,0,17,0.058824,11,-4,0,0,0,0
8483516,7,1,3,4,0,0,10,0.1,0,0,1,1,0,0
8484210,5,0,0,0,0,0,5,0.0,0,-1,0,0,0,0
8477034,8,0,0,0,0,0,5,0.0,2,-2,0,0,0,0
8479994,7,0,1,1,0,0,8,0.0,4,3,0,0,0,0
8482785,2,1,1,2,0,0,3,0.333333,0,1,0,0,0,0
8483500,8,0,0,0,0,0,4,0.0,2,-6,0,0,0,0
8485483,5,0,0,0,0,0,4,0.0,2,-1,0,0,0,0
8482641,2,0,1,1,0,0,0,0.0,2,1,0,0,0,0
8484241,6,0,1,1,0,0,8,0.0,2,0,0,0,0,0
8482213,2,0,0,0,0,0,5,0.0,2,-1,0,0,0,0
8478173,2,0,0,0,0,0,2,0.0,5,-2,0,0,0,0
8482072,2,0,0,0,0,0,1,0.0,2,0,0,0,0,0
8483569,2,1,0,1,0,0,3,0.333333,0,1,0,0,0,0
8480075,1,0,0,0,0,0,0,0.0,0,-1,0,0,0,0
8484406,2,0,0,0,0,0,1,0.0,2,0,0,0,0,0
8482133,1,0,0,0,0,0,1,0.0,0,0,0,0,0,0
8482178,3,0,1,1,0,0,4,0.0,0,1,0,0,0,0
8483450,2,0,0,0,0,0,1,0.0,0,0,0,0,0,0
8484984,2,1,1,2,0,0,5,0.2,0,1,0,0,0,0
8481525,2,0,0,0,0,0,2,0.0,0,3,0,0,0,0
8482715,1,0,0,0,0,0,0,0.0,0,0,0,0,0,0
8485511,2,0,0,0,0,0,1,0.0,2,0,0,0,0,0
8483467,2,0,0,0,0,0,2,0.0,0,1,0,0,0,0
8481558,1,1,0,1,0,0,1,1.0,0,1,0,0,0,0
8483017,1,0,0,0,0,0,2,0.0,0,-1,0,0,0,0
8485512,2,0,0,0,0,0,2,0.0,0,0,0,0,0,0
8482866,1,0,1,1,0,0,1,0.0,0,0,0,0,0,0
8480291,2,1,0,1,0,0,1,1.0,2,-3,0,0,0,0
8481562,2,0,0,0,0,0,5,0.0,2,0,0,0,0,0
8484203,2,0,1,1,0,0,8,0.0,0,0,0,0,0,0
8483461,1,0,0,0,0,0,0,0.0,0,-1,0,0,0,0
8485469,1,0,0,0,0,0,0,0.0,0,1,0,0,0,0
