player_id,games_played,avg_toi,goals,assists,points,game_winning_goals,ot_goals,shots,fo_win_pctg,pim,plus_minus,shooting_pctg,pp_goals,pp_points,sh_goals,sh_points
8475193,927,14:54,227,269,496,32,2,1774,0.38520000000000004,316,43,0.12789999999999999,51,105,0,0
8475287,759,14:50,153,184,337,22,1,1329,0.5257999999999999,383,48,0.1151,25,53,8,13
8475455,974,18:43,39,173,212,6,0,1011,NaN,925,74,NaN,0,1,4,9
8475722,770,15:31,217,206,423,34,3,1744,0.332,394,1,0.1244,45,94,3,5
8476292,825,16:33,177,328,505,34,4,1473,0.2007,252,138,0.1201,34,107,8,13
8476462,835,20:36,151,350,501,33,9,2395,0.25,524,76,0.063,47,163,1,3
8476474,444,12:50,80,88,168,18,1,740,0.4322,241,15,0.1081,22,42,0,0
8477365,384,16:43,15,62,77,1,0,403,NaN,290,43,NaN,0,0,1,5
8477508,572,11:56,47,78,125,4,0,600,0.48090000000000005,169,-30,0.0783,1,2,2,7
8477949,536,17:33,167,215,382,35,3,1344,0.40240000000000004,206,55,0.1242,27,77,9,12
8477979,304,10:48,32,48,80,3,0,333,0.3898,202,10,0.096,2,3,0,0
8478043,349,11:49,40,50,90,6,0,399,0.4728,182,-39,0.1002,0,0,5,6
8478399,367,18:38,10,56,66,2,0,359,NaN,207,32,NaN,1,1,0,1
8478413,435,14:45,55,104,159,5,0,638,0.3533,336,22,0.0862,2,9,0,1
8478414,621,17:10,217,218,435,31,5,1998,0.4202,380,-58,0.10859999999999999,59,104,0,1
8479359,181,12:03,12,22,34,2,0,186,0.4731,65,-16,0.0645,0,0,0,1
8479407,552,16:56,150,297,447,24,2,1230,0.3676,90,-13,0.1219,30,135,3,8
8479414,276,11:34,33,35,68,4,0,319,0.4104,190,-19,0.10339999999999999,4,5,1,1
8479420,448,16:27,176,149,325,20,2,1295,0.4216,203,-56,0.1359,49,87,5,5
8480002,527,18:42,171,251,422,24,6,1285,0.5217,125,21,0.133,40,108,6,12
8480035,407,19:10,19,78,97,3,1,495,NaN,140,-17,NaN,1,7,0,1
8480192,224,17:55,10,35,45,1,0,221,NaN,155,25,NaN,0,0,0,0
8480802,298,14:31,52,76,128,6,0,366,0.5028,56,23,0.142,2,8,5,11
8480807,212,20:21,7,36,43,2,0,226,NaN,88,3,NaN,0,1,0,1
8480839,509,23:16,83,277,360,13,3,1191,NaN,378,-58,NaN,28,144,0,2
8481032,217,12:45,38,29,67,3,0,277,0.5,124,-29,0.1371,2,4,0,0
8481524,246,20:59,33,77,110,5,0,313,NaN,172,26,NaN,3,10,1,2
8481528,362,16:25,82,131,213,5,2,821,0.4765,222,-58,0.0998,15,50,5,7
8481559,368,19:25,141,210,351,22,8,1269,0.3611,62,-35,0.11109999999999999,35,119,1,2
8482097,178,14:33,39,58,97,7,0,311,0.3061,41,-26,0.12539999999999998,6,23,0,1
8482110,328,17:03,83,84,167,13,1,590,0.39289999999999997,87,-25,0.1406,14,28,3,5
8482175,238,16:05,67,83,150,9,0,527,0.2777,88,-6,0.12710000000000002,11,30,0,0
8482671,242,22:39,19,92,111,2,1,387,NaN,70,8,NaN,1,20,0,2
8483429,14,12:39,4,4,8,1,0,12,NaN,0,3,NaN,2,3,0,0
8483495,87,18:21,5,18,23,2,0,99,NaN,47,-17,NaN,0,4,0,0
8484145,146,14:40,21,37,58,1,0,218,0.2368,96,-5,0.09630000000000001,3,6,0,0
8477073,288,9:09,11,20,31,2,0,180,0.6666,391,-29,0.0611,0,0,0,1
8481522,296,13:37,30,64,94,4,0,289,0.46,199,-30,0.1038,2,14,2,2
8483468,63,14:48,15,9,24,3,1,135,0.4543,18,-5,0.11109999999999999,0,0,0,0
8470600,1526,24:05,107,589,696,20,2,2425,0.4,785,127,0.0441,36,254,5,17
8474586,1060,17:32,308,420,728,47,6,2417,0.41659999999999997,265,-60,0.1274,70,185,3,3
8475170,1022,17:31,278,407,685,60,13,2067,0.48109999999999997,592,-43,0.1344,92,205,1,1
8475181,1042,20:44,75,341,416,9,3,1370,NaN,203,-36,NaN,19,122,1,3
8475753,980,23:00,130,328,458,33,4,2287,0.0,478,-66,0.056799999999999996,47,146,3,8
8475768,811,17:37,222,305,527,29,5,1822,0.4954,237,23,0.12179999999999999,56,112,4,6
8476457,930,21:20,52,189,241,11,3,1185,1.0,535,50,0.0438,0,5,1,8
8476467,680,17:34,40,106,146,8,0,739,NaN,487,-6,NaN,1,1,0,4
8476826,602,16:29,133,214,347,28,6,1023,0.48619999999999997,454,46,0.13,21,48,9,16
8476889,708,14:55,94,121,215,15,0,950,0.5232,386,-13,0.0989,6,12,8,13
8476892,723,22:29,77,218,295,20,4,1510,NaN,198,67,NaN,17,44,2,8
8476905,573,16:35,102,219,321,23,1,648,0.5239,156,42,0.1574,20,67,10,16
8477402,593,17:30,182,276,458,21,3,1252,0.3312,253,63,0.14529999999999998,44,119,7,15
8477416,624,15:39,172,212,384,18,1,1462,0.3333,120,-39,0.1176,38,90,0,0
8477444,696,14:07,153,234,387,32,5,1152,0.4343,167,34,0.1328,26,84,0,0
8477573,229,11:12,28,28,56,3,0,220,0.5147999999999999,122,0,0.1272,0,0,0,1
8477953,527,14:20,90,132,222,19,4,853,0.371,126,-12,0.10550000000000001,5,21,7,8
8477955,668,15:06,184,214,398,24,4,1513,0.4274,218,16,0.1216,40,96,10,12
8477986,601,21:19,84,209,293,20,4,1365,NaN,451,18,NaN,16,91,3,4
8478407,542,19:56,75,211,286,11,4,1026,0.5,339,34,0.073,19,88,0,1
8478472,420,13:06,59,90,149,9,1,534,0.389,196,13,0.1104,2,5,6,13
8478840,298,16:46,13,55,68,1,0,312,NaN,186,-6,NaN,0,0,1,1
8479293,552,13:41,84,96,180,12,2,740,0.2686,249,42,0.11349999999999999,2,3,10,15
8479385,416,16:26,150,182,332,19,1,1103,0.40270000000000006,108,-16,0.1359,31,84,0,2
8480009,345,14:30,80,74,154,15,1,627,0.32299999999999995,81,-19,0.1275,14,41,0,0
8480023,466,17:36,107,289,396,19,3,725,0.5154,148,46,0.1475,23,96,5,8
8480074,232,14:28,40,50,90,3,1,348,0.3554,92,-15,0.1149,1,5,3,4
8480281,259,12:12,30,30,60,2,0,333,0.3043,82,-7,0.09,0,0,3,3
8481598,149,16:16,10,32,42,2,1,164,NaN,26,16,NaN,0,3,0,0
8481789,140,10:52,17,16,33,1,0,165,0.4313,80,-15,0.10300000000000001,0,0,1,1
8482077,166,13:21,35,46,81,9,1,278,0.4365,66,20,0.1258,7,14,0,0
8482089,211,14:50,56,40,96,9,1,328,0.3478,103,-37,0.1707,15,28,0,0
8482516,70,15:14,1,9,10,0,0,48,NaN,22,-4,NaN,0,0,0,0
8482665,249,17:53,62,84,146,7,2,446,0.4587,36,2,0.139,17,36,0,1
8482858,109,19:23,6,28,34,0,0,103,NaN,50,-17,NaN,1,8,0,0
8483524,95,13:33,24,27,51,5,0,107,0.4458,20,9,0.2242,7,14,0,0
8473419,1100,18:02,424,556,980,82,21,2811,0.3895,1115,285,0.1508,84,247,36,59
8475179,1018,19:27,50,197,247,9,3,1166,NaN,629,-24,NaN,10,52,1,4
8475745,950,16:44,189,296,485,38,2,1632,0.4861,355,47,0.1158,25,63,8,18
8476854,762,22:20,73,240,313,13,3,1294,0.25,441,147,0.0564,14,81,1,5
8477409,411,16:23,147,155,302,22,3,1094,0.46399999999999997,215,52,0.1343,22,56,1,1
8477493,804,20:07,286,496,782,52,10,2097,0.53,164,124,0.1363,84,243,13,23
8477496,900,18:28,235,369,604,47,6,1947,0.537,215,11,0.1206,69,185,6,22
8477507,723,18:22,51,117,168,5,1,877,1.0,846,37,0.0581,2,9,0,3
8477932,732,22:53,118,262,380,26,7,1794,NaN,505,96,NaN,41,122,2,8
8477933,775,18:43,294,325,619,45,4,1847,0.43320000000000003,173,-49,0.1591,118,213,10,16
8477935,691,15:23,162,174,336,25,3,1565,0.46990000000000004,670,-21,0.1035,34,66,0,2
8477956,756,18:21,391,442,833,64,12,2819,0.3243,342,141,0.1387,122,260,0,0
8478055,477,20:52,57,135,192,7,4,990,0.0,167,158,0.0575,4,17,1,5
8478401,628,16:31,125,217,342,24,6,1056,0.48710000000000003,165,-36,0.1183,34,81,7,12
8478421,248,8:57,19,30,49,4,0,253,0.39130000000000004,335,4,0.075,1,1,1,1
8478443,637,19:47,29,83,112,2,0,809,1.0,344,133,0.0358,0,1,2,7
8478542,547,15:04,96,143,239,9,0,1232,0.4556,179,-1,0.0779,27,50,0,3
8478859,328,18:20,14,48,62,0,0,361,NaN,263,15,NaN,0,0,1,2
8479314,642,17:54,240,396,636,26,2,1887,0.40659999999999996,690,130,0.12710000000000002,76,208,1,2
8479325,504,23:26,60,240,300,18,7,851,NaN,429,144,NaN,14,76,2,5
8479365,338,12:24,55,54,109,11,0,485,0.4436,307,18,0.1134,3,5,0,1
8479368,284,12:53,32,32,64,4,0,439,0.4125,229,-57,0.0728,2,6,1,1
8479369,309,19:23,11,50,61,1,0,307,NaN,119,-69,NaN,0,0,1,4
8479638,95,11:43,16,13,29,4,0,120,0.2608,20,-5,0.1333,6,7,0,0
8479981,160,8:23,10,8,18,2,0,140,0.41659999999999997,312,-20,0.07139999999999999,0,0,0,0
8479987,333,13:29,72,87,159,8,0,492,0.4854,104,11,0.1463,11,28,0,0
8480003,314,12:06,46,46,92,8,1,354,0.37079999999999996,44,-9,0.12990000000000002,1,2,1,1
8480185,374,14:50,50,79,129,11,1,465,0.43920000000000003,106,20,0.1075,4,9,3,7
8480355,205,9:06,19,20,39,3,0,211,0.5578,285,-15,0.09,0,0,0,0
8480871,244,16:57,27,72,99,3,0,306,NaN,50,-50,NaN,5,35,0,0
8481043,99,10:28,11,9,20,2,0,106,0.0,19,-4,0.10369999999999999,0,0,0,0
8481556,130,11:01,10,11,21,1,0,82,0.5326,50,-15,0.1219,0,0,0,0
8482113,295,16:04,60,97,157,8,1,601,0.504,143,70,0.0998,4,20,5,9
8482511,118,18:38,9,37,46,1,0,135,NaN,34,-45,NaN,2,19,0,0
8482713,79,13:13,15,16,31,5,0,140,0.0,12,-7,0.10710000000000001,4,11,0,0
8484304,102,14:40,5,16,21,0,0,114,0.0,35,-7,0.0438,0,4,0,0
8473422,1233,16:00,247,350,597,33,3,2180,0.4816,980,-41,0.1133,60,143,3,7
8474013,908,18:00,35,175,210,4,0,940,NaN,821,152,NaN,0,6,0,2
8474034,848,13:09,126,197,323,19,0,1195,0.3968,1087,6,0.1054,20,59,0,0
8474166,862,19:33,88,201,289,16,4,1205,0.0,250,73,0.073,19,84,2,4
8474673,962,21:52,58,300,358,12,6,1017,0.0,312,66,0.057,10,69,3,13
8475225,987,14:01,220,232,452,32,3,2319,0.4053,395,88,0.09480000000000001,48,89,0,0
8475791,909,18:12,284,455,739,50,13,2769,0.45020000000000004,482,-43,0.1025,82,204,1,2
8476473,745,19:31,43,117,160,6,1,963,0.0,489,-63,0.0446,2,4,3,6
8476882,752,16:49,170,347,517,21,2,1557,0.4508,138,84,0.1091,54,175,7,22
8477021,605,15:03,98,194,292,9,0,807,0.47700000000000004,200,-9,0.12140000000000001,14,55,6,11
8477070,227,9:42,11,24,35,0,0,204,0.2622,491,2,0.053899999999999997,0,0,0,0
8477450,502,14:44,68,87,155,10,3,634,0.4731,192,-27,0.1072,3,4,0,5
8477479,488,16:58,136,171,307,15,2,944,0.35810000000000003,299,-76,0.14400000000000002,35,76,1,2
8477495,860,23:46,99,342,441,21,12,1905,NaN,308,-139,NaN,27,150,1,8
8477951,588,17:36,142,281,423,19,2,1045,0.41450000000000004,126,-25,0.1358,43,109,1,4
8477987,483,13:21,108,119,227,8,1,974,0.43729999999999997,183,-45,0.1108,14,40,0,0
8478474,585,14:45,115,100,215,17,0,986,0.3981,363,-54,0.1166,17,28,5,6
8478831,288,12:59,42,30,72,6,0,351,0.5384,144,-15,0.11960000000000001,3,6,5,5
8479315,169,12:41,19,21,40,2,0,195,0.4545,18,-10,0.0974,0,0,1,1
8479343,601,18:37,196,312,508,28,7,1566,0.40659999999999996,231,-73,0.1251,43,163,2,4
8479410,552,21:01,63,247,310,12,2,987,0.5,314,39,0.0638,15,107,2,4
8479976,271,17:20,11,61,72,2,0,313,NaN,133,-7,NaN,1,16,0,0
8480434,242,20:46,25,92,117,2,0,410,NaN,187,-18,NaN,7,49,0,1
8480798,317,15:30,48,82,130,8,3,449,0.4446,75,-129,0.1069,11,34,0,0
8480849,291,16:02,55,75,130,13,2,518,0.5083,147,-31,0.1061,14,32,0,1
8480855,241,13:28,35,47,82,5,1,244,0.4522,198,2,0.1434,1,3,0,0
8480891,156,16:52,12,41,53,3,1,234,NaN,161,14,NaN,1,3,0,0
8481568,179,21:38,7,42,49,1,0,190,NaN,59,-30,NaN,1,14,0,1
8481609,74,14:13,4,10,14,1,0,51,NaN,18,-7,NaN,0,0,0,0
8481624,350,15:13,80,85,165,13,0,728,0.2711,58,36,0.10980000000000001,5,8,8,9
8481711,224,15:15,37,93,130,3,1,317,0.37829999999999997,38,-27,0.1167,3,29,0,1
8482659,62,13:18,12,16,28,2,0,111,0.41229999999999994,8,4,0.1081,3,4,0,0
8482699,148,15:55,51,59,110,14,4,378,0.2903,50,-12,0.1349,25,48,1,2
8482700,43,15:08,1,7,8,0,0,17,NaN,16,-13,NaN,0,0,0,0
8483431,157,16:48,45,64,109,4,1,309,0.4154,64,-12,0.1456,10,33,1,1
8484144,150,20:03,45,83,128,7,2,401,0.38549999999999995,98,-80,0.11220000000000001,15,50,0,0
8471817,912,8:46,63,74,137,9,0,597,0.4364,1100,-49,0.10550000000000001,3,3,0,0
8474157,939,17:16,335,346,681,66,16,3048,0.4475,509,53,0.1099,80,175,7,10
8475166,1184,19:18,494,620,1114,82,18,3749,0.5385,521,-21,0.1317,155,370,3,6
8475171,1059,22:38,148,352,500,36,8,2229,0.0,684,-104,0.0663,61,190,4,7
8475233,870,20:15,54,188,242,7,0,1133,1.0,467,-29,0.047599999999999996,6,25,0,7
8475690,867,19:58,36,172,208,10,4,704,NaN,218,153,NaN,2,8,1,6
8475848,834,15:26,239,225,464,27,0,2391,0.4207,555,26,0.0999,49,86,1,1
8476469,586,14:35,103,104,207,12,0,1068,0.2746,192,-11,0.0964,7,24,17,22
8476853,873,22:08,87,426,513,15,6,1857,0.0,250,-23,0.046799999999999994,15,173,1,6
8476875,627,21:52,74,191,265,14,4,1271,0.5,360,-32,0.0582,8,63,2,9
8476931,643,19:48,35,140,175,6,1,674,0.0,388,7,0.0519,3,7,2,4
8476981,616,15:42,146,104,250,25,2,1311,0.4386,551,-36,0.11130000000000001,11,22,5,6
8477503,735,15:53,138,312,450,15,5,1408,0.4866,706,-4,0.098,21,89,0,1
8477939,685,17:47,262,350,612,47,13,2010,0.5038,184,34,0.1303,74,199,3,4
8477989,534,16:24,105,144,249,12,1,807,0.5307999999999999,120,-60,0.1301,22,45,2,2
8478133,350,14:49,40,88,128,6,0,409,0.516,113,-7,0.0978,1,1,5,12
8478483,657,20:03,221,520,741,37,7,1664,0.43079999999999996,198,128,0.1328,50,228,10,18
8478904,310,10:43,29,33,62,8,0,337,0.4833,51,-20,0.086,1,1,2,3
8479318,629,19:52,401,326,727,63,13,2534,0.5329,134,151,0.1582,104,203,2,3
8479718,70,11:58,12,6,18,0,0,89,0.4375,16,-11,0.1348,4,5,0,0
8479982,159,15:46,6,40,46,1,0,150,NaN,64,21,NaN,0,6,0,0
8480018,455,19:41,138,237,375,18,6,953,0.491,139,-57,0.1448,42,122,7,10
8480144,536,14:03,48,95,143,5,0,604,0.5141,114,-16,0.0794,0,0,4,10
8480995,159,11:46,19,30,49,3,0,149,0.4611,63,15,0.1275,1,2,1,1
8481122,279,17:02,6,24,30,0,0,230,NaN,199,-18,NaN,0,0,0,1
8481523,269,16:44,43,78,121,6,1,437,0.36119999999999997,154,-51,0.0983,10,33,0,3
8481540,287,17:59,118,101,219,23,8,930,0.439,44,-30,0.1268,31,61,0,0
8481582,156,11:28,32,24,56,5,1,258,0.3809,24,2,0.124,3,5,0,0
8481618,296,14:44,57,69,126,13,0,440,0.4177,78,-16,0.1295,7,20,0,0
8482087,169,20:52,16,42,58,2,1,214,NaN,130,-21,NaN,0,0,0,1
8482111,156,17:30,18,25,43,2,1,186,NaN,59,-26,NaN,2,4,1,1
8482476,66,11:18,10,8,18,0,0,64,0.11109999999999999,20,-4,0.1562,3,5,0,0
8482720,161,16:01,44,50,94,9,1,271,0.0,90,17,0.1623,5,17,0,1
8482964,165,15:10,9,20,29,0,0,205,NaN,300,-16,NaN,2,3,0,0
8483457,84,22:44,6,62,68,0,0,94,NaN,34,-4,NaN,1,26,0,0
8483515,200,16:35,42,69,111,3,0,327,0.4081,133,-28,0.1284,12,26,0,0
8471215,1213,19:34,514,832,1346,86,14,3810,0.4487,1202,28,0.1349,183,508,4,5
8471675,1352,20:40,625,1062,1687,100,24,4299,0.5285,854,197,0.14529999999999998,184,587,4,11
8471724,1161,24:12,175,597,772,34,11,2946,0.2,805,85,0.0594,56,285,6,16
8474189,1116,15:05,188,236,424,28,4,1909,0.5027,635,-30,0.0984,17,43,9,17
8474578,1084,25:14,200,670,870,38,12,2974,0.0,486,-123,0.0672,44,305,2,7
8475184,883,16:56,326,256,582,50,3,2160,0.4267,575,121,0.1509,116,180,13,16
8475191,919,16:46,226,327,553,35,4,1902,0.3653,234,137,0.1188,48,116,15,25
8475763,777,15:55,181,257,438,26,4,1603,0.47840000000000005,225,-37,0.11289999999999999,33,85,10,19
8475842,320,11:28,34,39,73,2,1,371,0.5168,374,-36,0.0916,1,2,4,6
8476389,801,19:12,223,355,578,34,4,2050,0.5404,529,11,0.10869999999999999,63,157,14,17
8476459,930,18:22,314,426,740,42,8,2409,0.498,257,22,0.1303,120,251,13,33
8476483,802,17:20,236,283,519,33,8,2025,0.4535,172,-39,0.1165,57,131,0,3
8476885,825,22:14,74,249,323,10,2,1728,0.0,670,48,0.042800000000000005,13,57,4,15
8476891,527,18:27,26,149,175,6,1,741,NaN,253,131,NaN,3,42,0,1
8477380,209,10:43,27,28,55,5,0,322,0.4971,44,13,0.08380000000000001,1,2,0,0
8477435,433,18:20,32,86,118,3,0,629,NaN,213,79,NaN,0,0,0,4
8477969,522,18:57,18,144,162,2,1,583,1.0,314,85,0.0308,1,8,0,2
8478047,344,15:37,95,124,219,11,0,715,0.4242,322,9,0.1328,30,56,0,0
8478463,631,15:01,131,140,271,22,5,1214,0.436,119,-18,0.1079,20,42,2,2
8478550,752,19:41,302,568,870,47,10,2053,0.20679999999999998,222,147,0.1471,75,265,0,1
8478569,518,13:34,68,51,119,12,0,651,0.5132,168,-42,0.10439999999999999,1,3,2,6
8479323,431,23:06,63,306,369,19,3,816,0.0,174,117,0.07719999999999999,11,149,4,12
8479344,387,13:12,58,70,128,4,0,709,0.15,139,6,0.0818,9,16,0,0
8479996,252,13:55,35,58,93,5,1,392,0.47700000000000004,70,-6,0.0892,12,23,0,0
8480078,393,14:10,77,93,170,10,1,811,0.41729999999999995,98,-18,0.0949,8,22,0,0
8480817,368,21:27,36,96,132,9,2,483,NaN,162,49,NaN,1,8,0,4
8481030,33,15:14,0,2,2,0,0,23,NaN,19,-3,NaN,0,0,0,0
8481554,379,14:46,71,90,161,11,1,585,0.47609999999999997,104,2,0.1213,10,30,0,0
8481708,115,15:54,4,24,28,2,0,128,NaN,38,-10,NaN,0,2,0,0
8481726,62,9:07,7,4,11,2,0,47,0.0,29,-3,0.1489,0,0,0,0
8482055,241,13:23,34,41,75,4,1,387,0.4189,72,-8,0.08779999999999999,1,2,2,4
8482073,286,16:20,18,51,69,3,1,294,NaN,59,22,NaN,0,1,2,3
8482109,380,15:36,92,101,193,19,3,682,0.32689999999999997,156,-6,0.1348,7,16,0,0
8482157,167,12:58,33,33,66,5,0,272,0.2888,108,7,0.1213,3,5,2,3
8483487,8,14:37,1,2,3,0,0,11,0.0,0,0,0.0909,0,0,0,0
8483768,31,15:18,2,6,8,0,0,27,NaN,10,-9,NaN,1,1,0,0
8470621,1392,16:35,448,487,935,78,6,3460,0.3188,1487,57,0.1294,124,288,6,10
8474641,993,17:28,275,282,557,44,7,1802,0.5045000000000001,304,-10,0.15259999999999999,65,136,17,33
8475218,884,21:44,86,274,360,18,4,1524,0.0,428,187,0.0564,14,55,4,13
8475784,1078,16:43,373,326,699,47,7,3330,0.44530000000000003,477,-129,0.11199999999999999,75,164,0,0
8475786,653,18:31,230,213,443,35,3,1695,0.4428,356,121,0.1356,47,79,8,12
8475799,969,14:51,240,240,480,36,2,1926,0.4468,432,81,0.1246,54,99,1,1
8476331,636,18:41,20,143,163,3,0,697,NaN,303,111,NaN,2,11,2,9
8476392,775,15:09,121,152,273,20,2,1081,0.5138,420,50,0.1119,6,22,11,22
8476454,959,19:25,271,477,748,36,5,2255,0.4464,334,-19,0.1201,77,291,9,21
8476460,879,20:03,336,468,804,59,17,1955,0.4679,421,77,0.1718,89,204,2,8
8476480,786,14:46,137,199,336,14,2,1117,0.4304,406,46,0.1226,23,55,8,15
8476525,572,17:15,43,138,181,6,1,886,1.0,362,6,0.048499999999999995,10,51,0,1
8476967,580,16:49,28,97,125,4,0,796,NaN,238,6,NaN,0,1,1,5
8477015,601,16:04,107,151,258,12,1,1004,0.3875,110,-10,0.1065,8,30,9,19
8477406,637,14:40,82,131,213,9,2,816,0.392,205,-16,0.10039999999999999,9,19,10,17
8477498,716,22:41,81,219,300,13,6,1696,NaN,621,78,NaN,3,36,6,10
8477504,662,22:45,80,293,373,17,4,1246,0.5,321,80,0.0642,19,117,1,2
8477934,790,20:35,399,557,956,72,19,2147,0.53,340,87,0.1858,162,329,9,13
8477938,307,15:15,10,34,44,1,0,378,NaN,85,-29,NaN,0,0,0,1
8477940,674,16:26,225,295,520,39,6,1895,0.322,222,106,0.11869999999999999,40,111,1,1
8478042,613,16:30,194,195,389,33,3,1786,0.35159999999999997,256,43,0.10859999999999999,33,74,11,14
8478398,613,19:36,284,298,582,60,12,1926,0.3378,139,-9,0.1474,67,166,7,8
8478402,712,21:44,361,721,1082,72,16,2407,0.47740000000000005,286,169,0.1499,87,364,8,17
8478408,348,15:50,16,46,62,2,0,352,NaN,130,12,NaN,0,0,0,0
8478585,606,12:46,82,127,209,7,0,691,0.5527000000000001,158,14,0.1186,11,27,6,14
8478891,400,14:08,57,81,138,10,0,570,0.4081,124,35,0.1,3,4,2,4
8480014,270,16:03,90,85,175,21,0,494,0.469,64,17,0.1821,32,56,0,0
8480049,216,16:54,9,42,51,2,1,235,NaN,98,63,NaN,0,2,0,2
8480113,584,16:37,111,151,262,19,3,1114,0.42450000000000004,101,39,0.09960000000000001,30,54,1,3
8480145,536,21:47,44,212,256,8,3,1014,0.0,296,22,0.0433,13,88,0,3
8480289,256,11:12,30,30,60,5,0,334,0.5,80,17,0.0898,0,2,3,5
8480803,347,20:45,55,183,238,12,4,864,NaN,124,57,NaN,17,83,0,2
8480834,106,16:05,3,20,23,1,0,93,NaN,24,-9,NaN,0,1,0,1
8480845,217,10:31,14,24,38,2,0,193,0.5038,52,-21,0.0725,1,3,1,2
8481617,219,12:37,26,33,59,5,0,290,0.32,91,-1,0.08960000000000001,2,3,0,0
8482149,222,14:32,47,78,125,6,0,396,0.3406,48,38,0.1186,11,32,0,0
8474150,1066,17:18,215,348,563,38,8,2576,0.4901,487,66,0.0834,36,105,18,31
8474574,1066,21:48,99,296,395,19,4,1694,0.0,861,11,0.0584,19,93,7,16
8475172,985,17:24,307,403,710,44,8,2774,0.4869,760,-50,0.1106,93,211,1,1
8475762,550,19:06,19,87,106,5,0,519,0.5,344,23,0.0366,0,1,2,4
8476399,624,15:56,150,140,290,25,1,1495,0.4288,467,38,0.1003,12,15,18,26
8476456,912,18:03,253,529,782,35,6,1997,0.40409999999999996,460,1,0.1266,62,247,7,10
8476468,871,17:31,260,449,709,50,14,1730,0.5434,496,61,0.1502,68,229,11,24
8476927,418,14:24,49,103,152,5,0,553,0.5013000000000001,166,19,0.0886,0,0,7,15
8477346,550,20:58,59,192,251,9,1,1073,0.5,386,112,0.054900000000000004,8,46,1,9
8477369,365,16:45,27,60,87,5,0,406,NaN,244,60,NaN,1,4,2,4
8477511,507,16:13,146,157,303,13,3,1143,0.41200000000000003,277,-13,0.1277,33,56,1,1
8478046,566,13:41,96,145,241,14,0,875,0.3546,131,28,0.1097,13,35,3,3
8478397,536,21:37,47,184,231,9,2,976,NaN,279,-15,NaN,7,69,2,4
8478444,554,18:20,204,230,434,28,3,1445,0.3908,142,-33,0.1411,73,146,1,2
8478466,374,11:58,87,79,166,12,1,776,0.38770000000000004,68,-3,0.1121,15,36,0,0
8478498,547,15:55,166,148,314,36,5,1281,0.34340000000000004,119,36,0.1295,44,80,2,3
8478856,485,15:44,122,169,291,20,3,1152,0.3529,212,18,0.1059,22,62,0,0
8479066,337,9:59,31,32,63,4,0,412,0.35609999999999997,416,-5,0.07519999999999999,1,1,0,1
8479291,330,11:38,32,28,60,2,0,331,0.46270000000000006,134,-12,0.0966,0,0,5,7
8479402,261,16:44,15,48,63,2,2,309,NaN,84,-19,NaN,1,10,0,1
8479425,451,22:43,40,198,238,1,0,800,1.0,240,-55,0.05,10,67,0,1
8479576,165,15:19,1,18,19,0,0,86,NaN,130,9,NaN,0,0,0,2
8480012,471,19:03,185,272,457,33,7,1134,0.4569,88,46,0.1631,58,150,7,14
8480748,265,12:41,43,55,98,10,1,412,0.475,120,25,0.1043,1,4,1,2
8480800,433,24:22,59,350,409,8,3,925,NaN,175,31,NaN,14,178,0,3
8480860,221,17:56,7,38,45,1,0,193,NaN,162,-7,NaN,1,1,0,0
8481028,144,13:20,12,37,49,1,0,231,0.4177,193,17,0.0519,1,4,0,0
8481167,138,14:30,5,16,21,0,0,132,NaN,147,2,NaN,0,0,0,2
8481535,293,12:57,58,57,115,8,0,482,0.3333,127,14,0.12029999999999999,2,5,0,0
8482074,117,15:39,27,34,61,5,1,201,0.3942,36,5,0.1343,2,13,0,0
8482496,130,11:36,8,21,29,1,0,86,0.39799999999999996,28,-17,0.09300000000000001,0,0,0,2
8482624,93,17:26,7,16,23,1,0,135,NaN,24,-6,NaN,1,5,0,0
8482691,48,9:57,9,5,14,0,0,50,0.5672999999999999,18,-1,0.18,0,1,0,0
8483609,37,9:11,7,4,11,0,0,48,0.3333,48,-4,0.1458,0,0,0,0
8483808,219,15:37,72,85,157,12,3,347,0.6666,34,-6,0.20739999999999997,26,51,0,0
8484180,5,12:24,0,0,0,0,0,6,0.0,2,-1,0.0,0,0,0,0
8474565,1087,24:22,148,489,637,33,6,2588,0.3333,355,123,0.0571,38,192,1,18
8475177,679,18:27,24,125,149,4,0,894,0.0,249,-6,0.0268,2,8,1,1
8475188,822,18:58,33,146,179,4,0,886,1.0,541,158,0.037200000000000004,1,8,2,9
8475913,706,19:00,231,403,634,42,6,1510,0.4267,229,141,0.15289999999999998,51,162,9,17
8476312,626,19:17,39,131,170,7,1,819,0.0,600,46,0.047599999999999996,0,1,2,8
8476871,722,14:42,150,162,312,28,6,1386,0.3696,238,1,0.1082,19,43,4,7
8476881,791,17:53,252,297,549,39,8,1814,0.5384,276,-76,0.1389,65,134,6,10
8477425,513,13:05,91,91,182,10,0,1100,0.3139,550,-73,0.0827,11,16,1,1
8477447,564,21:22,78,285,363,18,8,1388,1.0,177,86,0.056100000000000004,16,109,1,3
8477492,870,20:32,367,648,1015,69,14,3492,0.46299999999999997,389,172,0.105,102,326,2,4
8477494,607,16:33,107,267,374,19,3,1079,0.43700000000000006,219,-70,0.09910000000000001,28,125,0,0
8477964,585,14:38,126,164,290,16,1,713,0.4232,186,55,0.17670000000000002,12,23,5,8
8478038,473,23:20,62,216,278,14,5,944,0.0,126,186,0.06559999999999999,8,43,0,2
8478109,370,15:18,105,106,211,20,3,777,0.2,44,-46,0.1351,41,69,0,1
8478396,758,20:36,72,253,325,12,2,1406,NaN,201,7,NaN,15,82,1,6
8478403,616,20:09,239,369,608,39,11,2191,0.4476,193,-4,0.109,62,205,2,8
8478420,652,20:25,294,411,705,47,5,1840,0.5084000000000001,408,91,0.1597,103,254,0,0
8478434,357,11:45,38,65,103,5,0,365,0.41729999999999995,268,-9,0.1041,1,1,2,4
8478462,369,14:56,68,98,166,15,1,561,0.4772,171,37,0.12119999999999999,9,23,1,3
8479353,431,13:25,62,79,141,9,1,464,0.4877,205,-9,0.1336,1,4,3,8
8479398,548,20:35,34,189,223,5,2,741,1.0,107,6,0.0458,3,61,0,1
8479525,331,13:00,80,72,152,16,0,629,0.5129,169,-10,0.12710000000000002,13,26,0,0
8479980,364,17:33,20,63,83,3,1,530,NaN,235,20,NaN,1,4,0,0
8479999,438,15:45,81,155,236,11,2,668,0.45289999999999997,106,-74,0.12119999999999999,19,64,2,3
8480069,395,24:47,116,312,428,24,6,1118,NaN,110,136,NaN,41,179,3,7
8480448,257,11:35,25,29,54,3,0,293,0.41859999999999997,156,-21,0.08529999999999999,0,0,3,6
8480727,321,17:34,21,50,71,4,0,344,NaN,158,50,NaN,0,0,1,2
8481042,57,12:20,7,13,20,0,0,45,0.22219999999999998,16,-9,0.1555,3,4,0,0
8481186,343,13:39,45,58,103,7,0,458,0.3693,143,34,0.09820000000000001,0,0,6,11
8481604,149,15:05,55,30,85,11,0,392,0.23800000000000002,50,14,0.14029999999999998,15,21,0,0
8481641,298,11:16,35,25,60,2,0,320,0.38659999999999994,92,1,0.1093,1,1,2,2
8482125,163,11:30,23,23,46,3,0,224,0.275,34,-29,0.1026,4,7,0,0
8482153,24,11:25,2,6,8,1,0,27,0.5,2,-8,0.07400000000000001,1,2,0,0
8483930,40,10:02,5,3,8,0,0,34,0.40869999999999995,8,-9,0.147,2,3,0,0
8484221,7,12:47,1,0,1,0,0,11,0.4285,0,-7,0.0909,0,0,0,0
8484258,99,15:33,8,17,25,1,0,146,NaN,22,11,NaN,1,3,0,0
8478450,108,17:23,1,15,16,0,0,86,NaN,45,1,NaN,0,0,0,0
8479362,24,8:37,2,1,3,1,0,14,0.5,10,-6,0.14279999999999998,0,0,0,0
8482775,18,10:53,0,2,2,0,0,16,0.4285,2,-5,0.0,0,1,0,0
8471685,1454,20:48,440,838,1278,78,9,3328,0.5338,348,108,0.1322,124,445,14,28
8473453,1034,12:54,104,133,237,24,0,1696,0.42829999999999996,243,-41,0.0613,3,9,11,13
8476441,603,18:45,35,95,130,3,0,809,0.0,483,46,0.0432,0,1,0,1
8476479,711,17:13,125,269,394,19,2,1265,0.5307999999999999,323,82,0.09880000000000001,10,46,1,13
8477335,201,15:20,5,17,22,1,0,174,0.0,216,-45,0.0287,0,1,0,0
8477942,651,16:34,211,277,488,33,6,1765,0.3286,369,13,0.1195,58,152,1,1
8477960,630,16:51,194,207,401,32,7,1524,0.4086,371,25,0.1272,36,116,13,17
8477998,513,13:42,104,105,209,21,0,1000,0.46340000000000003,197,36,0.10400000000000001,4,6,5,6
8478882,435,21:12,29,106,135,6,3,552,NaN,194,24,NaN,0,0,1,5
8479661,294,13:28,49,44,93,7,1,369,0.39390000000000003,403,-9,0.13269999999999998,3,5,2,4
8479675,416,15:42,94,121,215,9,0,936,0.3386,102,38,0.10039999999999999,7,21,11,14
8479998,345,21:17,17,65,82,4,0,382,NaN,124,69,NaN,1,1,0,4
8481532,100,11:01,10,19,29,2,0,108,0.45630000000000004,33,9,0.0925,1,1,0,0
8481606,180,16:09,8,53,61,1,0,213,NaN,30,29,NaN,1,13,0,0
8481732,19,9:10,1,2,3,1,0,18,NaN,11,-5,NaN,0,0,0,0
8482124,260,15:57,51,91,142,9,3,440,0.44420000000000004,140,42,0.1159,10,23,1,1
8482155,158,14:50,31,34,65,6,0,340,0.3909,66,8,0.0911,2,7,0,0
8482730,103,15:38,7,34,41,1,1,173,NaN,62,6,NaN,2,13,0,0
8473512,1263,19:29,365,751,1116,57,13,3183,0.5632,496,16,0.11460000000000001,100,411,9,21
8474102,1174,16:44,319,465,784,47,9,2484,0.3851,837,-5,0.1284,88,247,4,7
8474612,900,20:50,53,189,242,4,0,1549,0.0,774,-26,0.0342,6,26,2,9
8475324,633,18:51,22,133,155,1,0,726,NaN,142,35,NaN,0,2,0,3
8476393,642,12:22,77,118,195,11,1,968,0.4487,353,-20,0.0795,9,21,0,0
8477220,741,18:50,52,187,239,6,0,987,0.0,152,106,0.0526,8,50,0,3
8478020,441,12:25,68,71,139,8,0,553,0.4733,89,2,0.1229,6,15,0,0
8478469,512,23:50,71,233,304,5,2,1221,NaN,248,-59,NaN,10,90,1,1
8478874,301,11:12,46,50,96,7,0,389,0.4355,100,-25,0.1182,9,22,0,0
8479393,293,12:19,36,34,70,5,0,538,0.35590000000000005,116,-79,0.0669,2,6,2,3
8480064,239,17:48,91,67,158,18,3,503,0.5247999999999999,101,-30,0.1809,33,60,3,5
8480208,391,17:42,116,177,293,17,2,908,0.4189,164,-80,0.1277,45,120,0,0
8480801,512,18:19,191,213,404,25,11,1981,0.49329999999999996,750,-57,0.0964,57,119,0,0
8481596,210,16:39,51,56,107,8,1,411,0.5012,70,4,0.124,10,18,3,5
8482092,170,15:36,28,41,69,3,0,246,0.47759999999999997,138,0,0.11380000000000001,5,14,3,5
8482095,96,14:19,4,9,13,1,0,96,NaN,31,-13,NaN,0,1,0,0
8482105,236,23:13,25,102,127,7,2,485,1.0,47,-12,0.051500000000000004,10,61,0,4
8482116,367,19:30,115,211,326,13,6,869,0.43229999999999996,179,-65,0.1323,27,116,4,4
8482245,306,20:25,19,65,84,2,0,314,NaN,191,15,NaN,0,1,1,3
8473507,981,21:50,96,289,385,17,4,1700,0.25,404,-128,0.0564,24,101,2,10
8474141,1302,20:03,492,851,1343,81,14,4233,0.38770000000000004,454,0,0.1162,138,446,0,1
8475279,723,19:15,45,125,170,6,4,1008,NaN,527,-58,NaN,3,5,0,2
8475765,831,17:02,304,358,662,51,11,2412,0.3962,203,61,0.126,70,176,1,2
8476874,761,18:27,42,153,195,7,0,912,NaN,178,82,NaN,4,21,1,4
8476979,515,18:31,47,193,240,6,2,786,0.0,163,-15,0.059699999999999996,7,73,0,0
8477353,455,12:37,53,46,99,6,0,661,0.4282,116,-38,0.0801,0,0,6,6
8477429,700,14:58,114,186,300,21,2,1029,0.5157,149,73,0.1107,12,32,9,17
8477456,576,17:18,118,156,274,18,3,894,0.4728,208,-16,0.1319,30,63,8,11
8477946,734,19:28,242,334,576,31,9,2186,0.5272,451,-103,0.1107,72,152,8,11
8478432,523,12:48,62,75,137,5,2,725,0.35350000000000004,144,-66,0.0855,6,11,2,2
8479337,614,18:10,253,257,510,32,12,1777,0.4204,175,-57,0.1423,87,176,1,1
8479992,390,14:09,60,80,140,7,0,552,0.4839,235,-40,0.10859999999999999,6,13,1,4
8480813,306,13:03,38,43,81,2,0,327,0.4653,98,-65,0.1162,5,10,0,1
8481013,154,13:01,29,29,58,1,0,200,0.3478,32,-28,0.145,8,14,0,0
8481542,328,23:24,29,151,180,5,2,624,NaN,165,-32,NaN,10,77,1,5
8482078,320,18:02,98,156,254,15,6,673,0.3333,88,-76,0.1456,24,90,1,1
8482762,103,20:19,10,25,35,3,1,104,NaN,83,5,NaN,0,0,0,1
8482259,140,13:02,35,24,59,5,0,305,0.3333,81,23,0.11470000000000001,4,7,0,0
8475151,900,16:16,270,257,527,51,6,2149,0.3419,435,-23,0.12560000000000002,81,161,2,3
8475231,897,13:22,114,148,262,21,0,1097,0.5177,437,2,0.1039,1,7,12,21
8475314,841,16:21,289,218,507,43,1,2119,0.4732,502,21,0.1363,78,126,0,0
8475754,920,16:59,301,286,587,48,9,2111,0.4797,322,15,0.1425,63,122,5,7
8476419,797,16:36,159,207,366,23,3,1376,0.5443,260,14,0.1155,24,44,21,40
8476422,418,17:06,18,106,124,3,0,699,NaN,164,-14,NaN,2,30,2,3
8476429,535,18:54,28,97,125,4,0,675,0.0,457,28,0.0414,0,0,2,5
8476917,560,20:07,26,135,161,2,1,776,NaN,233,79,NaN,0,3,1,9
8477407,607,14:30,153,161,314,17,4,1115,0.3373,209,24,0.13720000000000002,41,72,2,3
8477500,813,18:53,269,292,561,39,11,2014,0.5432,261,-74,0.1335,81,146,15,18
8477506,560,21:12,53,161,214,10,3,1098,NaN,107,57,NaN,17,48,0,3
8478445,530,18:48,134,328,462,21,5,1272,0.423,252,10,0.10529999999999999,24,133,0,0
8479619,157,11:33,34,23,57,4,0,237,0.3,87,-14,0.1434,1,4,1,1
8480789,236,11:36,37,36,73,5,0,425,0.4202,176,-13,0.087,11,22,0,0
8480865,388,20:53,50,180,230,11,2,872,NaN,118,-3,NaN,10,83,0,2
8481014,354,20:10,17,66,83,0,0,495,NaN,157,33,NaN,0,1,0,2
8481237,113,10:00,8,12,20,0,0,87,0.46490000000000004,25,-10,0.0919,0,0,0,0
8481601,200,14:06,41,38,79,8,0,207,0.25920000000000004,22,3,0.198,2,6,6,11
8484958,77,14:58,10,25,35,1,0,116,0.4347,39,4,0.0862,1,3,0,0
8473994,1192,17:42,399,557,956,62,12,3041,0.5283,879,81,0.13119999999999998,109,265,16,30
8474149,617,15:44,163,198,361,24,3,1201,0.1764,100,-26,0.13570000000000002,37,74,0,0
8474564,1164,19:05,582,608,1190,91,14,3506,0.504,679,10,0.166,228,443,5,8
8474568,1072,17:20,44,161,205,3,0,1288,0.5,852,-41,0.0341,2,3,1,6
8474600,962,24:52,190,534,724,35,9,2840,0.0,399,59,0.0669,65,261,1,10
8474679,863,16:58,209,322,531,29,6,1787,0.43420000000000003,210,-30,0.11689999999999999,48,123,9,11
8475158,1152,19:33,303,521,824,40,13,2539,0.5565,194,-21,0.1193,96,246,11,21
8475168,1138,18:06,371,520,891,55,13,2721,0.5338,298,-64,0.1363,94,228,2,3
8475794,989,18:05,360,449,809,62,10,3216,0.5357999999999999,309,89,0.1119,94,233,2,6
8476278,298,12:24,41,50,91,5,0,381,0.4918,73,-6,0.1076,4,7,4,6
8476539,716,17:11,251,292,543,43,11,2191,0.4192,348,6,0.11449999999999999,58,151,0,0
8476856,737,20:04,84,174,258,16,6,1264,0.6666,547,6,0.0664,26,75,0,3
8476869,691,20:47,78,202,280,10,1,1368,0.5,374,-3,0.057,7,42,3,10
8476873,414,12:22,68,56,124,10,0,475,0.498,128,7,0.1431,2,4,11,14
8476887,780,18:04,318,363,681,57,11,2486,0.3398,345,15,0.12789999999999999,85,211,6,7
8476902,684,22:04,54,163,217,7,2,1033,0.0,158,138,0.052199999999999996,8,30,4,12
8476925,690,14:48,95,126,221,13,1,806,0.5367999999999999,241,18,0.11779999999999999,6,23,7,13
8477446,302,11:43,28,34,62,6,0,354,0.5281,422,-24,0.079,0,1,1,2
8478438,203,13:44,49,68,117,6,1,323,0.43229999999999996,22,-9,0.1517,13,33,0,0
8478449,468,16:45,175,202,377,34,5,1050,0.5292,154,95,0.1666,45,122,12,15
8478468,316,17:39,14,31,45,1,0,359,NaN,353,-12,NaN,0,0,0,2
8478851,296,19:39,13,74,87,3,1,338,0.0,171,29,0.0384,1,5,1,3
8478975,302,14:54,76,113,189,11,0,606,0.38049999999999995,258,64,0.12539999999999998,14,28,0,0
8479351,418,14:06,49,93,142,6,1,486,0.5014,130,-30,0.1008,1,16,5,8
8479371,377,18:36,25,73,98,4,0,499,NaN,199,29,NaN,2,4,0,0
8480027,374,18:02,168,226,394,31,5,1106,0.44439999999999996,98,95,0.1518,45,116,0,0
8480036,475,24:30,58,225,283,10,2,1098,NaN,142,21,NaN,12,99,0,2
8480840,73,11:42,4,12,16,0,0,44,0.5202,8,1,0.0909,0,0,0,1
8480878,183,15:00,9,35,44,2,1,251,NaN,62,16,NaN,2,7,0,0
8480950,433,16:06,6,55,61,1,1,297,NaN,219,-28,NaN,0,0,1,3
8481577,209,12:47,34,60,94,11,0,331,0.3611,49,-9,0.1027,10,27,0,0
8481581,197,20:34,32,71,103,6,5,359,NaN,42,61,NaN,2,24,1,1
8482062,229,13:10,17,35,52,5,0,249,0.35,192,-16,0.0682,0,0,1,6
8482146,172,14:17,33,53,86,3,0,360,0.14279999999999998,46,5,0.0916,4,17,0,0
8482702,102,15:00,20,32,52,5,0,245,0.46659999999999996,22,9,0.0816,3,10,0,0
8482740,246,17:08,89,88,177,10,1,578,0.4941,72,22,0.1539,17,42,6,6
8471677,1228,20:55,77,265,342,11,3,1679,0.44439999999999996,639,-127,0.0458,29,121,1,8
8474037,1082,15:56,327,338,665,48,1,2731,0.42060000000000003,417,-70,0.1197,94,165,3,5
8474567,929,19:52,64,179,243,6,2,1551,1.0,821,-77,0.0412,9,36,3,7
8474716,933,22:06,117,299,416,23,5,1543,0.3333,160,125,0.0758,34,132,0,6
8475149,983,16:25,185,332,517,35,5,1509,0.4103,154,-72,0.1225,42,148,4,5
8475220,875,14:16,140,183,323,17,1,1025,0.46950000000000003,883,47,0.1365,9,24,5,9
8475692,904,18:05,217,473,690,35,6,1923,0.37549999999999994,343,53,0.1128,51,218,1,2
8475750,682,16:56,24,91,115,4,1,541,NaN,321,-13,NaN,2,7,1,3
8475790,805,18:35,34,103,137,5,0,1057,NaN,845,-124,NaN,0,7,0,3
8476374,562,13:37,64,89,153,6,1,863,0.5036,343,-47,0.0741,1,3,1,7
8476463,853,22:15,58,202,260,11,1,1137,NaN,264,103,NaN,8,33,1,8
8476923,784,21:00,73,243,316,9,1,1223,0.0,486,-125,0.0596,12,78,1,6
8477451,649,14:35,139,165,304,28,2,1362,0.45270000000000005,652,52,0.102,13,36,3,6
8477497,818,17:57,263,332,595,54,11,1869,0.5111,201,-33,0.1407,83,182,4,8
8477919,410,14:06,61,91,152,11,1,570,0.493,44,9,0.107,11,19,4,8
8478099,512,14:08,84,153,237,15,4,920,0.3295,229,-87,0.0913,13,61,0,0
8478136,306,19:23,22,56,78,1,0,344,NaN,284,16,NaN,0,1,0,3
8478460,567,23:53,113,271,384,17,7,1586,NaN,146,4,NaN,25,117,2,5
8478493,544,16:58,136,163,299,19,2,1348,0.4755,242,66,0.1008,42,74,3,5
8478500,696,23:46,77,205,282,11,4,1277,0.0,247,-28,0.0602,11,57,1,8
8478508,375,13:40,55,42,97,9,0,564,0.43090000000000006,218,19,0.0975,0,2,4,5
8478864,319,20:24,185,201,386,27,10,1129,0.2439,147,71,0.1638,62,131,0,0
8479671,250,12:12,31,35,66,7,0,277,0.3157,378,-31,0.1119,1,1,2,3
8479944,389,13:02,48,49,97,5,0,542,0.375,153,18,0.0885,0,0,3,3
8480880,139,10:01,11,17,28,3,0,102,0.2666,90,-14,0.10779999999999999,0,0,1,1
8480893,216,17:09,75,66,141,4,2,531,0.3529,50,1,0.1412,18,40,0,0
8481161,112,12:59,2,13,15,0,0,94,NaN,17,-5,NaN,0,1,0,0
8481557,285,18:37,102,142,244,24,4,866,0.4788,148,24,0.1177,27,82,0,0
8482079,185,16:57,45,56,101,5,3,321,0.4583,85,-9,0.1401,9,22,0,0
8482122,162,25:11,18,58,76,2,1,261,NaN,49,-1,NaN,5,26,0,1
8482177,91,12:16,6,10,16,0,0,47,0.444,26,-14,0.1276,1,2,0,1
8482451,66,12:25,4,6,10,0,0,56,0.4285,8,-18,0.07139999999999999,0,1,1,1
8482475,175,13:59,34,37,71,5,0,320,0.08689999999999999,36,-42,0.10619999999999999,5,10,0,0
8482660,198,15:10,46,70,116,8,2,316,0.2934,42,-17,0.14550000000000002,9,29,1,3
8482705,286,15:00,43,64,107,6,1,527,0.4585,140,-60,0.0815,5,9,1,3
8484166,131,16:49,43,38,81,4,0,306,0.4188,34,-17,0.1405,3,7,1,2
8475726,890,16:18,290,285,575,42,8,2485,0.41979999999999995,244,66,0.1167,74,140,10,14
8475798,902,18:37,179,431,610,32,6,1703,0.4852,277,-26,0.1051,39,187,9,13
8476624,649,13:29,65,112,177,14,0,732,0.5039,584,-21,0.08869999999999999,1,4,5,12
8476879,871,20:42,52,183,235,11,1,1229,1.0,194,2,0.042300000000000004,1,13,0,7
8476988,464,16:37,17,85,102,2,0,494,NaN,239,-21,NaN,1,7,0,4
8477505,789,17:26,101,269,370,22,4,951,0.46299999999999997,169,-43,0.10619999999999999,24,92,3,7
8478013,267,18:53,32,59,91,6,3,547,NaN,149,3,NaN,1,15,0,2
8479316,434,14:53,73,69,142,5,0,712,0.4497,387,-97,0.1025,4,14,2,2
8479983,408,21:17,17,74,91,2,0,439,0.0,181,-120,0.0387,0,5,0,2
8480172,417,17:22,23,75,98,2,0,476,NaN,219,25,NaN,2,4,0,5
8480188,247,16:10,52,64,116,1,1,539,0.43310000000000004,61,-28,0.0964,12,26,1,1
8480848,219,12:57,15,35,50,2,0,227,0.47509999999999997,159,-33,0.066,2,3,0,4
8481477,331,12:38,46,46,92,4,0,421,0.5647,86,-39,0.1092,1,1,4,4
8481567,119,18:44,5,20,25,0,0,107,NaN,46,-48,NaN,2,4,0,0
8482101,18,13:14,2,3,5,0,0,28,0.5,6,-6,0.07139999999999999,1,2,0,0
8482667,174,18:53,35,75,110,7,3,305,0.31420000000000003,67,-60,0.11470000000000001,14,36,1,4
8482737,97,12:36,24,21,45,0,0,158,0.375,43,20,0.1518,7,12,0,0
8484227,74,15:51,18,27,45,1,0,127,0.3651,18,-15,0.1417,5,12,0,0
8484801,70,19:47,25,38,63,4,1,236,0.48229999999999995,28,-31,0.1059,8,22,0,0
8470613,1497,22:22,261,649,910,42,16,4051,0.455,855,10,0.0644,88,322,3,17
8473533,1328,18:02,298,413,711,45,6,2610,0.5344,615,62,0.11410000000000001,46,114,21,43
8474151,1010,22:34,80,340,420,15,3,1518,0.4,379,289,0.0527,9,70,5,20
8474715,809,17:10,253,236,489,51,7,2320,0.36200000000000004,194,-11,0.109,47,107,19,19
8475167,1131,23:26,171,623,794,29,8,2422,0.3333,772,193,0.0706,35,285,1,14
8475200,867,19:57,76,251,327,19,5,1237,0.0,351,134,0.061399999999999996,5,41,1,3
8476453,803,19:00,357,637,994,57,7,2481,0.4545,386,157,0.1438,96,364,0,0
8476822,864,13:37,83,83,166,12,0,944,0.5582,308,-84,0.08789999999999999,2,3,8,14
8476878,770,13:59,91,103,194,9,1,1090,0.4526,239,-73,0.0834,5,11,7,9
8476906,689,20:03,104,308,412,17,7,1478,1.0,255,-74,0.0703,40,196,2,2
8476921,720,14:16,95,138,233,21,0,1089,0.45189999999999997,325,-25,0.0872,1,3,5,14
8476958,745,22:27,55,244,299,9,3,1286,0.0,94,167,0.042699999999999995,7,28,4,18
8477404,600,19:15,268,303,571,36,5,1710,0.4568,256,87,0.1567,66,149,2,3
8477426,486,15:33,97,102,199,13,1,861,0.5204,182,-20,0.11259999999999999,17,28,3,8
8477478,456,10:39,62,56,118,11,0,702,0.46259999999999996,220,17,0.0883,0,0,0,0
8478010,657,19:08,306,329,635,63,12,1629,0.4894,149,77,0.18780000000000002,105,201,3,5
8478178,176,17:55,13,60,73,2,1,236,NaN,39,3,NaN,3,16,0,0
8478416,441,19:04,23,86,109,2,0,607,NaN,367,93,NaN,1,1,1,4
8478427,677,19:05,283,348,631,64,16,1873,0.5143,296,121,0.151,68,190,20,31
8478458,526,14:12,102,158,260,13,3,825,0.444,80,-37,0.12359999999999999,17,41,3,4
8478519,511,17:26,124,168,292,21,4,883,0.4939,249,124,0.1404,12,32,17,23
8478970,263,15:50,21,37,58,6,0,336,NaN,133,50,NaN,0,0,1,3
8479542,375,18:06,125,172,297,15,3,810,0.3632,233,32,0.1543,13,40,5,16
8480039,441,17:02,124,202,326,28,9,1032,0.40990000000000004,154,25,0.1201,40,100,3,6
8480246,220,15:45,13,50,63,4,1,234,NaN,52,27,NaN,0,0,0,0
8480336,395,17:22,31,81,112,2,0,680,NaN,188,-33,NaN,1,10,2,3
8480762,388,12:35,54,69,123,9,0,537,0.2933,69,2,0.1005,0,0,3,5
8480829,476,13:40,76,118,194,9,0,729,0.4926,234,7,0.1042,6,29,1,2
8480830,478,16:49,151,213,364,28,3,1297,0.2926,427,40,0.1164,39,115,0,0
8480835,186,12:16,20,35,55,3,0,274,0.5654,71,11,0.0729,3,10,0,0
8482070,98,11:43,16,9,25,2,0,96,0.2666,25,0,0.1666,4,4,0,0
8482093,304,17:07,96,117,213,15,2,677,0.41259999999999997,60,56,0.1418,22,50,8,11
8482655,259,20:03,18,68,86,2,0,258,NaN,108,-7,NaN,4,17,1,3
8482809,81,13:52,17,17,34,6,0,144,0.5,30,8,0.11800000000000001,5,7,0,0
8482929,113,15:35,1,23,24,1,0,77,NaN,121,-16,NaN,0,0,0,1
8483447,52,12:20,8,6,14,3,0,60,0.4244,16,-4,0.1333,1,2,0,0
8476960,495,14:47,128,118,246,20,6,1071,0.4397,189,-112,0.1195,11,36,1,1
8482176,98,17:54,4,14,18,0,0,98,NaN,40,-4,NaN,0,0,0,0
8473446,1023,20:38,95,253,348,20,6,1964,0.0,555,-10,0.0483,22,91,4,11
8476461,874,18:42,206,337,543,35,7,1924,0.5252,347,73,0.107,31,93,5,15
8476872,681,14:27,108,161,269,9,3,1123,0.4972,397,-43,0.09609999999999999,6,16,10,23
8477499,776,22:39,56,248,304,8,5,1455,0.5,383,-179,0.0384,15,120,1,5
8477903,606,11:44,75,85,160,15,0,715,0.41229999999999994,680,51,0.1048,0,0,6,13
8477948,579,21:24,54,159,213,8,3,922,NaN,259,-50,NaN,2,17,2,7
8478439,646,17:15,198,278,476,29,3,1576,0.4044,463,-43,0.12560000000000002,37,100,10,16
8478454,157,16:05,3,14,17,0,0,127,NaN,59,-13,NaN,0,0,0,0
8480015,347,15:18,93,92,185,13,3,937,0.44439999999999996,62,-47,0.0992,16,33,0,0
8480028,310,15:26,53,94,147,6,0,550,0.4877,86,-39,0.09630000000000001,7,33,1,1
8480068,283,13:06,43,52,95,3,0,366,0.4836,40,-39,0.1174,5,7,5,8
8480459,364,16:03,82,80,162,13,1,627,0.4593,76,0,0.1307,5,16,4,5
8480797,415,16:02,93,114,207,7,1,800,0.3333,229,-36,0.1162,7,25,1,1
8481178,155,16:02,8,32,40,2,0,115,NaN,44,-16,NaN,2,9,0,1
8481546,235,20:56,19,58,77,2,0,275,NaN,94,-37,NaN,1,13,0,3
8481553,146,14:28,23,45,68,4,0,204,0.3529,32,-15,0.1127,5,10,0,0
8482142,217,19:44,17,53,70,2,1,291,NaN,54,-93,NaN,3,22,0,1
8482159,166,17:02,48,35,83,4,0,324,0.2,89,-7,0.1481,10,17,1,1
8484387,80,16:41,26,37,63,3,3,199,0.46340000000000003,46,-18,0.1306,8,17,0,0
8484779,4,14:03,0,0,0,0,0,3,0.4594,2,-3,0.0,0,0,0,0
8480058,194,15:24,8,32,40,2,0,226,NaN,111,-18,NaN,1,3,0,0
8481655,49,9:21,1,7,8,0,0,36,0.5097,2,-2,0.0277,0,0,0,0
8483505,66,13:15,6,20,26,2,0,69,0.44380000000000003,14,-1,0.08689999999999999,0,1,0,0
8478502,111,12:12,3,17,20,1,0,57,NaN,138,-18,NaN,0,0,0,0
8480825,17,9:14,1,0,1,0,0,15,0.34020000000000006,0,-3,0.0666,0,0,0,0
8475810,638,17:23,203,234,437,30,8,1559,0.33880000000000005,205,38,0.13019999999999998,35,92,6,12
8479772,237,9:20,17,17,34,5,0,248,0.5121,323,-30,0.06849999999999999,0,0,0,0
8475718,396,18:19,13,82,95,4,1,333,NaN,188,59,NaN,0,0,1,4
8481607,61,16:22,3,6,9,2,0,48,NaN,30,-11,NaN,0,0,0,0
8479591,213,11:29,25,31,56,4,0,416,0.36920000000000003,230,11,0.06,2,4,0,0
8480883,131,18:25,9,40,49,0,0,187,NaN,52,-31,NaN,2,15,0,0
8482201,62,12:42,8,12,20,1,0,61,0.4285,20,7,0.1311,1,2,0,0
8484929,18,8:56,0,4,4,0,0,11,0.5161,9,0,0.0,0,0,0,1
8482460,59,7:41,4,6,10,1,0,42,0.2857,138,8,0.09519999999999999,0,0,0,0
8471214,1491,20:37,897,726,1623,136,27,6864,0.3368,831,60,0.1306,326,603,5,6
8474590,1088,23:38,156,569,725,32,2,2520,0.2,364,103,0.061900000000000004,47,264,2,9
8475343,582,13:02,84,92,176,18,1,598,0.5095000000000001,307,22,0.1404,2,10,6,8
8476880,835,15:20,179,216,395,28,5,1397,0.401,1532,32,0.1281,37,65,11,17
8477845,683,17:33,25,122,147,5,0,800,NaN,211,29,NaN,0,4,0,3
8477947,313,13:01,62,75,137,13,2,389,0.0,74,-30,0.1593,10,26,0,0
8478233,498,14:45,123,120,243,19,0,856,0.354,205,52,0.1436,14,28,5,8
8478440,518,16:39,146,238,384,18,3,947,0.5042,166,-45,0.15410000000000001,36,125,0,0
8478911,438,19:32,27,103,130,4,0,710,NaN,143,85,NaN,0,5,1,7
8479345,541,21:16,96,167,263,16,3,1298,NaN,360,-52,NaN,33,76,0,0
8479390,305,14:16,43,57,100,3,0,446,0.3636,66,-53,0.0964,11,23,2,2
8479400,598,17:18,165,243,408,31,8,1299,0.4657,529,31,0.127,47,104,0,0
8479520,293,11:22,29,32,61,5,0,346,0.3578,332,2,0.08380000000000001,0,0,2,3
8480796,299,19:29,22,53,75,3,0,331,NaN,112,13,NaN,0,0,1,5
8480873,309,18:42,20,96,116,5,0,315,NaN,100,11,NaN,1,26,0,0
8481580,237,14:29,53,55,108,8,0,420,0.43,100,-4,0.1261,6,16,1,3
8481656,245,13:48,43,76,119,7,1,372,0.39299999999999996,38,33,0.1155,0,2,3,6
8482148,84,10:47,9,22,31,1,0,76,0.3737,10,-2,0.1184,0,2,0,0
8475780,401,11:26,39,27,66,2,0,512,0.4891,218,-32,0.0761,1,3,4,4
8477993,30,8:57,2,6,8,0,0,15,0.4539,11,3,0.1333,0,0,0,0
8480220,235,15:50,40,62,102,9,0,318,0.423,30,2,0.1257,5,12,1,4
8473986,950,17:14,235,304,539,44,8,1861,0.39390000000000003,565,93,0.12619999999999998,43,102,5,11
8475208,706,20:07,28,149,177,3,1,783,1.0,180,95,0.035699999999999996,0,5,1,8
8475462,829,18:21,40,158,198,6,1,1310,NaN,1057,91,NaN,1,5,1,3
8475764,1042,23:08,105,388,493,19,5,1635,0.6666,269,-110,0.0642,40,182,4,9
8476458,864,16:26,166,314,480,24,4,1612,0.4457,611,-13,0.10289999999999999,28,114,2,6
8476934,534,13:30,80,78,158,9,0,776,0.376,120,-41,0.10300000000000001,2,3,7,8
8477952,442,15:05,106,110,216,19,1,737,0.46869999999999995,203,-95,0.1438,26,56,0,0
8478366,645,15:07,181,135,316,26,8,1713,0.3782,409,-67,0.1056,32,55,6,7
8478873,427,17:23,116,169,285,19,5,910,0.3461,118,-27,0.1274,23,59,0,0
8479336,292,11:10,43,33,76,8,0,464,0.3461,108,-35,0.0926,2,5,1,1
8480011,190,10:12,25,28,53,3,0,163,0.3829,169,-9,0.1533,0,2,0,0
8480806,337,14:27,35,49,84,4,0,316,0.4594,38,-41,0.1107,0,3,6,6
8481517,220,11:49,25,29,54,1,0,266,0.3308,54,-29,0.09390000000000001,1,2,2,2
8481533,268,17:41,67,119,186,10,3,589,0.4014,203,-48,0.1137,15,39,0,0
8482745,229,16:02,60,80,140,7,2,483,0.4857,170,-39,0.1242,17,35,1,2
8482803,88,19:03,9,20,29,0,0,164,NaN,24,-5,NaN,1,7,0,0
8483445,83,14:10,20,25,45,3,2,193,0.36840000000000006,20,9,0.1036,2,6,0,0
8483482,13,17:16,1,2,3,0,0,17,NaN,6,-4,NaN,0,0,0,0
8483490,131,18:12,9,38,47,0,0,157,NaN,44,-24,NaN,0,10,0,1
8484153,131,17:01,32,42,74,5,2,223,0.3849,30,-5,0.1434,8,16,1,2
8480990,99,16:46,5,16,21,1,0,102,NaN,28,-11,NaN,3,7,0,0
8483499,28,11:36,3,4,7,2,0,40,0.0,2,-6,0.075,0,1,0,0
8474090,726,16:15,39,105,144,3,0,811,0.5,787,-15,0.048,3,11,2,5
8479372,255,14:00,10,44,54,1,0,242,NaN,110,3,NaN,0,3,0,1
8475197,822,21:02,110,398,508,21,4,1774,NaN,263,-83,NaN,32,212,1,4
8479442,560,17:27,22,95,117,1,0,709,0.0,252,-23,0.031,1,11,1,2
8482679,112,16:03,27,29,56,4,1,242,0.41009999999999996,31,-8,0.1115,6,18,0,0
8480001,187,17:19,3,37,40,0,0,182,NaN,56,-15,NaN,0,1,0,1
8475766,528,11:23,63,58,121,8,0,597,0.4425,722,-2,0.10550000000000001,1,1,8,13
8478854,70,14:55,3,3,6,0,0,36,NaN,20,-8,NaN,0,1,0,0
8478430,220,15:22,18,42,60,3,0,252,NaN,60,22,NaN,1,3,0,0
8481206,41,12:02,3,4,7,1,0,33,NaN,53,-16,NaN,0,0,0,0
8477839,593,13:56,124,143,267,21,4,1020,0.43439999999999995,128,3,0.1215,14,33,2,2
8483395,21,11:00,1,0,1,1,0,12,0.5,6,-10,0.0833,0,0,0,0
8475795,92,13:04,3,6,9,0,0,63,NaN,161,-6,NaN,0,0,0,0
8477944,406,13:31,119,104,223,30,3,830,0.3663,113,21,0.1433,19,42,0,0
8480887,164,16:39,9,28,37,0,0,137,NaN,62,-6,NaN,0,1,0,0
8476438,935,16:31,266,263,529,48,5,2102,0.42369999999999997,168,43,0.1265,36,69,9,15
8482094,13,11:14,0,1,1,0,0,9,NaN,0,-1,NaN,0,0,0,0
8481704,137,13:05,20,33,53,3,1,133,0.4559,46,-12,0.1503,3,12,0,0
8482145,74,12:40,11,14,25,1,0,82,0.4604,8,6,0.1341,1,3,0,0
8477971,197,12:37,2,18,20,0,0,104,NaN,188,-25,NaN,0,0,0,0
8478452,248,16:15,14,41,55,3,2,250,NaN,90,-36,NaN,1,7,0,0
8480043,264,17:55,20,62,82,1,0,330,NaN,102,13,NaN,3,14,1,3
8481737,8,6:05,0,0,0,0,0,4,NaN,22,0,NaN,0,0,0,0
8474145,577,14:06,20,56,76,3,0,525,0.5,533,37,0.038,0,0,0,2
8480879,144,15:02,6,18,24,0,0,117,NaN,57,-1,NaN,0,0,0,1
8480073,294,16:41,10,67,77,1,0,350,NaN,162,-17,NaN,1,12,0,1
8479941,183,13:52,31,33,64,3,0,262,0.49670000000000003,58,-24,0.1183,0,2,1,1
8482117,169,13:27,20,34,54,1,0,213,0.4061,30,-61,0.09380000000000001,2,7,0,0
8479379,168,8:12,9,13,22,1,0,158,0.4285,268,-31,0.056900000000000006,0,0,0,0
8477527,245,8:39,11,21,32,1,0,116,0.3333,472,-17,0.09480000000000001,0,0,0,0
8478424,261,9:44,15,22,37,1,0,216,0.5387,78,-25,0.0694,0,0,0,0
8481743,55,16:42,2,10,12,0,0,84,NaN,23,-1,NaN,0,0,0,0
8483464,78,15:27,19,18,37,3,1,146,0.4447,34,1,0.1301,2,4,0,0
8481712,13,9:01,2,0,2,0,0,17,NaN,0,-3,NaN,0,0,0,0
8477244,369,15:08,13,37,50,1,0,396,NaN,94,-7,NaN,0,4,0,0
8479328,181,9:27,19,22,41,2,0,202,0.4,44,-25,0.094,0,0,0,0
8481593,112,15:32,5,18,23,0,0,94,NaN,109,-1,NaN,0,0,0,0
8482733,8,16:50,2,3,5,0,0,12,NaN,6,-4,NaN,0,0,0,0
8483460,59,14:20,2,11,13,1,0,52,NaN,30,-8,NaN,0,0,0,0
8479977,315,15:26,60,77,137,9,0,434,0.374,126,19,0.1382,9,20,2,5
8479378,202,14:46,5,31,36,1,0,232,NaN,205,26,NaN,0,0,0,1
8481019,149,8:48,6,14,20,1,0,107,0.5123,13,10,0.055999999999999994,0,0,0,1
8481703,66,11:22,7,17,24,0,0,95,0.25,10,2,0.0736,2,4,0,0
8482144,34,15:47,4,6,10,0,0,45,NaN,10,-11,NaN,0,3,0,0
8481605,148,20:51,16,44,60,3,0,190,0.0,52,-25,0.0842,2,11,0,2
8475235,677,10:18,53,51,104,7,0,692,0.3333,761,-105,0.0765,0,0,3,5
8476372,373,14:53,11,51,62,2,0,387,NaN,299,15,NaN,0,0,0,5
8481536,1,12:23,0,0,0,0,0,0,NaN,0,-1,NaN,0,0,0,0
8479324,405,19:05,14,88,102,2,0,404,NaN,259,99,NaN,0,0,1,5
8479543,200,8:03,15,23,38,1,0,175,0.415,241,-9,0.0857,0,1,0,0
8480853,104,11:55,7,15,22,0,0,119,0.2631,16,-29,0.0588,0,0,0,0
8482742,62,12:03,5,10,15,0,0,78,0.0,63,-6,0.0641,0,1,0,0
8481527,77,15:54,1,20,21,0,0,82,NaN,10,25,NaN,0,1,0,0
8476897,493,13:19,62,102,164,5,0,572,0.43700000000000006,205,-22,0.10830000000000001,11,24,4,8
8481059,108,15:33,2,30,32,0,0,68,NaN,30,0,NaN,0,9,0,0
8477488,699,21:07,42,173,215,10,3,1071,0.3333,256,87,0.0392,4,19,1,7
8482684,155,21:16,17,76,93,3,2,258,0.0,44,-34,0.0658,4,41,0,0
8483472,15,16:07,1,2,3,0,0,17,NaN,42,3,NaN,0,0,0,0
8481133,18,8:13,1,1,2,0,0,14,1.0,17,-4,0.07139999999999999,0,0,0,0
8475760,760,14:46,157,173,330,20,1,1657,0.4893,344,-15,0.0947,22,56,3,4
8479026,194,16:23,10,31,41,0,0,281,NaN,87,5,NaN,0,0,0,0
8477810,246,14:01,5,33,38,1,0,150,NaN,84,10,NaN,0,0,0,0
8481068,360,16:20,101,96,197,14,3,720,0.4003,59,-59,0.1402,15,30,9,15
8474709,987,10:45,81,97,178,13,0,1067,0.39390000000000003,1168,-40,0.0759,2,5,0,3
8478115,380,13:11,65,70,135,14,0,639,0.42619999999999997,117,24,0.1017,4,13,3,5
8479395,156,16:42,13,27,40,2,1,173,1.0,38,-54,0.0751,5,16,0,0
8476448,738,17:06,179,267,446,29,2,1425,0.5117,112,133,0.12560000000000002,29,81,14,27
8482126,46,16:58,1,6,7,0,0,52,NaN,16,-6,NaN,0,3,0,0
8482859,63,9:32,1,3,4,0,0,31,0.4582,45,-9,0.0322,0,0,0,0
8475958,93,10:34,9,16,25,1,0,85,0.45289999999999997,27,-1,0.1058,1,3,0,0
8477392,175,11:32,17,23,40,2,0,179,0.2608,30,-7,0.0949,0,1,0,0
8480851,32,9:39,4,3,7,1,0,29,0.4313,9,-4,0.1379,0,0,0,0
8482206,6,11:32,1,0,1,0,0,5,0.5,2,-2,0.2,0,0,0,0
8476391,30,8:21,0,2,2,0,0,18,0.30760000000000004,6,-3,0.0,0,0,0,0
8475413,152,10:37,9,17,26,1,0,130,0.48840000000000006,24,-22,0.0692,0,2,0,0
8479985,77,13:56,1,2,3,0,0,76,NaN,8,-5,NaN,0,0,0,0
8481481,379,12:44,48,78,126,6,0,456,0.5047999999999999,180,30,0.1052,3,4,6,12
8480823,80,15:00,1,7,8,0,0,55,NaN,12,-8,NaN,0,0,0,0
8479465,289,13:05,46,46,92,6,0,426,0.3753,141,-29,0.1079,6,10,2,4
8481491,15,9:05,0,2,2,0,0,17,0.3921,2,1,0.0,0,0,0,0
8477931,493,11:54,45,71,116,6,0,619,0.5403,162,-9,0.0726,1,2,5,9
8481716,148,15:06,41,40,81,3,0,296,0.42090000000000005,107,11,0.13849999999999998,14,19,0,0
8482192,56,16:00,2,10,12,0,0,54,NaN,31,-37,NaN,0,0,0,0
8480196,254,16:18,4,39,43,0,0,129,NaN,50,-38,NaN,1,8,0,3
8485105,10,6:22,0,0,0,0,0,4,NaN,0,0,NaN,0,0,0,0
8476918,626,13:42,101,93,194,27,0,942,0.3024,144,-58,0.1072,7,16,4,5
8480306,31,13:32,1,2,3,0,0,32,NaN,8,1,NaN,0,0,0,0
8481541,52,13:25,4,4,8,1,0,52,NaN,8,0,NaN,1,1,0,0
8474870,747,16:24,193,240,433,31,5,1504,0.4965,250,19,0.1283,42,116,8,9
8483448,33,15:39,1,4,5,1,0,26,NaN,6,-3,NaN,0,0,0,0
8477401,269,9:58,18,21,39,3,0,275,0.3935,321,-30,0.0654,0,0,1,1
8477476,590,16:32,144,144,288,23,2,1272,0.3264,188,54,0.11320000000000001,23,48,9,10
8482751,21,10:12,0,1,1,0,0,25,0.3333,2,-12,0.0,0,0,0,0
8477018,520,18:40,24,100,124,3,1,827,0.0,191,-63,0.028999999999999998,3,30,0,2
8478409,39,10:49,6,8,14,1,0,40,0.14279999999999998,8,-3,0.15,0,1,0,0
8483549,11,8:16,2,0,2,0,0,12,0.5652,0,-1,0.1666,0,0,0,0
8480007,76,10:18,3,7,10,0,0,81,0.1818,8,-7,0.037000000000000005,0,0,0,0
8482726,50,8:39,4,3,7,1,0,29,0.46399999999999997,25,1,0.1379,0,0,0,0
8479370,495,12:56,61,88,149,7,0,730,0.40149999999999997,197,-12,0.08349999999999999,10,18,0,1
8480980,238,11:08,23,30,53,1,0,263,0.4521,117,-20,0.0874,0,1,4,6
8483476,24,12:30,3,3,6,0,0,30,0.0,2,-6,0.1,0,2,0,0
8481591,13,9:31,0,2,2,0,0,7,0.4482,6,-3,0.0,0,1,0,0
8475825,290,18:00,15,30,45,3,0,270,NaN,173,33,NaN,0,0,0,2
8482634,14,9:04,1,2,3,0,0,13,NaN,0,-1,NaN,0,0,0,0
8480844,33,10:38,0,7,7,0,0,30,0.3333,12,-7,0.0,0,0,0,0
8477851,408,17:52,23,73,96,1,1,489,1.0,75,-59,0.047,5,16,0,0
8477887,164,11:09,10,16,26,0,0,160,0.5517,75,-29,0.0625,0,0,1,1
8478057,241,12:06,40,38,78,9,0,247,0.5304,181,-7,0.16190000000000002,3,4,2,2
8476442,705,13:59,87,119,206,12,0,975,0.375,129,-63,0.0892,2,11,6,10
8477501,555,16:15,137,171,308,23,3,1163,0.2894,86,100,0.1177,40,61,5,9
8481563,59,16:13,5,9,14,1,0,67,NaN,49,6,NaN,0,0,0,1
8481461,35,15:56,2,5,7,0,0,42,NaN,8,-4,NaN,0,1,0,0
8483567,10,12:28,0,1,1,0,0,10,0.20679999999999998,2,0,0.0,0,0,0,0
8482102,9,9:57,1,1,2,0,0,9,0.5277000000000001,2,0,0.11109999999999999,0,0,0,0
8483503,25,14:49,1,2,3,0,0,15,NaN,6,-5,NaN,0,0,0,0
8482829,1,6:34,0,0,0,0,0,0,NaN,0,0,NaN,0,0,0,0
8479421,94,12:28,2,9,11,0,0,62,NaN,18,4,NaN,0,0,0,0
8483570,75,9:39,6,2,8,0,0,57,0.48869999999999997,14,-14,0.1052,0,0,0,0
8479705,54,8:25,3,2,5,0,0,47,0.3846,153,-10,0.0638,0,0,0,0
8482169,6,14:28,0,1,1,0,0,5,NaN,2,0,NaN,0,0,0,0
8477384,300,14:20,11,24,35,2,0,250,NaN,307,-28,NaN,0,0,0,0
8480259,28,8:21,0,0,0,0,0,25,0.48,12,-3,0.0,0,0,0,0
8482118,35,12:30,11,2,13,1,0,48,0.2666,4,-4,0.2291,2,2,0,0
8482250,10,10:04,1,0,1,0,0,14,0.4285,2,1,0.07139999999999999,0,0,0,0
8483489,25,12:46,3,2,5,1,0,27,0.46340000000000003,4,-5,0.11109999999999999,0,1,0,0
8483733,7,8:45,0,0,0,0,0,2,1.0,2,-3,0.0,0,0,0,0
8477462,345,16:28,16,47,63,1,0,352,NaN,208,-5,NaN,1,1,0,0
8480032,13,8:30,0,0,0,0,0,10,0.32,0,0,0.0,0,0,0,0
8476913,498,12:05,52,92,144,7,0,523,0.47259999999999996,79,-61,0.09939999999999999,5,24,5,6
8481806,56,16:36,3,4,7,0,0,46,NaN,14,-22,NaN,0,0,0,0
8476329,299,13:32,47,71,118,7,2,280,0.439,74,-27,0.1678,5,18,0,0
8484136,29,10:20,3,4,7,0,0,31,0.42719999999999997,0,1,0.0967,0,0,0,0
8481518,30,9:26,6,3,9,0,0,30,0.0909,0,3,0.2,0,0,0,0
8483491,39,10:51,3,7,10,0,0,44,0.0,6,-3,0.0681,0,2,0,0
8482768,52,12:53,8,9,17,2,1,64,0.3671,14,-17,0.125,2,5,0,0
8482765,15,9:09,0,1,1,0,0,16,0.1666,0,-6,0.0,0,0,0,0
8479423,126,13:00,25,24,49,3,0,203,0.4081,30,-12,0.1231,3,5,0,0
8482132,35,10:43,6,4,10,1,0,59,0.4285,8,-6,0.1016,0,0,0,0
8481462,10,10:26,3,1,4,0,0,9,0.3333,0,-4,0.3333,1,1,0,0
8481572,53,14:53,1,11,12,0,0,61,NaN,22,0,NaN,0,1,0,0
8483397,28,9:54,6,1,7,0,0,30,0.4193,10,-3,0.2,0,0,0,0
8482749,35,11:45,6,5,11,0,0,48,0.375,2,-8,0.125,0,0,0,0
8482482,23,18:06,1,4,5,0,0,33,NaN,6,3,NaN,0,0,0,0
8483565,115,18:58,10,24,34,4,1,157,NaN,48,-20,NaN,2,11,0,0
8482507,2,5:35,0,0,0,0,0,0,NaN,0,0,NaN,0,0,0,0
8475755,269,16:19,5,45,50,1,0,260,NaN,364,-13,NaN,0,0,0,1
8479639,112,13:53,6,16,22,1,0,180,0.0,26,-10,0.0333,2,4,0,0
8478477,123,10:07,6,13,19,0,0,98,0.5263,28,-28,0.061200000000000004,0,0,0,0
8481594,3,10:41,0,0,0,0,0,3,NaN,0,-1,NaN,0,0,0,0
8482635,39,9:49,1,5,6,0,0,26,0.5333,11,-8,0.0384,0,0,0,0
8479339,532,17:31,224,197,421,31,6,1506,0.3457,199,-72,0.1487,85,142,0,0
8483471,6,11:59,0,2,2,0,0,3,0.3636,2,1,0.0,0,0,0,0
8481592,86,11:57,11,18,29,3,0,111,0.3958,14,3,0.099,2,3,0,0
8482652,92,8:55,11,10,21,2,0,91,0.1363,10,-14,0.1208,0,0,0,0
8482896,21,10:29,3,2,5,0,0,11,0.462,2,-2,0.2727,1,1,0,0
8481147,144,10:45,7,10,17,1,0,134,0.5173,103,-50,0.052199999999999996,0,0,0,0
8479387,44,11:20,0,2,2,0,0,46,NaN,32,-1,NaN,0,0,0,0
8481564,44,14:08,0,7,7,0,0,38,NaN,16,1,NaN,0,0,0,0
8483466,92,19:11,6,11,17,2,1,107,NaN,28,-44,NaN,0,7,0,0
8482787,5,11:20,3,1,4,1,0,9,NaN,0,1,NaN,0,1,0,0
8478017,93,13:09,4,9,13,1,0,95,0.0,80,3,0.0421,0,0,0,0
8482166,33,18:21,2,8,10,0,0,35,NaN,12,-7,NaN,0,3,0,0
8475857,138,14:18,1,14,15,0,0,146,NaN,16,-9,NaN,1,3,0,0
8483425,38,14:53,4,5,9,1,0,39,NaN,41,2,NaN,0,0,0,0
8477463,124,17:10,5,18,23,0,0,160,0.0,57,-8,0.031200000000000002,0,0,0,1
8483493,56,15:53,13,14,27,2,1,93,0.43920000000000003,24,-15,0.13970000000000002,1,4,1,2
8482067,42,14:11,4,7,11,0,0,41,NaN,80,-1,NaN,0,0,0,0
8483398,4,12:37,1,0,1,0,0,3,NaN,0,3,NaN,0,0,0,0
8479746,5,5:31,0,0,0,0,0,2,NaN,0,-1,NaN,0,0,0,0
8476867,189,10:39,13,16,29,2,0,230,0.5097999999999999,71,-17,0.0565,1,1,0,0
8481006,90,13:59,5,8,13,0,0,71,NaN,128,-4,NaN,0,0,0,1
8482744,13,10:16,2,2,4,0,0,12,0.5,5,-2,0.1666,0,0,0,0
8476858,302,12:03,28,53,81,4,2,456,0.31739999999999996,127,-16,0.061399999999999996,0,2,0,1
8479550,46,9:25,3,2,5,0,0,31,0.47590000000000005,8,-6,0.0967,0,0,0,0
8481024,27,10:49,3,3,6,1,0,32,0.21420000000000003,6,5,0.09369999999999999,1,2,0,0
8484976,17,7:09,0,0,0,0,0,8,0.3333,2,-3,0.0,0,0,0,0
8478021,107,13:46,0,12,12,0,0,76,NaN,58,1,NaN,0,0,0,0
8480245,45,10:53,1,10,11,0,0,44,0.44439999999999996,16,-6,0.0227,0,1,0,0
8479335,189,12:32,18,31,49,3,1,256,0.4274,22,-16,0.0703,2,4,2,3
8477541,78,14:30,4,9,13,0,0,76,NaN,39,3,NaN,0,0,0,0
8483485,45,18:02,4,9,13,0,0,44,NaN,20,4,NaN,0,0,0,0
8482763,12,13:27,1,2,3,1,0,21,NaN,6,-4,NaN,1,1,0,0
8484829,5,7:53,0,1,1,0,0,3,0.6,0,1,0.0,0,0,0,0
8479594,1,11:05,0,0,0,0,0,4,NaN,2,0,NaN,0,0,0,0
8484321,45,12:07,1,3,4,0,0,45,NaN,20,-1,NaN,0,0,0,0
8476994,412,13:16,59,102,161,10,0,690,0.3962,113,-13,0.0855,8,15,0,2
8484938,5,9:05,0,1,1,0,0,5,0.6875,0,0,0.0,0,0,0,0
8482712,4,8:07,0,0,0,0,0,5,NaN,0,0,NaN,0,0,0,0
8478465,30,14:25,1,2,3,0,0,22,NaN,6,-7,NaN,0,0,0,0
8471709,1323,20:41,84,295,379,13,3,1700,0.0,472,41,0.049400000000000006,11,67,2,11
8484911,40,15:59,5,8,13,1,0,47,0.3333,8,-8,0.1063,1,5,1,1
8482703,25,12:08,2,5,7,0,0,27,0.5,17,-3,0.07400000000000001,0,0,0,0
8481056,51,16:20,2,7,9,1,0,35,NaN,10,7,NaN,0,0,0,1
8482103,5,11:06,0,1,1,0,0,4,NaN,0,1,NaN,0,0,0,0
8481754,32,11:16,6,2,8,0,0,50,0.0,2,-7,0.12,0,0,0,0
8481600,134,16:03,1,14,15,0,0,104,NaN,30,-23,NaN,0,0,0,0
8480890,24,9:40,4,2,6,1,0,27,0.45,20,-5,0.1481,0,0,0,0
8474563,1207,26:10,160,526,686,34,8,2489,0.3333,789,69,0.0642,80,303,3,10
8478211,235,11:02,18,36,54,3,0,292,0.3,121,-31,0.0616,0,0,0,0
8482408,13,9:48,0,1,1,0,0,13,0.5,9,-1,0.0,0,0,0,0
8483406,1,14:52,1,0,1,0,0,4,1.0,0,0,0.25,1,1,0,0
8484150,1,18:23,0,0,0,0,0,2,NaN,2,2,NaN,0,0,0,0
8484234,1,14:48,0,0,0,0,0,1,NaN,0,2,NaN,0,0,0,0
8484768,1,20:31,1,0,1,0,0,2,NaN,2,3,NaN,0,0,0,0
8484821,1,12:25,1,0,1,1,0,1,0.5714,0,1,1.0,0,0,0,0
8481560,202,12:05,38,37,75,3,0,439,0.0,65,-10,0.08650000000000001,17,25,0,0
8483432,16,13:30,3,6,9,0,0,20,0.4285,0,3,0.15,0,1,0,0
8483538,1,13:09,0,0,0,0,0,0,0.4,2,0,NaN,0,0,0,0
8483573,24,10:49,4,3,7,1,0,23,NaN,6,3,0.1739,0,1,0,0
8480084,58,14:03,3,10,13,1,0,56,0.0,6,3,NaN,0,0,0,0
8478146,187,11:19,14,21,35,2,0,199,NaN,38,-13,0.0703,1,1,0,0
8476952,189,9:07,13,22,35,2,0,131,0.34,79,12,0.0992,0,1,1,4
8482209,5,12:14,0,4,4,0,0,3,0.44520000000000004,0,3,0.0,0,1,0,0
8479968,155,11:20,15,17,32,1,0,225,0.3333,50,-47,0.0666,3,8,0,0
8480828,17,14:09,1,0,1,0,0,9,0.4905,7,-5,NaN,0,0,0,0
8482090,1,8:25,0,0,0,0,0,1,NaN,0,1,0.0,0,0,0,0
8483553,39,9:47,8,1,9,1,0,41,0.6,11,-4,0.19510000000000002,0,0,0,0
8484255,9,6:56,1,0,1,0,0,9,0.41659999999999997,2,1,0.11109999999999999,0,0,0,0
8478507,363,20:47,19,102,121,2,0,361,0.6666,114,39,NaN,2,10,0,4
8482131,2,10:19,0,0,0,0,0,0,NaN,0,-1,NaN,0,0,0,0
8483531,4,11:06,0,0,0,0,0,4,NaN,0,-1,0.0,0,0,0,0
8481719,18,13:59,0,2,2,0,0,21,0.0,7,-2,NaN,0,0,0,0
8483424,13,9:58,0,1,1,0,0,10,NaN,0,-3,0.0,0,0,0,0
8479022,22,9:11,2,3,5,0,0,25,0.5238,4,-10,0.08,0,0,0,0
8481725,47,12:47,9,10,19,3,0,68,0.584,14,2,0.1323,0,0,0,0
8478056,53,8:51,2,7,9,0,0,48,0.2631,20,-8,0.0416,0,0,0,0
8482807,26,18:20,2,4,6,0,0,19,0.4637,6,-3,NaN,0,0,0,0
8478147,31,5:48,2,0,2,1,0,14,NaN,47,-1,NaN,0,0,0,0
8484901,1,5:21,0,0,0,0,0,0,NaN,0,0,NaN,0,0,0,0
8477950,406,19:23,52,177,229,8,4,846,NaN,339,-34,0.061399999999999996,13,93,0,0
8483678,28,12:49,1,2,3,0,0,19,1.0,17,-4,NaN,0,0,0,0
8477149,47,7:16,2,6,8,0,0,36,NaN,58,-10,0.0555,0,0,0,0
8479942,9,8:39,0,1,1,0,0,5,0.25,15,-1,NaN,0,0,0,0
8478400,323,13:35,44,69,113,4,1,428,NaN,107,-58,0.10279999999999999,10,23,0,0
8482172,49,11:58,3,7,10,1,0,48,0.45189999999999997,27,-6,0.0625,0,0,0,0
8479388,163,15:33,4,22,26,1,0,156,0.0,111,-20,NaN,0,0,0,0
8481534,16,8:52,0,0,0,0,0,14,NaN,4,-6,0.0,0,0,0,0
8484135,3,7:50,1,0,1,0,0,2,0.0,2,1,NaN,0,0,0,0
8481093,84,14:28,17,14,31,1,0,90,NaN,16,3,0.1888,4,4,1,2
8480874,11,14:15,1,0,1,0,0,6,0.3023,2,-1,NaN,0,0,0,0
8481576,2,6:36,0,0,0,0,0,0,NaN,0,1,NaN,0,0,0,0
8475906,644,22:35,82,334,416,24,7,1262,0.5714,263,-40,0.0649,21,160,0,0
8478476,74,15:01,5,7,12,2,1,68,NaN,52,-19,NaN,1,2,0,0
8481848,4,7:21,0,0,0,0,0,3,1.0,0,0,0.0,0,0,0,0
8482666,16,16:07,1,5,6,0,0,29,NaN,0,1,NaN,0,0,0,0
8479249,9,11:20,0,3,3,0,0,10,0.6666,2,-6,0.0,0,2,0,0
8480205,242,11:30,34,41,75,6,1,378,NaN,30,-25,0.08990000000000001,13,20,0,0
8483465,2,10:21,0,0,0,0,0,8,0.5064,0,0,NaN,0,0,0,0
8482663,2,7:52,1,0,1,0,0,1,0.3962,0,0,NaN,0,0,0,0
8482470,15,15:49,0,4,4,0,0,16,NaN,6,-6,NaN,0,0,0,1
8483512,5,10:48,0,1,1,0,0,6,NaN,0,-4,0.0,0,0,0,0
8476425,19,7:30,0,1,1,0,0,8,NaN,31,-1,0.0,0,0,0,0
8476432,741,17:34,199,184,383,28,1,1860,0.6666,414,-64,0.1069,43,70,7,8
8482747,25,9:52,0,2,2,0,0,26,0.3333,2,7,0.0,0,0,0,0
8479356,114,10:57,16,16,32,6,0,169,0.5404,37,-12,0.0946,0,6,0,0
8482088,4,9:00,1,0,1,1,0,4,0.0,0,1,NaN,0,0,0,0
8481065,21,10:00,2,2,4,1,0,29,0.2692,4,-4,0.0689,0,0,0,0
8481422,54,10:08,3,3,6,1,0,38,NaN,25,-7,0.0789,1,1,0,0
8480070,110,15:10,4,15,19,0,0,71,0.3333,34,-17,NaN,0,2,0,0
8475714,718,15:19,137,171,308,19,3,1113,0.4299,155,71,0.12300000000000001,17,45,10,16
8482802,1,1:10,0,0,0,0,0,0,NaN,0,0,NaN,0,0,0,0
8482874,1,9:53,0,0,0,0,0,0,0.4802,0,0,NaN,0,0,0,0
8479341,38,15:48,0,7,7,0,0,60,NaN,4,-16,NaN,0,0,0,0
8481486,9,14:35,0,1,1,0,0,5,NaN,0,-3,NaN,0,0,0,0
8482623,16,9:46,0,0,0,0,0,12,NaN,15,-10,0.0,0,0,0,0
8484783,18,20:19,0,6,6,0,0,21,NaN,8,-13,NaN,0,2,0,0
8483497,12,13:59,3,3,6,0,0,22,0.36950000000000005,4,-3,0.1363,2,3,0,0
8479419,26,11:50,2,4,6,0,0,16,NaN,25,-5,0.125,0,1,0,0
8479533,20,11:38,1,1,2,0,0,16,1.0,4,-3,0.0625,0,0,0,0
8484152,6,17:39,0,2,2,0,0,7,1.0,8,-4,NaN,0,1,0,0
8479523,73,14:00,4,11,15,1,0,71,0.45,28,4,NaN,0,0,0,0
8484164,2,9:25,0,0,0,0,0,2,NaN,0,0,0.0,0,0,0,0
8483481,11,11:30,2,1,3,0,0,12,NaN,4,-10,0.1666,1,1,0,0
8483506,9,23:22,0,5,5,0,0,22,0.5,0,1,NaN,0,3,0,0
8484197,9,13:35,0,4,4,0,0,10,0.6666,4,-2,0.0,0,0,0,0
8482758,8,18:07,0,7,7,0,0,15,NaN,4,0,0.0,0,3,0,0
8484186,9,14:11,1,0,1,0,0,17,0.40740000000000004,11,-4,0.0588,0,0,0,0
8483516,7,15:28,1,3,4,0,0,10,1.0,0,0,NaN,1,1,0,0
8484210,5,14:26,0,0,0,0,0,5,1.0,0,-1,0.0,0,0,0,0
8477034,193,17:38,4,23,27,0,0,167,NaN,75,-19,NaN,0,0,0,1
8479994,134,11:36,15,14,29,4,0,143,0.0,22,-28,0.1048,1,2,1,1
8482785,2,11:09,1,1,2,0,0,3,NaN,0,1,0.3333,0,0,0,0
8483500,8,10:33,0,0,0,0,0,4,0.4522,2,-6,0.0,0,0,0,0
8485483,5,10:59,0,0,0,0,0,4,0.44439999999999996,2,-1,0.0,0,0,0,0
8482641,39,12:01,2,5,7,0,0,31,0.3636,12,-7,NaN,0,0,0,0
8484241,6,11:35,0,1,1,0,0,8,0.4,2,0,0.0,0,0,0,0
8482213,2,12:44,0,0,0,0,0,5,NaN,2,-1,0.0,0,0,0,0
8478173,9,11:14,1,2,3,0,0,12,0.3333,16,-3,0.0833,0,0,0,0
8482072,11,17:15,1,0,1,0,0,11,0.5,2,-6,NaN,1,1,0,0
8483569,2,17:07,1,0,1,0,0,3,0.5,0,1,NaN,0,0,0,0
8480075,2,7:36,0,0,0,0,0,0,NaN,0,-2,NaN,0,0,0,0
8484406,2,10:18,0,0,0,0,0,1,NaN,2,0,0.0,0,0,0,0
8482133,44,15:04,6,12,18,1,0,71,NaN,18,-22,0.08449999999999999,4,8,0,0
8482178,3,13:38,0,1,1,0,0,4,0.3333,0,1,NaN,0,0,0,0
8483450,2,13:12,0,0,0,0,0,1,0.48869999999999997,0,0,0.0,0,0,0,0
8484984,2,13:43,1,1,2,0,0,5,NaN,0,1,0.2,0,0,0,0
8481525,2,17:38,0,0,0,0,0,2,0.3333,0,3,NaN,0,0,0,0
8482715,1,15:37,0,0,0,0,0,0,0.0,0,0,NaN,0,0,0,0
8485511,2,13:26,0,0,0,0,0,1,NaN,2,0,NaN,0,0,0,0
8483467,2,14:08,0,0,0,0,0,2,NaN,0,1,NaN,0,0,0,0
8481558,1,10:58,1,0,1,0,0,1,NaN,0,1,1.0,0,0,0,0
8483017,1,14:23,0,0,0,0,0,2,NaN,0,-1,NaN,0,0,0,0
8485512,2,7:44,0,0,0,0,0,2,0.75,0,0,0.0,0,0,0,0
8482866,1,14:24,0,1,1,0,0,1,NaN,0,0,NaN,0,0,0,0
8480291,2,16:35,1,0,1,0,0,1,0.5,2,-3,1.0,0,0,0,0
8481562,2,19:04,0,0,0,0,0,5,NaN,2,0,NaN,0,0,0,0
8484203,3,14:02,0,1,1,0,0,11,0.68,0,-3,NaN,0,0,0,0
8483461,1,12:12,0,0,0,0,0,0,NaN,0,-1,NaN,0,0,0,0
8485469,1,11:09,0,0,0,0,0,0,NaN,0,1,NaN,0,0,0,0
