"game_id","h_team_id","a_team_id","game_period","time_remaining","home_def_code","event_owner_team_id","x_coord","y_coord","shot_type","score_player_id"
2024020002,1,7,2,"11:42","right",7,84,-5,"poke",8479420
2024020004,13,6,3,"1:45","right",6,79,25,"wrist",8477956
2024020011,6,8,2,"4:04","right",6,-62,5,"slap",8477956
2024020024,6,26,4,"1:53","right",6,-80,8,"wrist",8477956
2024020025,7,13,1,"2:33","left",7,62,-22,"wrist",8479420
2024020026,10,5,2,"19:10","left",10,82,6,"snap",8477939
2024020026,10,5,3,"0:22","right",10,-81,11,"snap",8477939
2024020036,22,16,3,"9:59","left",22,74,12,"wrist",8477934
2024020056,22,4,4,"4:04","right",22,-72,-3,"snap",8477934
2024020057,5,7,1,"19:17","left",7,-88,4,"wrap-around",8479420
2024020058,10,26,2,"1:29","left",10,55,-26,"wrist",8477939
2024020059,21,6,2,"10:51","left",6,-83,6,"wrist",8477956
2024020077,25,22,3,"2:22","right",22,80,19,"snap",8477934
2024020080,1,15,1,"5:42","left",15,-77,4,"tip-in",8471214
2024020085,16,7,1,"11:21","right",7,44,0,"wrist",8479420
2024020091,10,14,1,"16:03","right",10,-64,-3,"snap",8477939
2024020091,10,14,2,"12:27","left",10,73,-18,"wrist",8477939
2024020095,7,25,3,"15:43","left",7,54,17,"slap",8479420
2024020108,15,4,3,"1:10","right",15,-50,-39,"backhand",8471214
2024020109,6,25,1,"8:03","left",6,70,-1,"snap",8477956
2024020121,22,5,2,"7:00","right",22,-60,24,"snap",8477934
2024020122,7,17,1,"8:00","left",7,85,9,"slap",8479420
2024020122,7,17,2,"16:40","right",7,-60,6,"wrist",8479420
2024020125,6,10,2,"17:03","right",6,-68,-16,"snap",8477956
2024020136,17,22,2,"11:14","left",22,-87,18,"snap",8477934
2024020136,17,22,4,"4:42","left",22,-85,4,"tip-in",8477934
2024020143,52,10,1,"2:13","right",10,70,4,"snap",8477939
2024020151,15,3,1,"16:37","right",15,-56,-15,"wrist",8471214
2024020151,15,3,1,"14:50","right",15,-79,-6,"snap",8471214
2024020161,10,55,2,"18:21","left",10,82,11,"wrist",8477939
2024020161,10,55,2,"10:36","left",10,84,6,"snap",8477939
2024020164,15,8,3,"7:33","right",15,-85,-11,"snap",8471214
2024020166,18,22,2,"10:57","right",22,67,-3,"wrist",8477934
2024020166,18,22,3,"18:12","left",22,-82,11,"wrist",8477934
2024020177,15,29,1,"5:26","right",15,-43,-25,"slap",8471214
2024020188,12,15,1,"0:44","right",15,63,25,"slap",8471214
2024020189,30,10,1,"0:52","right",10,63,20,"wrist",8477939
2024020190,20,22,1,"19:40","right",22,74,-1,"backhand",8477934
2024020194,7,9,3,"19:23","left",7,87,0,"deflected",8479420
2024020195,10,6,2,"10:02","left",10,86,22,"wrist",8477939
2024020205,15,18,3,"9:35","right",15,-77,16,"snap",8471214
2024020213,3,7,2,"8:21","left",7,-48,-2,"wrist",8479420
2024020224,7,20,1,"6:23","left",7,63,23,"slap",8479420
2024020227,10,8,2,"14:21","left",10,64,3,"wrist",8477939
2024020229,19,15,2,"12:18","right",15,58,18,"snap",8471214
2024020229,19,15,3,"17:51","left",15,-78,-20,"wrist",8471214
2024020235,23,22,1,"17:12","right",22,87,-5,"wrist",8477934
2024020239,7,8,1,"15:18","left",7,83,12,"wrist",8479420
2024020248,19,6,3,"1:47","left",6,-55,-20,"slap",8477956
2024020249,22,2,2,"19:24","right",22,-79,19,"slap",8477934
2024020249,22,2,4,"3:08","right",22,-86,-3,"snap",8477934
2024020253,15,10,3,"4:09","right",10,88,2,"snap",8477939
2024020262,25,6,3,"16:25","right",6,59,7,"wrist",8477956
2024020274,10,22,3,"1:29","right",22,83,-8,"wrist",8477934
2024020286,54,15,1,"14:01","right",15,57,34,"wrist",8471214
2024020286,54,15,2,"2:22","left",15,-68,13,"wrist",8471214
2024020286,54,15,3,"0:37","right",15,73,11,"backhand",8471214
2024020292,59,15,1,"8:55","left",15,-51,-4,"snap",8471214
2024020292,59,15,2,"14:22","right",15,51,17,"slap",8471214
2024020294,9,22,2,"15:21","right",22,77,-2,"backhand",8477934
2024020301,10,54,3,"16:59","right",10,-66,16,"snap",8477939
2024020315,22,30,1,"19:33","left",22,-41,-36,"wrist",8477934
2024020332,22,3,2,"11:06","right",22,-76,-7,"wrist",8477934
2024020333,10,59,2,"9:10","left",10,77,-2,"backhand",8477939
2024020375,59,22,2,"5:59","right",22,78,-13,"snap",8477934
2024020378,14,10,3,"1:16","left",10,23,33,"wrist",8477939
2024020389,6,8,1,"7:20","left",6,74,-14,"backhand",8477956
2024020397,7,21,1,"16:38","left",7,85,1,"wrist",8479420
2024020397,7,21,1,"13:21","left",7,76,15,"backhand",8479420
2024020406,10,18,3,"14:54","right",10,-77,-15,"wrist",8477939
2024020410,7,52,1,"16:33","left",7,69,-24,"wrist",8479420
2024020418,22,29,2,"17:38","right",22,-79,4,"backhand",8477934
2024020418,22,29,3,"6:23","left",22,67,14,"wrist",8477934
2024020433,5,10,2,"17:28","right",10,49,21,"slap",8477939
2024020443,7,17,1,"9:35","left",7,77,-4,"wrist",8479420
2024020452,52,6,2,"10:47","left",6,-64,-26,"slap",8477956
2024020453,22,14,2,"8:02","right",22,-77,5,NULL,8477934
2024020457,7,3,3,"0:38","left",7,59,26,"slap",8479420
2024020459,10,24,1,"5:43","right",10,-77,4,"bat",8477939
2024020467,30,22,2,"4:06","left",22,-73,11,"deflected",8477934
2024020477,22,54,2,"9:14","right",22,-85,-2,"tip-in",8477934
2024020486,23,6,3,"19:34","right",6,90,4,"wrap-around",8477956
2024020495,22,13,2,"10:36","right",22,-80,32,"snap",8477934
2024020504,20,6,4,"0:38","left",6,-66,14,"snap",8477956
2024020508,25,10,2,"14:45","left",10,-73,7,"snap",8477939
2024020508,25,10,3,"1:43","right",10,74,0,"snap",8477939
2024020521,7,10,3,"0:20","left",10,-38,-10,"wrist",8477939
2024020530,22,28,4,"4:42","right",22,-75,14,"snap",8477934
2024020532,10,2,1,"7:31","right",10,-73,-15,"backhand",8477939
2024020532,10,2,2,"14:17","left",10,80,0,"snap",8477939
2024020552,2,7,3,"9:53","left",7,78,39,"wrist",8479420
2024020570,6,29,2,"11:42","right",6,-76,3,"snap",8477956
2024020571,10,15,3,"3:23","right",15,84,2,"wrist",8471214
2024020578,24,22,1,"11:57","left",22,-62,15,"snap",8477934
2024020578,24,22,2,"10:50","right",22,62,-3,"slap",8477934
2024020579,17,15,1,"7:56","right",15,63,19,"snap",8471214
2024020582,19,7,1,"6:54","left",7,-53,0,"wrist",8479420
2024020601,22,59,3,"1:02","left",22,76,10,"wrist",8477934
2024020605,15,30,2,"4:52","left",15,40,17,"snap",8471214
2024020618,22,24,3,"1:35","left",22,74,-7,"snap",8477934
2024020620,15,3,3,"9:10","right",15,-82,-8,"backhand",8471214
2024020623,10,6,3,"15:43","right",6,55,-8,"snap",8477956
2024020623,10,6,3,"1:50","right",6,79,11,"snap",8477956
2024020631,55,22,3,"1:58","left",22,-82,2,"wrist",8477934
2024020633,6,2,3,"15:25","left",6,66,24,"slap",8477956
2024020633,6,2,3,"7:16","left",6,86,-2,"tip-in",8477956
2024020637,7,15,2,"7:11","right",7,-64,-20,"slap",8479420
2024020658,5,22,1,"7:27","left",22,-77,-6,"backhand",8477934
2024020658,5,22,2,"9:02","right",22,61,-30,"slap",8477934
2024020659,12,10,1,"12:31","right",10,59,0,"snap",8477939
2024020669,13,6,2,"3:49","left",6,-80,1,"tip-in",8477956
2024020669,13,6,4,"0:02","left",6,-53,15,"wrist",8477956
2024020679,18,15,3,"0:59","left",15,-80,1,"snap",8471214
2024020692,6,14,2,"13:55","right",6,-76,-14,"snap",8477956
2024020707,10,1,2,"13:46","left",10,61,6,"wrist",8477939
2024020707,10,1,4,"3:50","left",10,58,-4,"wrist",8477939
2024020708,9,15,4,"1:53","right",15,55,21,"snap",8471214
2024020723,9,6,1,"0:38","left",6,-58,20,"wrist",8477956
2024020726,8,10,3,"19:36","right",10,82,4,"backhand",8477939
2024020735,23,22,2,"15:59","left",22,-86,17,"wrist",8477934
2024020735,23,22,2,"6:22","left",22,-86,11,"snap",8477934
2024020740,6,28,2,"12:58","right",6,-78,10,"snap",8477956
2024020742,55,7,2,"4:22","right",7,55,-15,"wrist",8479420
2024020744,10,14,2,"6:15","left",10,61,6,"wrist",8477939
2024020754,22,15,1,"16:58","left",22,79,0,"backhand",8477934
2024020755,23,7,1,"2:26","right",7,51,-12,"wrist",8479420
2024020761,6,9,3,"0:05","left",6,37,-8,"wrist",8477956
2024020767,20,7,2,"12:42","left",7,-81,-9,"tip-in",8479420
2024020768,22,23,1,"5:39","left",22,68,-16,"snap",8477934
2024020770,55,15,3,"3:28","left",15,38,37,"wrist",8471214
2024020776,6,21,3,"0:03","left",6,33,-7,"wrist",8477956
2024020799,7,6,1,"6:21","left",7,49,-3,"slap",8479420
2024020799,7,6,2,"15:17","right",7,-76,-13,"wrist",8479420
2024020799,7,6,3,"16:47","left",7,60,-27,"wrist",8479420
2024020807,10,30,3,"11:44","right",10,-77,1,"wrist",8477939
2024020814,9,15,3,"6:59","left",15,-37,-10,"wrist",8471214
2024020819,22,17,1,"13:11","left",22,72,-18,"snap",8477934
2024020827,6,3,1,"2:51","left",6,77,5,"snap",8477956
2024020827,6,3,3,"18:39","left",6,43,-13,"slap",8477956
2024020827,6,3,3,"3:22","left",6,67,-22,"wrist",8477956
2024020831,15,52,3,"7:39","right",15,-32,11,"slap",8471214
2024020833,22,10,1,"13:28","left",10,-44,1,"snap",8477939
2024020835,7,1,1,"11:49","left",7,71,2,"wrist",8479420
2024020849,15,13,3,"0:01","right",15,-3,18,"wrist",8471214
2024020851,19,22,3,"2:14","left",22,-69,21,"snap",8477934
2024020853,20,10,2,"17:24","left",10,-65,-20,"snap",8477939
2024020853,20,10,2,"1:42","left",10,-59,-13,"wrist",8477939
2024020853,20,10,3,"0:44","right",10,61,-11,"wrist",8477939
2024020859,3,6,2,"4:57","left",6,-69,12,"wrist",8477956
2024020860,16,22,3,"11:42","right",22,66,-7,"wrist",8477934
2024020864,4,15,1,"0:53","right",15,67,-11,"snap",8471214
2024020874,22,21,1,"9:21","left",22,58,-2,"snap",8477934
2024020874,22,21,2,"4:01","right",22,-84,3,"snap",8477934
2024020892,4,22,1,"10:29","right",22,79,3,"backhand",8477934
2024020895,7,3,1,"4:28","left",7,80,0,"backhand",8479420
2024020895,7,3,3,"16:13","left",7,45,28,"wrist",8479420
2024020906,15,22,1,"18:18","right",22,79,-21,"snap",8477934
2024020906,15,22,2,"11:07","left",15,49,-6,"snap",8471214
2024020906,15,22,2,"1:21","left",15,65,29,"slap",8471214
2024020906,15,22,3,"2:38","right",15,49,7,"snap",8471214
2024020918,6,10,1,"19:31","left",6,67,-3,"wrist",8477956
2024020918,6,10,3,"9:27","left",6,79,8,"wrist",8477956
2024020921,14,22,1,"8:07","left",22,-74,10,"wrist",8477934
2024020923,15,20,3,"15:08","right",15,-71,-29,"snap",8471214
2024020933,6,2,3,"9:56","left",6,82,-37,"wrist",8477956
2024020937,13,22,2,"2:30","left",22,-82,7,"wrist",8477934
2024020945,3,10,2,"19:09","left",10,-87,2,"poke",8477939
2024020950,15,14,3,"3:59","right",15,-63,3,"snap",8471214
2024020952,5,6,1,"18:28","left",6,-85,4,"wrist",8477956
2024020961,5,10,4,"4:00","right",10,53,-7,"wrist",8477939
2024020968,8,7,3,"16:36","right",7,49,32,"slap",8479420
2024020971,10,28,5,"0:00","right",10,-75,6,"wrist",8477939
2024020974,7,28,3,"13:05","left",7,64,27,"slap",8479420
2024020981,22,24,1,"9:55","left",22,82,-14,"snap",8477934
2024020983,3,15,3,"9:32","right",15,76,8,"wrist",8471214
2024020989,14,7,2,"10:25","right",7,49,25,"wrist",8479420
2024020995,22,8,2,"18:54","right",22,-56,-21,"snap",8477934
2024021014,15,55,3,"1:29","right",15,-9,-40,"backhand",8471214
2024021021,7,22,1,"6:32","left",7,81,3,"wrist",8479420
2024021021,7,22,3,"16:40","left",7,82,4,"wrist",8479420
2024021024,59,10,1,"7:18","left",10,-63,-18,"snap",8477939
2024021025,6,13,3,"11:04","left",6,81,-4,"wrist",8477956
2024021036,17,7,1,"12:22","right",7,50,-15,"wrist",8479420
2024021041,9,6,2,"13:01","right",6,73,-1,"tip-in",8477956
2024021042,1,22,2,"9:55","right",22,75,17,"wrist",8477934
2024021050,2,22,2,"11:14","right",22,55,18,"slap",8477934
2024021050,2,22,4,"1:07","right",22,68,2,"snap",8477934
2024021057,28,15,3,"9:06","left",15,-82,0,"tip-in",8471214
2024021059,10,9,2,"13:11","left",10,84,4,"backhand",8477939
2024021076,10,20,2,"18:21","left",10,62,22,"slap",8477939
2024021092,15,4,1,"5:35","right",15,-80,-10,"slap",8471214
2024021129,7,9,3,"18:37","left",7,79,6,"wrist",8479420
2024021130,10,4,1,"4:49","right",10,-76,-25,"wrist",8477939
2024021130,10,4,2,"8:05","left",10,51,4,"wrist",8477939
2024021135,52,15,3,"4:00","right",15,64,13,"snap",8471214
2024021142,24,6,2,"3:40","right",6,61,-15,"snap",8477956
2024021143,7,5,1,"19:33","left",7,68,-6,"wrist",8479420
2024021152,28,10,1,"5:20","left",10,-82,9,"wrist",8477939
2024021152,28,10,3,"0:14","left",10,-69,11,"wrist",8477939
2024021152,28,10,5,"0:00","left",10,-80,-4,"backhand",8477939
2024021167,22,20,3,"3:12","left",22,71,-24,"snap",8477934
2024021167,22,20,4,"2:35","right",22,-51,-1,"snap",8477934
2024021171,15,7,1,"7:11","right",7,87,5,"wrist",8479420
2024021171,15,7,3,"18:32","right",7,75,19,"snap",8479420
2024021171,15,7,3,"10:49","right",15,-76,-2,"tip-in",8471214
2024021182,6,15,1,"4:17","left",15,-82,-5,"wrist",8471214
2024021182,6,15,2,"2:48","right",6,-80,1,"tip-in",8477956
2024021182,6,15,3,"4:47","left",6,63,-17,"wrist",8477956
2024021184,9,7,2,"7:24","right",7,78,1,"snap",8479420
2024021189,54,22,2,"3:57","left",22,-67,22,"snap",8477934
2024021193,12,15,2,"0:35","left",15,-55,-14,"slap",8471214
2024021207,15,16,1,"16:08","right",15,-75,12,"snap",8471214
2024021207,15,16,3,"13:47","right",15,-67,-23,"snap",8471214
2024021214,6,12,2,"9:46","right",6,-87,-17,"wrist",8477956
2024021214,6,12,3,"18:32","left",6,81,-6,"bat",8477956
2024021214,6,12,3,"4:42","left",6,82,-1,"wrist",8477956
2024021215,7,14,2,"15:13","right",7,-57,0,"wrist",8479420
2024021216,10,29,3,"18:49","right",10,-80,-17,"wrist",8477939
2024021216,10,29,3,"15:39","right",10,-53,-3,"wrist",8477939
2024021222,2,15,2,"12:34","right",15,52,22,"wrist",8471214
2024021226,7,6,2,"12:25","right",7,-84,3,"wrist",8479420
2024021226,7,6,3,"14:09","left",7,77,-2,"backhand",8479420
2024021226,7,6,3,"0:46","left",7,-52,11,"wrist",8479420
2024021235,7,12,2,"18:28","right",7,-62,16,"wrist",8479420
2024021238,1,6,1,"10:22","left",6,-58,-12,"snap",8477956
2024021250,6,16,1,"9:21","left",6,84,2,"deflected",8477956
2024021279,12,10,3,"18:35","right",10,81,-2,"tip-in",8477939
2024021281,15,29,1,"18:50","right",15,-63,11,"slap",8471214
2024021291,6,1,2,"19:31","right",6,-83,-1,"backhand",8477956
2024021311,5,15,2,"3:04","right",15,48,22,"slap",8471214
