"game_id","game_period","event_id","time_in_period","time_remaining","situation_code","home_def_code","type_code","event_name","event_owner_team_id","zone_code","x_coord","y_coord","shot_type","goalie_in_id","score_player_id","score_player_total","assist_1_player_id","assist_1_player_total","assist_2_player_id","assist_2_player_total","away_score","home_score","video_link"
2024020229,2,605,"7:42","12:18",1551,"right",505,"goal",15,"O",58,18,"snap",8478971,8471214,9,8481656,8,8478440,16,2,1,"https://nhl.com/video/wsh-stl-ovechkin-scores-goal-against-jordan-binnington-6364490259112"
2024020229,3,800,"2:09","17:51",1541,"left",505,"goal",15,"O",-78,-20,"wrist",8478971,8471214,10,8478440,17,8476880,6,4,1,"https://nhl.com/video/wsh-stl-ovechkin-scores-ppg-against-jordan-binnington-6364490557112"
2024021171,3,984,"9:11","10:49",1551,"right",505,"goal",15,"O",-76,-2,"tip-in",8478009,8471214,37,8480873,24,8477845,20,6,4,"https://nhl.com/video/buf-wsh-ovechkin-scores-goal-against-james-reimer-6370803520112"
2024020605,2,714,"15:08","4:52",1451,"left",505,"goal",15,"O",40,17,"snap",8479406,8471214,18,8478440,30,NULL,NULL,2,2,"https://nhl.com/video/min-wsh-ovechkin-scores-goal-against-marc-andre-fleury-6366637327112"
2024020579,1,304,"12:04","7:56",1551,"right",505,"goal",15,"O",63,19,"snap",8476914,8471214,17,8479345,14,8481580,14,1,2,"https://nhl.com/video/wsh-det-ovechkin-scores-goal-against-alex-lyon-6366532062112"
2024021135,3,1026,"16:00","4:00",1551,"right",505,"goal",15,"O",64,13,"snap",8478048,8471214,36,8481656,35,8477845,19,2,2,"https://nhl.com/video/wsh-wpg-ovechkin-scores-goal-against-connor-hellebuyck-6370560655112"
2024021222,2,547,"7:26","12:34",1541,"right",505,"goal",15,"O",52,22,"wrist",8480280,8471214,42,8476880,30,8478440,51,1,2,"https://nhl.com/video/wsh-nyi-ovechkin-scores-goal-against-ilya-sorokin-6371144441112"
2024020571,3,1017,"16:37","3:23",1560,"right",505,"goal",15,"O",84,2,"wrist",8474682,8471214,NULL,8481656,16,8479400,22,5,2,NULL
2024020292,2,637,"5:38","14:22",1531,"right",505,"goal",15,"O",51,17,"slap",8476945,8471214,15,8474590,12,8478440,22,4,1,"https://nhl.com/video/wsh-uta-ovechkin-scores-ppg-against-connor-ingram-6364886752112"
2024020080,1,398,"14:18","5:42",1551,"left",505,"goal",15,"O",-77,4,"tip-in",8480843,8471214,1,8474590,4,8478440,3,3,1,"https://nhl.com/video/wsh-njd-ovechkin-scores-goal-against-jacob-markstrom-6363503695112"
2024020286,1,233,"5:59","14:01",1541,"right",505,"goal",15,"O",57,34,"wrist",8479312,8471214,11,8474590,11,8478440,20,1,0,"https://nhl.com/video/wsh-vgk-ovechkin-scores-ppg-against-ilya-samsonov-6364840611112"
2024020286,2,812,"17:38","2:22",1551,"left",505,"goal",15,"O",-68,13,"wrist",8476412,8471214,12,8478911,3,NULL,NULL,4,2,"https://nhl.com/video/wsh-vgk-ovechkin-scores-goal-against-ilya-samsonov-6364843296112"
2024020286,3,1103,"19:23","0:37",1560,"right",505,"goal",15,"O",73,11,"backhand",8476914,8471214,NULL,8481656,11,8480796,4,5,2,NULL
2024020292,1,338,"11:05","8:55",1551,"left",505,"goal",15,"O",-51,-4,"snap",8476945,8471214,14,8479400,11,NULL,NULL,3,1,"https://nhl.com/video/wsh-uta-ovechkin-scores-goal-against-connor-ingram-6364885216112"
2024021092,1,347,"14:25","5:35",1551,"right",505,"goal",15,"O",-80,-10,"slap",8478499,8471214,35,8481656,33,8477845,17,0,1,"https://nhl.com/video/phi-wsh-ovechkin-scores-goal-against-samuel-ersson-6370299514112"
2024021057,3,882,"10:54","9:06",1551,"left",505,"goal",15,"O",-82,0,"tip-in",8478007,8471214,34,8480796,15,8479400,42,5,1,"https://nhl.com/video/wsh-sjs-ovechkin-scores-goal-against-georgi-romanov-6370096488112"
2024021014,3,1146,"18:31","1:29",651,"right",505,"goal",15,"N",-9,-40,"backhand",8479406,8471214,NULL,8476880,23,8475343,11,2,4,NULL
2024020983,3,952,"10:28","9:32",1541,"right",505,"goal",15,"O",76,8,"wrist",8482487,8471214,32,8478233,10,8483573,3,2,2,"https://nhl.com/video/wsh-nyr-ovechkin-scores-goal-against-igor-shesterkin-6369660087112"
2024020108,3,1108,"18:50","1:10",651,"right",505,"goal",15,"O",-50,-39,"backhand",8480947,8471214,NULL,8478440,6,NULL,NULL,3,6,NULL
2024020950,3,1067,"16:01","3:59",1551,"right",505,"goal",15,"O",-63,3,"snap",8477968,8471214,31,8478911,18,NULL,NULL,2,1,"https://nhl.com/video/tbl-wsh-ovechkin-scores-goal-against-andrei-vasilevskiy-6369498269112"
2024021207,3,829,"6:13","13:47",1451,"right",505,"goal",15,"O",-67,-23,"snap",8475683,8471214,41,8474590,45,8478233,13,3,4,"https://nhl.com/video/chi-wsh-ovechkin-scores-ppg-against-spencer-knight-6371068146112"
2024020923,3,936,"4:52","15:08",1451,"right",505,"goal",15,"O",-71,-29,"snap",8470594,8471214,30,8474590,35,8478440,41,2,1,"https://nhl.com/video/cgy-wsh-ovechkin-scores-ppg-against-dan-vladar-6369325203112"
2024020906,3,1006,"17:22","2:38",651,"right",505,"goal",15,"D",49,7,"snap",8476412,8471214,NULL,NULL,NULL,NULL,NULL,3,7,NULL
2024020906,2,747,"18:39","1:21",1451,"left",505,"goal",15,"O",65,29,"slap",8482821,8471214,28,8479345,22,NULL,NULL,1,4,"https://nhl.com/video/edm-wsh-ovechkin-scores-ppg-against-calvin-pickard-6369229836112"
2024021207,1,55,"3:52","16:08",1551,"right",505,"goal",15,"O",-75,12,"snap",8479979,8471214,40,8478440,50,8474590,43,0,1,"https://nhl.com/video/chi-wsh-ovechkin-scores-goal-against-spencer-knight-6371064693112"
2024021193,2,815,"19:25","0:35",1531,"left",505,"goal",15,"O",-55,-14,"slap",NULL,8471214,39,8479345,27,8478440,49,1,4,"https://nhl.com/video/wsh-car-ovechkin-scores-ppg-against-frederik-andersen-6370954084112"
2024020906,2,643,"8:53","11:07",1551,"left",505,"goal",15,"O",49,-6,"snap",8482821,8471214,27,8478440,40,8481656,25,1,3,"https://nhl.com/video/edm-wsh-ovechkin-scores-goal-against-calvin-pickard-6369230024112"
2024020151,1,172,"3:23","16:37",1551,"right",505,"goal",15,"O",-56,-15,"wrist",8476883,8471214,3,8478440,7,8481656,4,0,1,"https://nhl.com/video/nyr-wsh-ovechkin-scores-goal-against-igor-shesterkin-6363949589112"
2024020151,1,58,"5:10","14:50",1551,"right",505,"goal",15,"O",-79,-6,"snap",8477424,8471214,4,8481656,5,8478440,8,1,2,"https://nhl.com/video/nyr-wsh-ovechkin-scores-ppg-against-igor-shesterkin-6363951118112"
2024020864,1,407,"19:07","0:53",1551,"right",505,"goal",15,"O",67,-11,"snap",8480843,8471214,26,8480796,12,8478440,37,1,1,"https://nhl.com/video/wsh-phi-ovechkin-scores-goal-against-ivan-fedotov-6368403407112"
2024020849,3,501,"19:59","0:01",651,"right",505,"goal",15,"N",-3,18,"wrist",8477967,8471214,NULL,8480796,11,8475343,10,3,6,NULL
2024020164,3,1089,"12:27","7:33",1551,"right",505,"goal",15,"O",-85,-11,"snap",8482446,8471214,5,8481656,6,8478440,10,3,6,"https://nhl.com/video/mtl-wsh-ovechkin-scores-goal-against-cayden-primeau-6364061889112"
2024021311,2,825,"16:56","3:04",1541,"right",505,"goal",15,"O",48,22,"slap",8481519,8471214,44,8478440,53,8479400,46,2,3,"https://nhl.com/video/wsh-pit-ovechkin-scores-goal-against-alex-nedeljkovic-6371624550112"
2024021281,1,111,"1:10","18:50",1551,"right",505,"goal",15,"O",-63,11,"slap",8475809,8471214,43,8478440,52,NULL,NULL,0,1,"https://nhl.com/video/cbj-wsh-ovechkin-scores-goal-against-jet-greaves-6371451891112"
2024020177,1,317,"14:34","5:26",1551,"right",505,"goal",15,"O",-43,-25,"slap",8477424,8471214,6,8478440,12,8481656,7,0,4,"https://nhl.com/video/cbj-wsh-ovechkin-scores-goal-against-daniil-tarasov-6364129321112"
2024020188,1,445,"19:16","0:44",1531,"right",505,"goal",15,"O",63,25,"slap",NULL,8471214,7,8474590,7,8478440,13,1,1,"https://nhl.com/video/alex-ovechkin-with-a-powerplay-goal-vs-carolina-hurricanes-6364159385112"
2024020831,3,973,"12:21","7:39",1551,"right",505,"goal",15,"O",-32,11,"slap",8481692,8471214,24,8476880,17,8478911,13,4,4,"https://nhl.com/video/wpg-wsh-ovechkin-scores-goal-against-connor-hellebuyck-6368142331112"
2024021182,1,364,"15:43","4:17",1541,"left",505,"goal",15,"O",-82,-5,"wrist",8481035,8471214,38,8478440,48,8474590,42,2,0,"https://nhl.com/video/wsh-bos-ovechkin-scores-goal-against-jeremy-swayman-6370898471112"
2024020814,3,997,"13:01","6:59",1541,"left",505,"goal",15,"O",-37,-10,"wrist",8480382,8471214,23,8481656,22,8481580,20,3,4,"https://nhl.com/video/wsh-ott-ovechkin-scores-goal-against-anton-forsberg-6368027422112"
2024020770,3,996,"16:32","3:28",1560,"left",505,"goal",15,"D",38,37,"wrist",8477992,8471214,NULL,8477845,14,8479345,19,3,0,NULL
2024020205,3,1015,"10:25","9:35",1551,"right",505,"goal",15,"O",-77,16,"snap",8477424,8471214,8,8478440,15,8480796,2,2,3,"https://nhl.com/video/nsh-wsh-ovechkin-scores-goal-against-juuse-saros-6364321867112"
2024020708,4,1212,"3:07","1:53",1331,"right",505,"goal",15,"O",55,21,"snap",8475831,8471214,21,8480873,14,NULL,NULL,1,0,"https://nhl.com/video/wsh-ott-ovechkin-scores-goal-against-leevi-merilainen-6367209918112"
2024020679,3,1043,"19:01","0:59",1560,"left",505,"goal",15,"O",-80,1,"snap",NULL,8471214,NULL,NULL,NULL,NULL,NULL,4,1,NULL
2024020620,3,1054,"10:50","9:10",1551,"right",505,"goal",15,"O",-82,-8,"backhand",8480843,8471214,19,8478440,32,NULL,NULL,3,5,"https://nhl.com/video/nyr-wsh-ovechkin-scores-goal-against-jonathan-quick-6366689097112"
2024021167,4,1082,"2:25","2:35",1331,"right",505,"goal",22,"O",-51,-1,"snap",8470594,8477934,51,8475784,11,NULL,NULL,2,3,"https://nhl.com/video/cgy-edm-draisaitl-scores-goal-against-dustin-wolf-6370778066112"
2024020036,3,887,"10:01","9:59",1451,"left",505,"goal",22,"O",74,12,"wrist",8481020,8477934,1,8478402,1,8476454,1,4,2,"https://nhl.com/video/chi-edm-draisaitl-scores-ppg-against-petr-mrazek-6363196849112"
2024020056,4,1315,"0:56","4:04",1331,"right",505,"goal",22,"O",-72,-3,"snap",8477424,8477934,2,8478402,4,NULL,NULL,3,4,"https://nhl.com/video/phi-edm-draisaitl-scores-goal-against-samuel-ersson-6363317132112"
2024020077,3,1073,"17:38","2:22",651,"right",505,"goal",22,"O",80,19,"snap",8478406,8477934,3,8476454,2,8478402,5,1,3,"https://nhl.com/video/edm-dal-draisaitl-scores-goal-against-jake-oettinger-6363499938112"
2024020121,2,824,"13:00","7:00",1551,"right",505,"goal",22,"O",-60,24,"snap",NULL,8477934,4,8478042,1,8480803,2,0,1,"https://nhl.com/video/pit-edm-draisaitl-scores-goal-against-joel-blomqvist-6363773410112"
2024020136,2,203,"8:46","11:14",1551,"left",505,"goal",22,"O",-87,18,"snap",8478470,8477934,5,8478402,6,8480803,3,1,1,"https://nhl.com/video/edm-det-draisaitl-scores-goal-against-cam-talbot-6363849569112"
2024020136,4,1053,"0:18","4:42",1441,"left",505,"goal",22,"O",-85,4,"tip-in",NULL,8477934,6,8475218,6,8478402,7,3,2,"https://nhl.com/video/edm-det-draisaitl-scores-against-cam-talbot-6363852849112"
2024020166,2,675,"9:03","10:57",1551,"right",505,"goal",22,"O",67,-3,"wrist",8479312,8477934,7,NULL,NULL,NULL,NULL,3,1,"https://nhl.com/video/edm-nsh-draisaitl-scores-goal-against-juuse-saros-6364060893112"
2024020166,3,931,"1:48","18:12",1551,"left",505,"goal",22,"O",-82,11,"wrist",8479312,8477934,8,8475218,7,8480803,4,4,1,"https://nhl.com/video/edm-nsh-draisaitl-scores-goal-against-juuse-saros-6364062877112"
2024020190,1,103,"0:20","19:40",1551,"right",505,"goal",22,"O",74,-1,"backhand",NULL,8477934,9,8481617,3,NULL,NULL,1,0,"https://nhl.com/video/edm-cgy-draisaitl-scores-goal-against-dan-vladar-6364161550112"
2024020235,1,125,"2:48","17:12",1551,"right",505,"goal",22,"O",87,-5,"wrist",8478916,8477934,10,8475786,3,8478402,8,1,0,"https://nhl.com/video/edm-van-draisaitl-scores-goal-against-kevin-lankinen-6364493453112"
2024020249,2,597,"0:36","19:24",1451,"right",505,"goal",22,"O",-79,19,"slap",8480947,8477934,11,8478402,10,8480803,5,0,1,"https://nhl.com/video/leon-draisaitl-with-a-powerplay-goal-vs-new-york-islanders-6364627551112"
2024020249,4,1302,"1:52","3:08",1331,"right",505,"goal",22,"O",-86,-3,"snap",8479406,8477934,12,8478402,12,8480803,6,3,4,"https://nhl.com/video/nyi-edm-draisaitl-scores-goal-against-ilya-sorokin-6364630198112"
2024020274,3,1038,"18:31","1:29",651,"right",505,"goal",22,"O",83,-8,"wrist",8475683,8477934,13,8476454,7,8478402,14,3,3,"https://nhl.com/video/edm-tor-draisaitl-scores-goal-against-anthony-stolarz-6364813590112"
2024020294,2,677,"4:39","15:21",1551,"right",505,"goal",22,"O",77,-2,"backhand",8478406,8477934,14,8478402,15,8474641,2,4,1,"https://nhl.com/video/edm-ott-draisaitl-scores-goal-against-linus-ullmark-6364928392112"
2024020315,1,54,"0:27","19:33",1551,"left",505,"goal",22,"D",-41,-36,"wrist",NULL,8477934,15,8478402,16,NULL,NULL,0,1,"https://nhl.com/video/min-edm-draisaitl-scores-goal-against-marc-andre-fleury-6365026472112"
2024020332,2,728,"8:54","11:06",1441,"right",505,"goal",22,"O",-76,-7,"wrist",8476434,8477934,16,8478402,17,NULL,NULL,0,3,"https://nhl.com/video/nyr-edm-draisaitl-scores-goal-against-jonathan-quick-6365113121112"
2024020375,2,737,"14:01","5:59",1541,"right",505,"goal",22,"O",78,-13,"snap",8478916,8477934,17,8478402,18,8480803,10,2,2,"https://nhl.com/video/edm-uta-draisaitl-scores-ppg-against-karel-vejmelka-6365348041112"
2024020418,2,471,"2:22","17:38",1551,"right",505,"goal",22,"O",-79,4,"backhand",8481519,8477934,18,8478402,21,8480803,14,1,2,"https://nhl.com/video/cbj-edm-draisaitl-scores-goal-against-daniil-tarasov-6365612724112"
2024020418,3,963,"13:37","6:23",1451,"left",505,"goal",22,"O",67,14,"wrist",8477465,8477934,19,8478402,23,8476454,10,3,6,"https://nhl.com/video/cbj-edm-draisaitl-scores-goal-against-daniil-tarasov-6365614560112"
2024020453,2,685,"11:58","8:02",1551,"right",505,"goal",22,"O",-77,5,NULL,8471734,8477934,20,NULL,NULL,NULL,NULL,1,2,"https://nhl.com/video/tbl-edm-draisaitl-scores-goal-against-andrei-vasilevskiy-6365831498112"
2024020467,2,842,"15:54","4:06",1551,"left",505,"goal",22,"O",-73,11,"deflected",8478007,8477934,21,8480803,16,8481617,7,5,1,"https://nhl.com/video/edm-min-draisaitl-scores-goal-against-filip-gustavsson-6365931230112"
2024020477,2,690,"10:46","9:14",1551,"right",505,"goal",22,"O",-85,-2,"tip-in",NULL,8477934,22,8477498,11,8477406,12,0,4,"https://nhl.com/video/vgk-edm-draisaitl-scores-goal-against-adin-hill-6366004839112"
2024020495,2,664,"9:24","10:36",1451,"right",505,"goal",22,"O",-80,32,"snap",8478048,8477934,23,8478402,30,8475218,10,2,4,"https://nhl.com/video/fla-edm-draisaitl-scores-goal-against-sergei-bobrovsky-6366094149112"
2024020530,4,1090,"0:18","4:42",1331,"right",505,"goal",22,"O",-75,14,"snap",8478872,8477934,24,8478402,33,8480803,19,2,3,"https://nhl.com/video/sjs-edm-draisaitl-scores-goal-against-yaroslav-askarov-6366328865112"
2024020578,1,196,"8:03","11:57",1431,"left",505,"goal",22,"O",-62,15,"snap",8479361,8477934,25,8478402,36,8480803,20,1,0,"https://nhl.com/video/edm-ana-draisaitl-scores-goal-against-lukas-dostal-6366531729112"
2024020578,2,697,"9:10","10:50",1541,"right",505,"goal",22,"O",62,-3,"slap",8481611,8477934,26,8478402,37,8475786,8,3,1,"https://nhl.com/video/edm-ana-draisaitl-scores-goal-against-lukas-dostal-6366533603112"
2024020601,3,1010,"18:58","1:02",651,"left",505,"goal",22,"O",76,10,"wrist",8477992,8477934,NULL,8480834,5,8475218,11,1,4,NULL
2024020618,3,1029,"18:25","1:35",1551,"left",505,"goal",22,"O",74,-7,"snap",8481020,8477934,28,8475786,9,8477498,13,2,3,"https://nhl.com/video/ana-edm-draisaitl-scores-goal-against-lukas-dostal-6366674424112"
2024020631,3,976,"18:02","1:58",1560,"left",505,"goal",22,"O",-82,2,"wrist",8480045,8477934,NULL,8478042,7,8480803,23,4,2,NULL
2024020658,1,297,"12:33","7:27",1551,"left",505,"goal",22,"O",-77,-6,"backhand",8477992,8477934,30,8475786,11,8478402,40,1,3,"https://nhl.com/video/edm-pit-draisaitl-scores-goal-against-alex-nedeljkovic-6366885206112"
2024020658,2,730,"10:58","9:02",1551,"right",505,"goal",22,"O",61,-30,"slap",8477992,8477934,31,8478402,41,8475218,12,2,5,"https://nhl.com/video/edm-pit-draisaitl-scores-goal-against-alex-nedeljkovic-6366886466112"
2024020735,2,532,"4:01","15:59",1551,"left",505,"goal",22,"O",-86,17,"wrist",8478007,8477934,32,NULL,NULL,NULL,NULL,1,3,"https://nhl.com/video/edm-van-draisaitl-scores-goal-against-thatcher-demko-6367332860112"
2024020735,2,642,"13:38","6:22",1541,"left",505,"goal",22,"O",-86,11,"snap",NULL,8477934,33,8476454,15,8478402,45,2,3,"https://nhl.com/video/edm-van-draisaitl-scores-ppg-against-thatcher-demko-6367332770112"
2024020754,1,136,"3:02","16:58",1551,"left",505,"goal",22,"O",79,0,"backhand",8477480,8477934,34,8477498,16,8481617,13,0,1,"https://nhl.com/video/wsh-edm-draisaitl-scores-goal-against-logan-thompson-6367474671112"
2024020768,1,471,"14:21","5:39",1451,"left",505,"goal",22,"O",68,-16,"snap",NULL,8477934,35,8475786,12,8476454,16,0,2,"https://nhl.com/video/van-edm-draisaitl-scores-ppg-against-thatcher-demko-6367601732112"
2024020819,1,292,"6:49","13:11",1451,"left",505,"goal",22,"O",72,-18,"snap",8478435,8477934,36,8480803,30,8478402,46,0,1,"https://nhl.com/video/det-edm-draisaitl-scores-goal-against-alex-lyon-6368026403112"
2024020851,3,1059,"17:46","2:14",651,"left",505,"goal",22,"O",-69,21,"snap",8480981,8477934,37,8478402,47,8475218,16,2,2,"https://nhl.com/video/edm-stl-draisaitl-scores-goal-against-jordan-binnington-6368280072112"
2024020860,3,844,"8:18","11:42",1551,"right",505,"goal",22,"O",66,-7,"wrist",8475883,8477934,38,8475784,9,NULL,NULL,3,1,"https://nhl.com/video/edm-chi-draisaitl-scores-goal-against-arvid-soderblom-6368347868112"
2024020874,1,283,"10:39","9:21",1451,"left",505,"goal",22,"O",58,-2,"snap",8478007,8477934,39,8476454,19,8480803,35,1,1,"https://nhl.com/video/col-edm-draisaitl-scores-goal-against-mackenzie-blackwood-6368476429112"
2024020874,2,816,"15:59","4:01",1441,"right",505,"goal",22,"O",-84,3,"snap",8476883,8477934,40,8476454,20,NULL,NULL,4,4,"https://nhl.com/video/col-edm-draisaitl-scores-goal-against-mackenzie-blackwood-6368479169112"
2024020892,1,240,"9:31","10:29",1551,"right",505,"goal",22,"O",79,3,"backhand",8478916,8477934,41,8483512,1,8475906,1,2,1,"https://nhl.com/video/edm-phi-draisaitl-scores-goal-against-samuel-ersson-6369194678112"
2024020906,1,117,"1:42","18:18",1541,"right",505,"goal",22,"O",79,-21,"snap",8478007,8477934,42,8476454,21,8478402,50,1,0,"https://nhl.com/video/edm-wsh-draisaitl-scores-ppg-against-charlie-lindgren-6369227705112"
2024020921,1,286,"11:53","8:07",1541,"left",505,"goal",22,"O",-74,10,"wrist",8479973,8477934,43,8478402,51,8480803,36,1,0,"https://nhl.com/video/edm-tbl-draisaitl-scores-ppg-against-andrei-vasilevskiy-6369324019112"
2024020937,2,803,"17:30","2:30",1551,"left",505,"goal",22,"O",-82,7,"wrist",8479292,8477934,44,8475906,3,NULL,NULL,2,2,"https://nhl.com/video/edm-fla-draisaitl-scores-goal-against-sergei-bobrovsky-6369421691112"
2024020981,1,405,"10:05","9:55",1451,"left",505,"goal",22,"O",82,-14,"snap",8477424,8477934,45,8478402,54,8475218,19,0,1,"https://nhl.com/video/ana-edm-draisaitl-scores-ppg-against-lukas-dostal-6369614942112"
2024020995,2,515,"1:06","18:54",1451,"right",505,"goal",22,"O",-56,-21,"snap",8481020,8477934,46,8480803,38,8476454,22,1,2,"https://nhl.com/video/mtl-edm-draisaitl-scores-ppg-against-samuel-montembeault-6369705639112"
2024021042,2,579,"10:05","9:55",1551,"right",505,"goal",22,"O",75,17,"wrist",8479979,8477934,47,8478402,59,8476967,15,1,1,"https://nhl.com/video/edm-njd-draisaitl-scores-goal-against-jake-allen-6370003654112"
2024021050,2,623,"8:46","11:14",1551,"right",505,"goal",22,"O",55,18,"slap",8478499,8477934,48,8477015,16,8480803,40,1,0,"https://nhl.com/video/edm-nyi-draisaitl-scores-goal-against-ilya-sorokin-6370058374112"
2024021050,4,1100,"3:53","1:07",1331,"right",505,"goal",22,"O",68,2,"snap",8479496,8477934,49,8478402,61,8475717,1,2,1,"https://nhl.com/video/edm-nyi-draisaitl-scores-goal-against-ilya-sorokin-6370063233112"
2024021167,3,1036,"16:48","3:12",1551,"left",505,"goal",22,"O",71,-24,"snap",8482487,8477934,50,8480803,45,8477498,25,2,2,"https://nhl.com/video/cgy-edm-draisaitl-scores-goal-against-dustin-wolf-6370776267112"
2024021189,2,667,"16:03","3:57",1531,"left",505,"goal",22,"O",-67,22,"snap",8480382,8477934,52,8476454,29,8480803,47,2,1,"https://nhl.com/video/edm-vgk-draisaitl-scores-ppg-against-adin-hill-6370907653112"
2024021279,3,846,"1:25","18:35",1551,"right",505,"goal",10,"O",81,-2,"tip-in",8477967,8477939,45,8477503,24,8481122,9,3,0,"https://nhl.com/video/tor-car-nylander-scores-goal-against-frederik-andersen-6371451459112"
2024020091,1,146,"3:57","16:03",1551,"right",505,"goal",10,"O",-64,-3,"snap",8481035,8477939,4,8477503,6,NULL,NULL,0,1,"https://nhl.com/video/tbl-tor-nylander-scores-goal-against-andrei-vasilevskiy-6363572608112"
2024021059,2,661,"6:49","13:11",1551,"left",505,"goal",10,"O",84,4,"backhand",8476341,8477939,37,8481582,7,8478443,9,0,1,"https://nhl.com/video/ott-tor-nylander-scores-goal-against-linus-ullmark-6370097700112"
2024021076,2,550,"1:39","18:21",1451,"left",505,"goal",10,"O",62,22,"slap",8478916,8477939,38,8478483,60,8479318,34,1,2,"https://nhl.com/video/cgy-tor-nylander-scores-goal-against-dustin-wolf-6370168412112"
2024020195,2,700,"9:58","10:02",1451,"left",505,"goal",10,"O",86,22,"wrist",NULL,8477939,10,8478483,14,8476853,4,0,2,"https://nhl.com/video/bos-tor-nylander-scores-ppg-against-jeremy-swayman-6364263492112"
2024021130,1,413,"15:11","4:49",1451,"right",505,"goal",10,"O",-76,-25,"wrist",8479973,8477939,39,8482720,21,8479318,37,1,2,"https://nhl.com/video/phi-tor-nylander-scores-goal-against-samuel-ersson-6370557245112"
2024020301,3,889,"3:01","16:59",1451,"right",505,"goal",10,"O",-66,16,"snap",8478492,8477939,13,8478483,19,8475166,9,0,2,"https://nhl.com/video/vgk-tor-nylander-scores-ppg-against-adin-hill-6364974630112"
2024021130,2,648,"11:55","8:05",1551,"left",505,"goal",10,"O",51,4,"wrist",8473503,8477939,40,8475166,33,8482259,13,1,5,"https://nhl.com/video/phi-tor-nylander-scores-goal-against-samuel-ersson-6370557882112"
2024020333,2,724,"10:50","9:10",1551,"left",505,"goal",10,"O",77,-2,"backhand",8478435,8477939,14,NULL,NULL,NULL,NULL,1,3,"https://nhl.com/video/uta-tor-nylander-scores-goal-against-karel-vejmelka-6365139868112"
2024020378,3,1165,"18:44","1:16",1560,"left",505,"goal",10,"N",23,33,"wrist",8480045,8477939,NULL,8479318,8,8482720,5,5,3,NULL
2024020227,2,512,"5:39","14:21",1451,"left",505,"goal",10,"O",64,3,"wrist",8478048,8477939,11,8482720,3,8476853,8,0,2,"https://nhl.com/video/mtl-tor-nylander-scores-ppg-against-samuel-montembeault-6364489227112"
2024020406,3,920,"5:06","14:54",1351,"right",505,"goal",10,"O",-77,-15,"wrist",8480947,8477939,16,8482720,6,8478483,27,1,3,"https://nhl.com/video/nsh-tor-nylander-scores-ppg-against-juuse-saros-6365565055112"
2024020659,1,232,"7:29","12:31",1551,"right",505,"goal",10,"O",59,0,"snap",8480045,8477939,24,NULL,NULL,NULL,NULL,2,0,"https://nhl.com/video/tor-car-nylander-scores-goal-against-pyotr-kochetkov-6366886108112"
2024021152,1,342,"14:40","5:20",1541,"left",505,"goal",10,"O",-82,9,"wrist",8477480,8477939,41,8482720,23,8475166,34,1,1,"https://nhl.com/video/tor-sjs-nylander-scores-goal-against-alexandar-georgiev-6370663468112"
2024020433,2,551,"2:32","17:28",1541,"right",505,"goal",10,"O",49,21,"slap",8475809,8477939,17,8478483,28,8479318,10,2,2,"https://nhl.com/video/tor-pit-nylander-scores-ppg-against-tristan-jarry-6365705092112"
2024020807,3,906,"8:16","11:44",1551,"right",505,"goal",10,"O",-77,1,"wrist",8479361,8477939,29,8480995,6,8477503,15,2,1,"https://nhl.com/video/william-nylander-with-a-goal-vs-minnesota-wild-6367975986112"
2024021152,3,1102,"19:46","0:14",651,"left",505,"goal",10,"O",-69,11,"wrist",8475683,8477939,42,8478483,67,8479318,38,5,5,"https://nhl.com/video/tor-sjs-nylander-scores-goal-against-alexandar-georgiev-6370668064112"
2024020459,1,394,"14:17","5:43",1551,"right",505,"goal",10,"O",-77,4,"bat",8481035,8477939,18,8474157,5,8476853,12,0,2,"https://nhl.com/video/ana-tor-nylander-scores-goal-against-lukas-dostal-6365924503112"
2024021152,5,525,"0:00","0:00",101,"left",505,"goal",10,"O",-80,-4,"backhand",8477465,8477939,NULL,NULL,NULL,NULL,NULL,5,5,NULL
2024020508,2,677,"5:15","14:45",1551,"left",505,"goal",10,"O",-73,7,"snap",NULL,8477939,19,8479318,12,8478483,32,2,2,"https://nhl.com/video/tor-dal-nylander-scores-goal-against-jake-oettinger-6366207557112"
2024020508,3,1074,"18:17","1:43",1560,"right",505,"goal",10,"O",74,0,"snap",8478009,8477939,NULL,8475166,14,NULL,NULL,5,3,NULL
2024020521,3,1237,"19:40","0:20",1560,"left",505,"goal",10,"O",-38,-10,"wrist",8482821,8477939,NULL,8475166,16,8475690,9,6,3,NULL
2024020532,1,283,"12:29","7:31",1551,"right",505,"goal",10,"O",-73,-15,"backhand",8480843,8477939,22,8475166,17,8475171,11,2,1,"https://nhl.com/video/william-nylander-with-a-goal-vs-new-york-islanders-6366330183112"
2024020532,2,567,"5:43","14:17",1551,"left",505,"goal",10,"O",80,0,"snap",8477480,8477939,23,8480144,4,8482720,8,3,2,"https://nhl.com/video/nyi-tor-nylander-scores-goal-against-ilya-sorokin-6366330903112"
2024020253,3,1048,"15:51","4:09",1551,"right",505,"goal",10,"O",88,2,"snap",8477970,8477939,12,8482720,4,NULL,NULL,2,3,"https://nhl.com/video/tor-wsh-nylander-scores-goal-against-logan-thompson-6364680192112"
2024020058,2,877,"18:31","1:29",1451,"left",505,"goal",10,"O",55,-26,"wrist",8475852,8477939,3,8479318,1,8478483,3,0,5,"https://nhl.com/video/lak-tor-nylander-scores-ppg-against-pheonix-copley-6363356309112"
2024020189,1,367,"19:08","0:52",1541,"right",505,"goal",10,"O",63,20,"wrist",NULL,8477939,9,8479318,6,8478483,12,1,1,"https://nhl.com/video/tor-min-nylander-scores-ppg-against-filip-gustavsson-6364160897112"
2024020833,1,187,"6:32","13:28",1551,"left",505,"goal",10,"O",-44,1,"snap",8478499,8477939,30,8475166,23,NULL,NULL,1,0,"https://nhl.com/video/tor-edm-nylander-scores-goal-against-stuart-skinner-6368137903112"
2024020161,2,679,"9:24","10:36",1551,"left",505,"goal",10,"O",84,6,"snap",8476412,8477939,8,8475166,6,8474157,4,0,3,"https://nhl.com/video/sea-tor-nylander-scores-goal-against-joey-daccord-6364060054112"
2024020853,2,481,"2:36","17:24",1541,"left",505,"goal",10,"O",-65,-20,"snap",8478872,8477939,31,8482720,15,8479318,21,1,1,"https://nhl.com/video/tor-cgy-nylander-scores-ppg-against-dustin-wolf-6368280462112"
2024020853,2,844,"18:18","1:42",1551,"left",505,"goal",10,"O",-59,-13,"wrist",8475852,8477939,32,8474157,8,NULL,NULL,4,2,"https://nhl.com/video/tor-cgy-nylander-scores-goal-against-dustin-wolf-6368282741112"
2024020853,3,1184,"19:16","0:44",1560,"right",505,"goal",10,"O",61,-11,"wrist",8475852,8477939,NULL,NULL,NULL,NULL,NULL,6,3,NULL
2024020161,2,588,"1:39","18:21",1551,"left",505,"goal",10,"O",82,11,"wrist",8476412,8477939,7,8476853,3,8475166,5,0,2,"https://nhl.com/video/sea-tor-nylander-scores-goal-against-joey-daccord-6364058672112"
2024021216,3,776,"1:11","18:49",1551,"right",505,"goal",10,"O",-80,-17,"wrist",8479361,8477939,43,8476853,29,8478443,10,0,3,"https://nhl.com/video/cbj-tor-nylander-scores-goal-against-elvis-merzlikins-6371116229112"
2024021216,3,872,"4:21","15:39",1441,"right",505,"goal",10,"O",-53,-3,"wrist",8479361,8477939,44,8476853,30,8479318,41,0,4,"https://nhl.com/video/cbj-tor-nylander-scores-goal-against-elvis-merzlikins-6371115243112"
2024020707,2,655,"6:14","13:46",1551,"left",505,"goal",10,"O",61,6,"wrist",8482137,8477939,25,8477503,13,8475690,13,1,1,"https://nhl.com/video/njd-tor-nylander-scores-goal-against-jacob-markstrom-6367210342112"
2024020707,4,1161,"1:10","3:50",1331,"left",505,"goal",10,"O",58,-4,"wrist",8475831,8477939,26,8478483,48,8476931,12,3,4,"https://nhl.com/video/njd-tor-nylander-scores-goal-against-jacob-markstrom-6367208934112"
2024020143,1,496,"17:47","2:13",1551,"right",505,"goal",10,"O",70,4,"snap",8477968,8477939,6,8474157,2,NULL,NULL,2,0,"https://nhl.com/video/tor-wpg-nylander-scores-goal-against-connor-hellebuyck-6363894647112"
2024020726,3,759,"0:24","19:36",1551,"right",505,"goal",10,"O",82,4,"backhand",8478406,8477939,27,8482259,7,NULL,NULL,3,3,"https://nhl.com/video/tor-mtl-nylander-scores-goal-against-samuel-montembeault-6367328526112"
2024020026,3,1100,"19:38","0:22",651,"right",505,"goal",10,"O",-81,11,"snap",8481519,8477939,NULL,8477503,3,NULL,NULL,2,4,NULL
2024020945,2,208,"0:51","19:09",1551,"left",505,"goal",10,"O",-87,2,"poke",8481692,8477939,34,NULL,NULL,NULL,NULL,2,1,"https://nhl.com/video/william-nylander-with-a-goal-vs-new-york-rangers-6369466340112"
2024020961,4,1187,"1:00","4:00",1331,"right",505,"goal",10,"O",53,-7,"wrist",8480382,8477939,35,8476853,25,8479318,29,6,5,"https://nhl.com/video/tor-pit-nylander-scores-goal-against-joel-blomqvist-6369529131112"
2024020026,2,422,"0:50","19:10",1551,"left",505,"goal",10,"O",82,6,"snap",8475311,8477939,1,8477503,2,NULL,NULL,1,1,"https://nhl.com/video/pit-tor-nylander-scores-goal-against-joel-blomqvist-6363188641112"
2024020971,5,213,"0:00","0:00",1010,"right",505,"goal",10,"O",-75,6,"wrist",8477424,8477939,NULL,NULL,NULL,NULL,NULL,2,2,NULL
2024020744,2,687,"13:45","6:15",1551,"left",505,"goal",10,"O",61,6,"wrist",8477968,8477939,28,8476853,17,8478904,6,0,2,"https://nhl.com/video/tbl-tor-nylander-scores-goal-against-jonas-johansson-6367420929112"
2024020091,2,611,"7:33","12:27",1551,"left",505,"goal",10,"O",73,-18,"wrist",8480193,8477939,5,8482259,1,NULL,NULL,1,3,"https://nhl.com/video/tbl-tor-nylander-scores-goal-against-andrei-vasilevskiy-6363573163112"
2024021024,1,292,"12:42","7:18",1541,"left",505,"goal",10,"O",-63,-18,"snap",8478007,8477939,36,8478483,59,8482720,19,1,0,"https://nhl.com/video/tor-uta-nylander-scores-ppg-against-karel-vejmelka-6369866431112"
2024021214,2,584,"10:14","9:46",1551,"right",505,"goal",6,"O",-87,-17,"wrist",8477405,8477956,38,8477496,26,8479987,20,0,3,"https://nhl.com/video/david-pastrnak-with-a-goal-vs-carolina-hurricanes-6371114898112"
2024020109,1,317,"11:57","8:03",1441,"left",505,"goal",6,"O",70,-1,"snap",8480280,8477956,5,8483505,2,NULL,NULL,0,1,"https://nhl.com/video/"
2024020262,3,894,"3:35","16:25",1551,"right",505,"goal",6,"O",59,7,"wrist",8479973,8477956,8,8479987,3,NULL,NULL,2,6,"https://nhl.com/video/bos-dal-pastrnak-scores-goal-against-jake-oettinger-6364730429112"
2024021214,3,994,"15:18","4:42",1551,"left",505,"goal",6,"O",82,-1,"wrist",8481611,8477956,40,8479987,22,8482511,27,0,5,"https://nhl.com/video/car-bos-pastrnak-scores-goal-against-frederik-andersen-6371118583112"
2024020952,1,115,"1:32","18:28",1551,"left",505,"goal",6,"O",-85,4,"wrist",8477968,8477956,32,8478401,24,8479987,13,1,0,"https://nhl.com/video/bos-pit-pastrnak-scores-goal-against-alex-nedeljkovic-6369499073112"
2024020011,2,808,"15:56","4:04",1551,"right",505,"goal",6,"O",-62,5,"slap",8480051,8477956,2,8478401,1,8477496,3,2,4,"https://nhl.com/video/mtl-bos-pastrnak-scores-goal-against-cayden-primeau-6363100138112"
2024020059,2,702,"9:09","10:51",1541,"left",505,"goal",6,"O",-83,6,"wrist",8481035,8477956,4,8476854,2,8473419,3,3,1,"https://nhl.com/video/"
2024021025,3,1109,"8:56","11:04",1451,"left",505,"goal",6,"O",81,-4,"wrist",8476914,8477956,33,8479999,25,8477496,22,2,1,"https://nhl.com/video/fla-bos-pastrnak-scores-ppg-against-sergei-bobrovsky-6369906217112"
2024021142,2,744,"16:20","3:40",1531,"right",505,"goal",6,"O",61,-15,"snap",8477990,8477956,35,8479987,15,8477496,25,1,2,"https://nhl.com/video/bos-ana-pastrnak-scores-ppg-against-john-gibson-6370613372112"
2024020859,2,685,"15:03","4:57",1551,"left",505,"goal",6,"O",-69,12,"wrist",8476945,8477956,28,8478401,21,8479325,16,1,1,"https://nhl.com/video/bos-nyr-pastrnak-scores-goal-against-igor-shesterkin-6368339009112"
2024020389,1,264,"12:40","7:20",1551,"left",505,"goal",6,"O",74,-14,"backhand",8478499,8477956,9,8478401,6,8479987,4,0,2,"https://nhl.com/video/mtl-bos-pastrnak-scores-goal-against-cayden-primeau-6365392220112"
2024020776,3,1058,"19:57","0:03",651,"left",505,"goal",6,"O",33,-7,"wrist",8476341,8477956,NULL,8473419,21,8475745,7,1,3,NULL
2024020623,3,904,"4:17","15:43",1551,"right",505,"goal",6,"O",55,-8,"snap",8481611,8477956,14,NULL,NULL,NULL,NULL,3,3,"https://nhl.com/video/"
2024021182,2,740,"17:12","2:48",1451,"right",505,"goal",6,"O",-80,1,"tip-in",8482487,8477956,36,8479987,16,8482511,26,2,2,"https://nhl.com/video/wsh-bos-pastrnak-scores-goal-against-charlie-lindgren-6370902653112"
2024020004,3,1136,"18:15","1:45",1541,"right",505,"goal",6,"O",79,25,"wrist",8475683,8477956,1,8479325,1,NULL,NULL,4,6,"https://nhl.com/video/"
2024020740,2,562,"7:02","12:58",1451,"right",505,"goal",6,"O",-78,10,"snap",8482487,8477956,22,8478401,16,8477496,16,1,2,"https://nhl.com/video/sjs-bos-pastrnak-scores-ppg-against-yaroslav-askarov-6367406981112"
2024021182,3,1117,"15:13","4:47",1551,"left",505,"goal",6,"O",63,-17,"wrist",8481035,8477956,37,8479987,17,8478401,31,4,3,"https://nhl.com/video/wsh-bos-pastrnak-scores-goal-against-charlie-lindgren-6370904970112"
2024020024,4,1126,"3:07","1:53",1331,"right",505,"goal",6,"O",-80,8,"wrist",8478499,8477956,3,8482511,1,8483505,1,1,2,"https://nhl.com/video/"
2024020692,2,608,"6:05","13:55",1441,"right",505,"goal",6,"O",-76,-14,"snap",NULL,8477956,20,8478401,14,8479369,9,0,4,"https://nhl.com/video/tbl-bos-pastrnak-scores-goal-against-andrei-vasilevskiy-6367104172112"
2024020452,2,683,"9:13","10:47",1541,"left",505,"goal",6,"O",-64,-26,"slap",8479973,8477956,10,8479325,6,8473419,11,1,3,"https://nhl.com/video/bos-wpg-pastrnak-scores-ppg-against-connor-hellebuyck-6365829482112"
2024021041,2,552,"6:59","13:01",1551,"right",505,"goal",6,"O",73,-1,"tip-in",8480981,8477956,34,8481556,8,NULL,NULL,2,4,"https://nhl.com/video/bos-ott-pastrnak-scores-goal-against-linus-ullmark-6370001865112"
2024020669,2,795,"16:11","3:49",1551,"left",505,"goal",6,"O",-80,1,"tip-in",8477465,8477956,18,8479987,10,8479365,7,2,1,"https://nhl.com/video/bos-fla-pastrnak-scores-goal-against-sergei-bobrovsky-6366964940112"
2024020633,3,953,"4:35","15:25",1551,"left",505,"goal",6,"O",66,24,"slap",8482783,8477956,16,8479987,9,NULL,NULL,4,3,"https://nhl.com/video/"
2024021238,1,324,"9:38","10:22",1551,"left",505,"goal",6,"O",-58,-12,"snap",8479406,8477956,41,8479987,23,NULL,NULL,1,0,"https://nhl.com/video/bos-njd-pastrnak-scores-goal-against-jacob-markstrom-6371240979112"
2024021291,2,467,"0:29","19:31",1551,"right",505,"goal",6,"O",-83,-1,"backhand",8479292,8477956,43,8477496,30,NULL,NULL,1,2,"https://nhl.com/video/david-pastrnak-with-a-goal-vs-new-jersey-devils-6371538267112"
2024020486,3,824,"0:26","19:34",1441,"right",505,"goal",6,"O",90,4,"wrap-around",8479979,8477956,11,8479325,7,8478401,8,5,0,"https://nhl.com/video/bos-van-pastrnak-scores-goal-against-thatcher-demko-6366017206112"
2024021214,3,822,"1:28","18:32",1551,"left",505,"goal",6,"O",81,-6,"bat",8477405,8477956,39,8479987,21,8477496,27,0,4,"https://nhl.com/video/car-bos-pastrnak-scores-goal-against-frederik-andersen-6371116492112"
2024020504,4,1207,"4:22","0:38",1331,"left",505,"goal",6,"O",-66,14,"snap",8478406,8477956,12,8479325,8,NULL,NULL,4,3,"https://nhl.com/video/bos-cgy-pastrnak-scores-goal-6366166782112"
2024020125,2,510,"2:57","17:03",1451,"right",505,"goal",6,"O",-68,-16,"snap",8478406,8477956,6,8473419,5,8478401,2,1,1,"https://nhl.com/video/"
2024020623,3,1109,"18:10","1:50",651,"right",505,"goal",6,"O",79,11,"snap",8480280,8477956,15,8478401,11,8473419,17,4,5,"https://nhl.com/video/"
2024020918,1,53,"0:29","19:31",1551,"left",505,"goal",6,"O",67,-3,"wrist",NULL,8477956,29,8482511,23,8478401,22,0,1,"https://nhl.com/video/tor-bos-pastrnak-scores-goal-against-anthony-stolarz-6369319539112"
2024020827,1,506,"17:09","2:51",1551,"left",505,"goal",6,"O",77,5,"snap",8480280,8477956,25,8483505,7,8478443,7,1,2,"https://nhl.com/video/nyr-bos-pastrnak-scores-goal-against-igor-shesterkin-6368129870112"
2024020918,3,1037,"10:33","9:27",1551,"left",505,"goal",6,"O",79,8,"wrist",8476883,8477956,30,NULL,NULL,NULL,NULL,3,4,"https://nhl.com/video/tor-bos-pastrnak-scores-goal-against-anthony-stolarz-6369327873112"
2024020723,1,569,"19:22","0:38",1551,"left",505,"goal",6,"O",-58,20,"wrist",NULL,8477956,21,8479987,11,8482511,19,2,2,"https://nhl.com/video/bos-ott-pastrnak-scores-goal-against-leevi-merilainen-6367314774112"
2024020827,3,860,"1:21","18:39",1551,"left",505,"goal",6,"O",43,-13,"slap",8480280,8477956,26,8483505,8,NULL,NULL,2,5,"https://nhl.com/video/"
2024020570,2,617,"8:18","11:42",1551,"right",505,"goal",6,"O",-76,3,"snap",8478009,8477956,13,8479987,8,8478401,9,0,3,"https://nhl.com/video/"
2024021250,1,401,"10:39","9:21",1551,"left",505,"goal",6,"O",84,2,"deflected",8475683,8477956,42,8477496,28,8479987,24,0,1,"https://nhl.com/video/chi-bos-pastrnak-scores-goal-against-arvid-soderblom-6371332935112"
2024020827,3,1087,"16:38","3:22",651,"left",505,"goal",6,"O",67,-22,"wrist",8480280,8477956,NULL,8479987,12,NULL,NULL,3,6,NULL
2024020933,3,992,"10:04","9:56",1551,"left",505,"goal",6,"O",82,-37,"wrist",8475852,8477956,31,8478450,2,8478401,23,2,1,"https://nhl.com/video/nyi-bos-pastrnak-scores-goal-against-ilya-sorokin-6369423510112"
2024020248,3,1050,"18:13","1:47",1551,"left",505,"goal",6,"O",-55,-20,"slap",8479973,8477956,7,8479325,3,8478401,4,3,2,"https://nhl.com/video/bos-stl-pastrnak-scores-goal-against-jordan-binnington-6364629641112"
2024020633,3,1065,"12:44","7:16",1551,"left",505,"goal",6,"O",86,-2,"tip-in",8482783,8477956,17,8478401,12,8477507,8,4,4,"https://nhl.com/video/nyi-bos-pastrnak-scores-goal-against-ilya-sorokin-6366720208112"
2024020761,3,1189,"19:55","0:05",651,"left",505,"goal",6,"O",37,-8,"wrist",8475311,8477956,NULL,NULL,NULL,NULL,NULL,0,2,NULL
2024020669,4,1271,"4:58","0:02",1431,"left",505,"goal",6,"O",-53,15,"wrist",8476412,8477956,19,8482511,17,8477496,14,4,3,"https://nhl.com/video/bos-fla-pastrnak-scores-ppg-against-sergei-bobrovsky-6366968897112"
2024021021,3,819,"3:20","16:40",1551,"left",505,"goal",7,"O",82,4,"wrist",8480045,8479420,33,8480064,14,NULL,NULL,2,3,"https://nhl.com/video/edm-buf-thompson-scores-goal-against-stuart-skinner-6369863246112"
2024020057,1,59,"0:43","19:17",1551,"left",505,"goal",7,"O",-88,4,"wrap-around",8477424,8479420,NULL,8477949,3,NULL,NULL,1,0,NULL
2024020239,1,202,"4:42","15:18",1551,"left",505,"goal",7,"O",83,12,"wrist",8475683,8479420,11,8477949,9,8480045,1,1,1,"https://nhl.com/video/mtl-buf-thompson-scores-goal-against-cayden-primeau-6364557320112"
2024020637,2,719,"12:49","7:11",1451,"right",505,"goal",7,"O",-64,-20,"slap",8478470,8479420,19,8480839,23,8482175,20,2,3,"https://nhl.com/video/wsh-buf-thompson-scores-ppg-against-charlie-lindgren-6366753488112"
2024021184,2,810,"12:36","7:24",1441,"right",505,"goal",7,"O",78,1,"snap",8479406,8479420,NULL,8482175,37,8480839,45,3,0,NULL
2024020224,1,256,"13:37","6:23",1451,"left",505,"goal",7,"O",63,23,"slap",8475809,8479420,10,8480839,9,8482175,7,0,2,"https://nhl.com/video/cgy-buf-thompson-scores-ppg-against-dan-vladar-6364466556112"
2024020213,2,708,"11:39","8:21",1551,"left",505,"goal",7,"O",-48,-2,"wrist",8479406,8479420,9,8482175,6,8477365,3,3,0,"https://nhl.com/video/buf-nyr-thompson-scores-goal-against-igor-shesterkin-6364372202112"
2024020742,2,673,"15:38","4:22",1551,"right",505,"goal",7,"O",55,-15,"wrist",8479973,8479420,20,8480807,4,8481522,12,3,3,"https://nhl.com/video/buf-sea-thompson-scores-goal-against-joey-daccord-6367414321112"
2024020025,1,431,"17:27","2:33",1551,"left",505,"goal",7,"O",62,-22,"wrist",8476412,8479420,NULL,8477949,2,8477365,1,1,2,NULL
2024020755,1,396,"17:34","2:26",1551,"right",505,"goal",7,"O",51,-12,"wrist",8480382,8479420,21,8483468,3,NULL,NULL,1,0,"https://nhl.com/video/buf-van-thompson-scores-goal-against-thatcher-demko-6367478398112"
2024020767,2,611,"7:18","12:42",1551,"left",505,"goal",7,"O",-81,-9,"tip-in",8482221,8479420,22,8480807,5,8482175,24,2,1,"https://nhl.com/video/buf-cgy-thompson-scores-goal-against-dustin-wolf-6367602969112"
2024020799,1,383,"13:39","6:21",1551,"left",505,"goal",7,"O",49,-3,"slap",8481020,8479420,23,8481528,15,8482175,25,1,1,"https://nhl.com/video/bos-buf-thompson-scores-goal-against-jeremy-swayman-6367914216112"
2024020799,2,528,"4:43","15:17",1551,"right",505,"goal",7,"O",-76,-13,"wrist",8481020,8479420,24,8480802,15,8480807,6,1,2,"https://nhl.com/video/tage-thompson-with-a-goal-vs-boston-bruins-6367915749112"
2024020799,3,845,"3:13","16:47",1551,"left",505,"goal",7,"O",60,-27,"wrist",8482137,8479420,NULL,8480839,29,8481524,19,1,4,NULL
2024020194,3,456,"0:37","19:23",1551,"left",505,"goal",7,"O",87,0,"deflected",8479361,8479420,8,8477949,7,8482175,5,1,4,"https://nhl.com/video/ott-buf-tuch-scores-goal-against-linus-ullmark-6364266563112"
2024020835,1,273,"8:11","11:49",1551,"left",505,"goal",7,"O",71,2,"wrist",8480843,8479420,26,8482671,22,8481524,20,0,1,"https://nhl.com/video/njd-buf-thompson-scores-goal-against-jake-allen-6368164200112"
2024021215,2,500,"4:47","15:13",1551,"right",505,"goal",7,"O",-57,0,"wrist",8477405,8479420,40,8484145,16,NULL,NULL,1,1,"https://nhl.com/video/tbl-buf-thompson-scores-goal-against-jonas-johansson-6371114194112"
2024020895,1,160,"15:32","4:28",1551,"left",505,"goal",7,"O",80,0,"backhand",8479973,8479420,27,8482175,27,NULL,NULL,0,3,"https://nhl.com/video/nyr-buf-thompson-scores-goal-against-igor-shesterkin-6369206261112"
2024020895,3,893,"3:47","16:13",1551,"left",505,"goal",7,"O",45,28,"wrist",8478406,8479420,28,8483468,6,8480839,37,2,6,"https://nhl.com/video/nyr-buf-thompson-scores-goal-against-jonathan-quick-6369207837112"
2024021226,2,542,"7:35","12:25",1551,"right",505,"goal",7,"O",-84,3,"wrist",8476999,8479420,41,8484145,17,8481524,29,2,1,"https://nhl.com/video/bos-buf-thompson-scores-goal-against-joonas-korpisalo-6371154740112"
2024020122,2,599,"3:20","16:40",1551,"right",505,"goal",7,"O",-60,6,"wrist",8478048,8479420,NULL,8480839,5,NULL,NULL,1,3,NULL
2024021226,3,858,"5:51","14:09",1551,"left",505,"goal",7,"O",77,-2,"backhand",8477424,8479420,42,8483468,8,8482671,33,3,5,"https://nhl.com/video/bos-buf-thompson-scores-goal-against-joonas-korpisalo-6371154988112"
2024020122,1,304,"12:00","8:00",1551,"left",505,"goal",7,"O",85,9,"slap",8476883,8479420,NULL,8482175,3,8480839,4,0,2,NULL
2024021226,3,1035,"19:14","0:46",651,"left",505,"goal",7,"D",-52,11,"wrist",8478007,8479420,NULL,NULL,NULL,NULL,NULL,3,6,NULL
2024020968,3,810,"3:24","16:36",1551,"right",505,"goal",7,"O",49,32,"slap",8480981,8479420,29,8482175,29,8480196,6,2,3,"https://nhl.com/video/buf-mtl-thompson-scores-goal-against-samuel-montembeault-6369575826112"
2024020974,3,875,"6:55","13:05",1551,"left",505,"goal",7,"O",64,27,"slap",8480843,8479420,NULL,8482175,31,8477365,9,3,2,NULL
2024021235,2,522,"1:32","18:28",1551,"right",505,"goal",7,"O",-62,16,"wrist",NULL,8479420,44,NULL,NULL,NULL,NULL,0,1,"https://nhl.com/video/car-buf-thompson-scores-goal-against-pyotr-kochetkov-6371245845112"
2024020095,3,866,"4:17","15:43",1551,"left",505,"goal",7,"O",54,17,"slap",8477968,8479420,NULL,8482671,4,8477949,6,0,3,NULL
2024020989,2,678,"9:35","10:25",1541,"right",505,"goal",7,"O",49,25,"wrist",8478916,8479420,31,8480839,40,8482175,32,4,3,"https://nhl.com/video/buf-tbl-thompson-scores-ppg-against-andrei-vasilevskiy-6369702309112"
2024021021,1,325,"13:28","6:32",1551,"left",505,"goal",7,"O",81,3,"wrist",8476883,8479420,32,NULL,NULL,NULL,NULL,0,1,"https://nhl.com/video/edm-buf-thompson-scores-goal-against-stuart-skinner-6369860521112"
2024020582,1,316,"13:06","6:54",1541,"left",505,"goal",7,"O",-53,0,"wrist",8479406,8479420,18,8475722,15,8482097,7,2,0,"https://nhl.com/video/tage-thompson-with-a-powerplay-goal-vs-st-louis-blues-6366531202112"
2024021036,1,204,"7:38","12:22",1551,"right",505,"goal",7,"O",50,-15,"wrist",8476412,8479420,34,8481524,23,NULL,NULL,1,0,"https://nhl.com/video/buf-det-thompson-scores-goal-against-petr-mrazek-6369943742112"
2024020085,1,257,"8:39","11:21",1551,"right",505,"goal",7,"O",44,0,"wrist",NULL,8479420,NULL,8482175,2,8477949,5,1,0,NULL
2024021129,3,859,"1:23","18:37",1551,"left",505,"goal",7,"O",79,6,"wrist",8479973,8479420,35,8484145,14,8480839,42,2,3,"https://nhl.com/video/ott-buf-thompson-scores-goal-against-anton-forsberg-6370558316112"
2024020397,1,148,"3:22","16:38",1551,"left",505,"goal",7,"O",85,1,"wrist",8478435,8479420,NULL,8477365,5,8477949,15,0,1,NULL
2024020397,1,193,"6:39","13:21",1551,"left",505,"goal",7,"O",76,15,"backhand",8478435,8479420,NULL,8475722,10,8481524,11,0,2,NULL
2024020410,1,144,"3:27","16:33",1451,"left",505,"goal",7,"O",69,-24,"wrist",8478007,8479420,14,8475722,11,8477949,16,0,1,"https://nhl.com/video/wpg-buf-thompson-scores-ppg-against-connor-hellebuyck-6365604634112"
2024021143,1,103,"0:27","19:33",1551,"left",505,"goal",7,"O",68,-6,"wrist",8477990,8479420,36,8484145,15,8480839,43,0,1,"https://nhl.com/video/pit-buf-thompson-scores-goal-against-tristan-jarry-6370656556112"
2024020443,1,378,"10:25","9:35",1551,"left",505,"goal",7,"O",77,-4,"wrist",8482783,8479420,15,8475722,13,NULL,NULL,2,2,"https://nhl.com/video/det-buf-thompson-scores-goal-against-ville-husso-6365781013112"
2024020457,3,1259,"19:22","0:38",1560,"left",505,"goal",7,"O",59,26,"slap",8474596,8479420,16,8482671,15,8482175,10,3,2,"https://nhl.com/video/nyr-buf-thompson-scores-goal-against-igor-shesterkin-6365886611112"
2024020002,2,258,"8:18","11:42",1551,"right",505,"goal",7,"O",84,-5,"poke",8474596,8479420,NULL,8478413,1,8477949,1,1,0,NULL
2024021171,1,295,"12:49","7:11",1541,"right",505,"goal",7,"O",87,5,"wrist",8478916,8479420,37,8477949,26,8482175,35,1,1,"https://nhl.com/video/buf-wsh-thompson-scores-goal-against-logan-thompson-6370800667112"
2024020552,3,950,"10:07","9:53",1560,"left",505,"goal",7,"D",78,39,"wrist",8479312,8479420,NULL,8480839,17,NULL,NULL,6,1,NULL
2024021171,3,828,"1:28","18:32",1541,"right",505,"goal",7,"O",75,19,"snap",8478048,8479420,NULL,8475722,29,8482175,36,5,3,NULL
