game_num,game_date,a_team_code,h_team_code,total_hits
2024021104,2025-03-22,VAN,NYR,94
2024020452,2024-12-10,BOS,WPG,91
2024021210,2025-04-05,FLA,OTT,86
2024020573,2024-12-28,NJD,CAR,82
2024020093,2024-10-22,MIN,FLA,81
2024020925,2025-02-25,NYR,NYI,80
2024020901,2025-02-22,MTL,OTT,79
2024021166,2025-03-29,BOS,DET,77
2024020226,2024-11-09,OTT,BOS,77
2024020731,2025-01-18,SJS,NYI,77
2024020065,2024-10-17,VAN,FLA,76
2024020042,2024-10-14,FLA,BOS,76
2024020635,2025-01-05,PHI,TOR,76
2024021025,2025-03-11,FLA,BOS,75
2024021022,2025-03-10,DET,OTT,74
2024021172,2025-03-30,VAN,WPG,74
2024020260,2024-11-14,NJD,FLA,74
2024021079,2025-03-18,CGY,NYR,73
2024020326,2024-11-23,UTA,PIT,73
2024020323,2024-11-23,VAN,OTT,73
2024021237,2025-04-08,TOR,FLA,72
2024020695,2025-01-14,FLA,NJD,72
2024020194,2024-11-05,OTT,BUF,72
2024020934,2025-02-27,SJS,MTL,72
2024020669,2025-01-11,BOS,FLA,72
2024020619,2025-01-03,NSH,VAN,72
2024021255,2025-04-10,WPG,DAL,71
2024021187,2025-04-01,DET,STL,71
2024021010,2025-03-08,STL,LAK,71
2024020353,2024-11-27,BOS,NYI,71
2024020686,2025-01-12,TBL,PIT,71
2024020559,2024-12-27,TOR,DET,71
2024020791,2025-01-26,CGY,WPG,70
2024020609,2025-01-02,ANA,WPG,70
2024021095,2025-03-20,VAN,STL,70
2024020059,2024-10-16,BOS,COL,70
2024020638,2025-01-06,VAN,MTL,69
2024020398,2024-12-03,NYI,MTL,69
2024021180,2025-03-31,CGY,COL,69
2024020856,2025-02-04,DAL,ANA,69
2024020205,2024-11-06,NSH,WSH,68
2024020714,2025-01-16,CHI,NSH,68
2024020478,2024-12-14,PIT,OTT,68
2024020080,2024-10-19,WSH,NJD,68
2024020104,2024-10-22,OTT,UTA,67
2024021003,2025-03-08,NYR,OTT,67
2024020745,2025-01-20,CBJ,NYI,67
2024020509,2024-12-18,FLA,MIN,67
2024020369,2024-11-29,TBL,NSH,67
2024020382,2024-11-30,OTT,LAK,67
2024020307,2024-11-21,VGK,OTT,66
2024020448,2024-12-10,SJS,CAR,65
2024020116,2024-10-24,WPG,SEA,65
2024020261,2024-11-14,SJS,NYR,65
2024020985,2025-03-05,TOR,VGK,65
2024020331,2024-11-23,BUF,SJS,65
2024020082,2024-10-19,VAN,PHI,65
2024021110,2025-03-22,FLA,WSH,65
2024021130,2025-03-25,PHI,TOR,65
2024020908,2025-02-23,ANA,DET,65
2024020667,2025-01-10,LAK,WPG,64
2024021059,2025-03-15,OTT,TOR,64
2024021217,2025-04-05,PHI,MTL,64
2024020131,2024-10-26,CBJ,NSH,64
2024021040,2025-03-13,FLA,TOR,64
2024021194,2025-04-02,FLA,TOR,64
2024021174,2025-03-30,OTT,PIT,64
2024020161,2024-10-31,SEA,TOR,64
2024020849,2025-02-04,FLA,WSH,63
2024021197,2025-04-03,BOS,MTL,63
2024020159,2024-10-30,NJD,VAN,63
2024020117,2024-10-24,SJS,LAK,63
2024021294,2025-04-15,FLA,TBL,63
2024020465,2024-12-12,SJS,STL,63
2024020641,2025-01-07,EDM,BOS,63
2024020001,2024-10-04,NJD,BUF,63
2024021212,2025-04-05,ANA,VAN,62
2024020502,2024-12-17,NYR,NSH,62
2024020603,2025-01-02,CAR,FLA,62
2024020336,2024-11-25,NSH,NJD,62
2024021188,2025-04-01,CGY,UTA,61
2024020492,2024-12-15,NYR,STL,61
2024020111,2024-10-24,NJD,DET,61
2024020113,2024-10-24,FLA,NYR,61
2024020394,2024-12-02,CHI,TOR,61
2024020246,2024-11-12,NJD,FLA,61
2024021225,2025-04-06,FLA,DET,61
2024020599,2024-12-31,PHI,SJS,61
2024021301,2025-04-16,CAR,MTL,61
2024020629,2025-01-04,TBL,LAK,61
2024020591,2024-12-31,MTL,VGK,61
2024020495,2024-12-16,FLA,EDM,60
2024020652,2025-01-08,FLA,UTA,60
2024021074,2025-03-17,PHI,TBL,60
2024020646,2025-01-07,STL,MIN,60
2024020877,2025-02-08,TBL,DET,60
2024020458,2024-12-11,ANA,OTT,60
2024021289,2025-04-14,LAK,EDM,60
2024020839,2025-02-02,VGK,NYR,60
2024020287,2024-11-17,NYR,SEA,60
2024020835,2025-02-02,NJD,BUF,60
2024021000,2025-03-07,MIN,VAN,60
2024020911,2025-02-23,NJD,NSH,60
2024020740,2025-01-20,SJS,BOS,60
2024020118,2024-10-25,OTT,VGK,60
2024020388,2024-12-01,VAN,DET,60
2024021091,2025-03-20,TOR,NYR,60
2024020675,2025-01-11,ANA,PHI,60
2024020211,2024-11-07,NSH,FLA,60
2024020656,2025-01-09,NJD,NYR,60
2024020346,2024-11-26,UTA,MTL,59
2024020558,2024-12-27,CHI,BUF,59
2024020957,2025-03-01,LAK,STL,59
2024020269,2024-11-15,NSH,CGY,59
2024020655,2025-01-09,BOS,TBL,59
2024020811,2025-01-29,PIT,UTA,59
2024020710,2025-01-16,DET,FLA,59
2024020218,2024-11-07,VAN,LAK,59
2024020361,2024-11-27,OTT,SJS,59
2024020919,2025-02-25,ANA,BUF,59
2024020061,2024-10-17,LAK,MTL,59
2024020783,2025-01-25,DAL,STL,59
2024020539,2024-12-22,CAR,NYR,59
2024020033,2024-10-12,SEA,MIN,59
2024020772,2025-01-24,PHI,NYI,59
2024020119,2024-10-25,NYI,NJD,59
2024020345,2024-11-26,VAN,BOS,59
2024020322,2024-11-23,VGK,MTL,59
2024020689,2025-01-13,FLA,PHI,58
2024020081,2024-10-19,MTL,NYI,58
2024020468,2024-12-12,VGK,WPG,58
2024021073,2025-03-17,BUF,BOS,58
2024020687,2025-01-12,ANA,CAR,58
2024020983,2025-03-05,WSH,NYR,58
2024021055,2025-03-15,VGK,BUF,58
2024020610,2025-01-02,BUF,COL,58
2024020736,2025-01-18,LAK,SEA,58
2024020732,2025-01-18,VGK,CHI,58
2024020501,2024-12-17,NJD,STL,58
2024020827,2025-02-01,NYR,BOS,58
2024020087,2024-10-19,CGY,SEA,58
2024020903,2025-02-22,WPG,STL,58
2024020715,2025-01-16,MTL,DAL,58
2024021128,2025-03-24,DET,UTA,58
2024021072,2025-03-16,WPG,SEA,58
2024020024,2024-10-12,LAK,BOS,58
2024020139,2024-10-27,OTT,COL,58
2024020231,2024-11-09,NJD,NYI,58
2024020968,2025-03-03,BUF,MTL,57
2024020517,2024-12-19,OTT,CGY,57
2024020803,2025-01-28,COL,NYI,57
2024020636,2025-01-05,TBL,ANA,57
2024020723,2025-01-18,BOS,OTT,57
2024021041,2025-03-13,BOS,OTT,57
2024020895,2025-02-22,NYR,BUF,57
2024021276,2025-04-13,PHI,OTT,57
2024020956,2025-03-01,PHI,WPG,57
2024020600,2024-12-31,VAN,CGY,57
2024020223,2024-11-08,VGK,SEA,57
2024020035,2024-10-12,PHI,CGY,57
2024020671,2025-01-11,OTT,PIT,57
2024020611,2025-01-02,UTA,CGY,57
2024020661,2025-01-09,ANA,STL,57
2024021231,2025-04-07,STL,WPG,57
2024020785,2025-01-25,CAR,NYI,57
2024021082,2025-03-18,STL,NSH,56
2024021153,2025-03-28,UTA,FLA,56
2024020107,2024-10-22,LAK,VGK,56
2024020277,2024-11-16,WPG,FLA,56
2024020170,2024-11-01,OTT,NYR,56
2024021005,2025-03-08,BOS,TBL,56
2024020597,2024-12-31,WPG,COL,56
2024020975,2025-03-04,CAR,DET,56
2024020948,2025-03-01,DET,CBJ,56
2024020301,2024-11-20,VGK,TOR,56
2024020297,2024-11-19,FLA,WPG,56
2024020938,2025-02-27,PHI,PIT,56
2024021060,2025-03-15,FLA,MTL,56
2024020510,2024-12-18,VAN,UTA,55
2024020360,2024-11-27,ANA,SEA,55
2024020891,2025-02-09,TBL,MTL,55
2024020932,2025-02-26,VAN,LAK,55
2024020953,2025-03-01,MTL,BUF,55
2024020885,2025-02-08,BUF,NSH,55
2024020866,2025-02-06,FLA,STL,55
2024020054,2024-10-15,SJS,DAL,55
2024020997,2025-03-07,WPG,NJD,55
2024021283,2025-04-13,SJS,CGY,55
2024020102,2024-10-22,PIT,CGY,55
2024020702,2025-01-14,VAN,WPG,55
2024021058,2025-03-15,TBL,BOS,55
2024021071,2025-03-16,UTA,VAN,55
2024021086,2025-03-18,WPG,VAN,55
2024021093,2025-03-20,FLA,CBJ,55
2024020921,2025-02-25,EDM,TBL,55
2024020554,2024-12-23,CHI,MIN,55
2024020518,2024-12-19,BOS,EDM,55
2024020473,2024-12-13,OTT,CAR,55
2024021161,2025-03-29,STL,COL,55
2024020333,2024-11-24,UTA,TOR,55
2024020005,2024-10-08,CHI,UTA,54
2024020058,2024-10-16,LAK,TOR,54
2024020753,2025-01-21,CAR,DAL,54
2024021268,2025-04-12,BUF,FLA,54
2024021065,2025-03-15,CHI,VAN,54
2024020823,2025-01-31,VAN,DAL,54
2024020257,2024-11-14,STL,BUF,54
2024021234,2025-04-07,CGY,SJS,54
2024021067,2025-03-16,DAL,COL,54
2024020553,2024-12-23,CAR,NSH,54
2024021032,2025-03-11,MTL,VAN,54
2024020196,2024-11-05,CGY,MTL,54
2024020308,2024-11-21,NYI,DET,54
2024021046,2025-03-13,NYR,MIN,54
2024020396,2024-12-03,DET,BOS,54
2024020392,2024-12-01,OTT,ANA,54
2024020909,2025-02-23,SEA,TBL,54
2024020216,2024-11-07,CHI,DAL,54
2024021202,2025-04-03,LAK,UTA,54
2024020854,2025-02-04,PHI,UTA,53
2024020335,2024-11-25,WSH,FLA,53
2024020003,2024-10-08,STL,SEA,53
2024021204,2025-04-03,WPG,VGK,53
2024020475,2024-12-14,LAK,NYR,53
2024020330,2024-11-23,STL,NYI,53
2024021162,2025-03-29,NJD,MIN,53
2024021201,2025-04-03,NSH,DAL,53
2024020960,2025-03-01,VAN,SEA,53
2024021156,2025-03-28,NJD,WPG,53
2024020974,2025-03-04,SJS,BUF,53
2024020971,2025-03-03,SJS,TOR,53
2024021250,2025-04-10,CHI,BOS,53
2024020232,2024-11-09,UTA,NSH,53
2024020562,2024-12-27,NSH,STL,53
2024020727,2025-01-18,DET,TBL,53
2024021031,2025-03-11,NYR,WPG,53
2024020649,2025-01-07,VGK,SJS,53
2024021027,2025-03-11,OTT,PHI,53
2024020902,2025-02-22,CHI,CBJ,53
2024021126,2025-03-24,CBJ,NYI,53
2024020794,2025-01-27,LAK,DET,53
2024020800,2025-01-28,WPG,MTL,53
2024020990,2025-03-06,CBJ,FLA,53
2024020414,2024-12-05,FLA,PHI,53
2024020965,2025-03-02,NSH,NYR,53
2024020068,2024-10-17,NYI,STL,53
2024020004,2024-10-08,BOS,FLA,53
2024020933,2025-02-27,NYI,BOS,53
2024020840,2025-02-02,CBJ,DAL,53
2024020368,2024-11-29,CGY,CBJ,52
2024020824,2025-01-31,STL,COL,52
2024020013,2024-10-10,FLA,OTT,52
2024020942,2025-02-27,MIN,UTA,52
2024021089,2025-03-20,COL,OTT,52
2024020384,2024-11-30,NSH,MIN,52
2024020294,2024-11-19,EDM,OTT,52
2024020173,2024-11-01,NJD,CGY,52
2024020053,2024-10-15,SEA,NSH,52
2024021051,2025-03-14,DAL,WPG,52
2024021120,2025-03-23,PIT,FLA,52
2024020134,2024-10-26,SJS,VGK,52
2024020480,2024-12-14,BUF,WSH,52
2024020570,2024-12-28,CBJ,BOS,52
2024020025,2024-10-12,FLA,BUF,52
2024020457,2024-12-11,NYR,BUF,52
2024020150,2024-10-29,STL,OTT,52
2024020189,2024-11-03,TOR,MIN,52
2024020076,2024-10-19,DET,NSH,52
2024020973,2025-03-04,NSH,BOS,52
2024020929,2025-02-25,CHI,UTA,52
2024020175,2024-11-02,BOS,PHI,52
2024021220,2025-04-05,VGK,CGY,52
2024020399,2024-12-03,FLA,PIT,52
2024020420,2024-12-06,SEA,NJD,52
2024020400,2024-12-03,SJS,WSH,52
2024020690,2025-01-13,CGY,CHI,51
2024020430,2024-12-07,WSH,MTL,51
2024020146,2024-10-28,CAR,VAN,51
2024020213,2024-11-07,BUF,NYR,51
2024020148,2024-10-29,PHI,BOS,51
2024020390,2024-12-01,CBJ,CHI,51
2024020215,2024-11-07,UTA,STL,51
2024021214,2025-04-05,CAR,BOS,51
2024021224,2025-04-06,CBJ,OTT,51
2024021246,2025-04-09,PHI,NYR,51
2024021133,2025-03-25,MTL,STL,51
2024020445,2024-12-09,ANA,MTL,51
2024020046,2024-10-14,PIT,MTL,51
2024020471,2024-12-12,FLA,VAN,51
2024021170,2025-03-30,MTL,FLA,51
2024020880,2025-02-08,OTT,FLA,51
2024021052,2025-03-14,COL,CGY,51
2024021247,2025-04-09,SJS,MIN,51
2024020195,2024-11-05,BOS,TOR,51
2024020285,2024-11-17,NSH,VAN,51
2024020844,2025-02-03,OTT,NSH,51
2024020425,2024-12-07,PHI,BOS,51
2024021076,2025-03-17,CGY,TOR,51
2024020209,2024-11-07,NYI,OTT,51
2024021264,2025-04-11,MIN,CGY,51
2024020978,2025-03-04,WPG,NYI,50
2024020351,2024-11-27,WSH,TBL,50
2024020166,2024-10-31,EDM,NSH,50
2024020918,2025-02-25,TOR,BOS,50
2024021054,2025-03-14,UTA,SEA,50
2024020688,2025-01-12,MIN,VGK,50
2024020145,2024-10-28,SJS,UTA,50
2024020022,2024-10-11,PHI,VAN,50
2024020245,2024-11-12,OTT,TOR,50
2024021239,2025-04-08,OTT,CBJ,50
2024020540,2024-12-22,FLA,TBL,50
2024021236,2025-04-08,DET,MTL,50
2024020531,2024-12-21,BUF,BOS,50
2024020521,2024-12-20,TOR,BUF,50
2024020793,2025-01-26,FLA,VGK,50
2024020995,2025-03-06,MTL,EDM,50
2024020359,2024-11-27,WPG,LAK,50
2024020993,2025-03-06,SEA,NSH,50
2024020829,2025-02-01,NYI,TBL,50
2024021137,2025-03-25,SEA,CGY,50
2024021138,2025-03-25,NYR,LAK,50
2024020490,2024-12-15,BUF,TOR,50
2024021144,2025-03-27,OTT,DET,50
2024020969,2025-03-03,TBL,FLA,50
2024020941,2025-02-27,WPG,NSH,50
2024021163,2025-03-29,VGK,NSH,50
2024021193,2025-04-02,WSH,CAR,50
2024020981,2025-03-04,ANA,EDM,49
2024020311,2024-11-21,TBL,CBJ,49
2024020472,2024-12-12,BOS,SEA,49
2024020176,2024-11-02,CHI,LAK,49
2024020859,2025-02-05,BOS,NYR,49
2024020393,2024-12-02,NJD,NYR,49
2024020431,2024-12-07,NSH,OTT,49
2024020477,2024-12-14,VGK,EDM,49
2024020489,2024-12-15,NYI,CHI,49
2024021291,2025-04-15,NJD,BOS,49
2024021251,2025-04-10,DET,FLA,49
2024020062,2024-10-17,NJD,OTT,49
2024021218,2025-04-05,COL,STL,49
2024020496,2024-12-16,COL,VAN,49
2024020283,2024-11-16,CHI,VAN,49
2024021139,2025-03-26,VAN,NYI,49
2024020505,2024-12-17,OTT,SEA,49
2024020962,2025-03-02,BOS,MIN,49
2024020355,2024-11-27,MTL,CBJ,49
2024020101,2024-10-22,BOS,NSH,49
2024021013,2025-03-09,NJD,PHI,49
2024021121,2025-03-23,NSH,STL,49
2024020012,2024-10-10,LAK,BUF,49
2024020365,2024-11-29,NJD,DET,49
2024020391,2024-12-01,WPG,DAL,49
2024020129,2024-10-26,WPG,CGY,49
2024020713,2025-01-16,CGY,STL,49
2024020451,2024-12-10,CGY,NSH,49
2024021070,2025-03-16,FLA,NYI,49
2024020182,2024-11-02,COL,NSH,49
2024020979,2025-03-04,NJD,DAL,49
2024020114,2024-10-24,CAR,CGY,48
2024020920,2025-02-25,CAR,MTL,48
2024020930,2025-02-26,WPG,OTT,48
2024020043,2024-10-14,LAK,OTT,48
2024020071,2024-10-17,PHI,SEA,48
2024020108,2024-10-23,PHI,WSH,48
2024021281,2025-04-13,CBJ,WSH,48
2024020160,2024-10-30,VGK,LAK,48
2024020174,2024-11-02,DAL,FLA,48
2024020011,2024-10-10,MTL,BOS,48
2024020242,2024-11-11,LAK,CGY,48
2024021219,2025-04-05,WPG,UTA,48
2024020282,2024-11-16,DET,LAK,48
2024020303,2024-11-20,SJS,DAL,48
2024020320,2024-11-23,SEA,LAK,48
2024020356,2024-11-27,PHI,NSH,48
2024020377,2024-11-30,CAR,FLA,48
2024021178,2025-03-31,MIN,NJD,48
2024020426,2024-12-07,UTA,BUF,48
2024020486,2024-12-14,BOS,VAN,48
2024020488,2024-12-14,TBL,SEA,48
2024020654,2025-01-09,BUF,OTT,48
2024020680,2025-01-11,NYI,UTA,48
2024020693,2025-01-14,DAL,TOR,48
2024020696,2025-01-14,SEA,PIT,48
2024020699,2025-01-14,OTT,NYI,48
2024020747,2025-01-20,WPG,UTA,48
2024021019,2025-03-09,DAL,VAN,48
2024021006,2025-03-08,BUF,FLA,48
2024020822,2025-01-31,NSH,BUF,48
2024020830,2025-02-01,NSH,PIT,48
2024020855,2025-02-04,COL,VAN,48
2024021295,2025-04-15,CBJ,PHI,48
2024020739,2025-01-19,DET,DAL,47
2024020109,2024-10-24,DAL,BOS,47
2024020761,2025-01-23,OTT,BOS,47
2024020186,2024-11-03,TBL,WPG,47
2024020776,2025-01-25,COL,BOS,47
2024020337,2024-11-25,STL,NYR,47
2024020352,2024-11-27,TOR,FLA,47
2024020329,2024-11-23,WPG,NSH,47
2024020650,2025-01-08,VAN,WSH,47
2024020815,2025-01-30,LAK,TBL,47
2024020821,2025-01-30,SJS,SEA,47
2024020180,2024-11-02,MTL,PIT,47
2024020532,2024-12-21,NYI,TOR,47
2024021241,2025-04-08,NYI,NSH,47
2024020212,2024-11-07,MTL,NJD,47
2024020900,2025-02-22,CAR,TOR,47
2024021273,2025-04-12,MIN,VAN,47
2024020692,2025-01-14,TBL,BOS,47
2024021131,2025-03-25,PIT,TBL,47
2024020280,2024-11-16,OTT,CAR,47
2024020343,2024-11-25,SEA,ANA,47
2024021044,2025-03-13,STL,PIT,47
2024021037,2025-03-12,VAN,CGY,47
2024021113,2025-03-22,OTT,NJD,47
2024020416,2024-12-05,SEA,NYI,47
2024020406,2024-12-04,NSH,TOR,47
2024020341,2024-11-25,DET,NYI,47
2024020873,2025-02-07,NSH,CHI,47
2024020850,2025-02-04,VGK,NYI,47
2024020125,2024-10-26,TOR,BOS,47
2024020550,2024-12-23,PHI,PIT,47
2024020923,2025-02-25,CGY,WSH,47
2024021259,2025-04-10,ANA,LAK,47
2024021227,2025-04-06,PIT,CHI,46
2024020563,2024-12-27,MIN,DAL,46
2024021302,2025-04-16,ANA,WPG,46
2024020575,2024-12-28,PIT,NYI,46
2024020951,2025-03-01,CGY,FLA,46
2024020858,2025-02-04,MTL,SJS,46
2024020050,2024-10-15,NJD,CAR,46
2024020422,2024-12-06,CBJ,VAN,46
2024020052,2024-10-15,MIN,STL,46
2024020986,2025-03-05,ANA,VAN,46
2024020826,2025-02-01,CHI,FLA,46
2024021002,2025-03-07,STL,ANA,46
2024020002,2024-10-05,BUF,NJD,46
2024021007,2025-03-08,TOR,COL,46
2024020782,2025-01-25,LAK,CBJ,46
2024020006,2024-10-09,TOR,MTL,46
2024021018,2025-03-09,LAK,VGK,46
2024021020,2025-03-09,NYI,ANA,46
2024021150,2025-03-27,DAL,CGY,46
2024020383,2024-11-30,BUF,NYI,46
2024021277,2025-04-13,NYI,NJD,46
2024020734,2025-01-18,STL,UTA,46
2024020124,2024-10-26,UTA,LAK,46
2024020485,2024-12-14,FLA,CGY,46
2024020928,2025-02-25,DET,MIN,46
2024020138,2024-10-27,MTL,PHI,46
2024020141,2024-10-28,NSH,TBL,46
2024021222,2025-04-06,WSH,NYI,46
2024020143,2024-10-28,TOR,WPG,46
2024020876,2025-02-08,NJD,MTL,46
2024020644,2025-01-07,TOR,PHI,46
2024020642,2025-01-07,OTT,DET,46
2024021078,2025-03-18,OTT,MTL,46
2024020626,2025-01-04,MTL,COL,46
2024020248,2024-11-12,BOS,STL,46
2024020512,2024-12-19,STL,TBL,45
2024020543,2024-12-22,SEA,COL,45
2024020952,2025-03-01,BOS,PIT,45
2024020349,2024-11-27,NYR,CAR,45
2024020516,2024-12-19,SEA,CHI,45
2024021269,2025-04-12,MTL,TOR,45
2024020110,2024-10-24,STL,TOR,45
2024021056,2025-03-15,NJD,PIT,45
2024021155,2025-03-28,VAN,CBJ,45
2024020128,2024-10-26,ANA,NYR,45
2024021140,2025-03-26,NJD,CHI,45
2024020676,2025-01-11,EDM,CHI,45
2024020555,2024-12-23,SJS,VAN,45
2024020158,2024-10-30,CGY,UTA,45
2024021209,2025-04-05,NYR,NJD,45
2024021279,2025-04-13,TOR,CAR,45
2024020164,2024-10-31,MTL,WSH,45
2024021062,2025-03-15,NYR,CBJ,45
2024020633,2025-01-05,NYI,BOS,45
2024021097,2025-03-20,TBL,DAL,45
2024021101,2025-03-20,BOS,VGK,45
2024020708,2025-01-16,WSH,OTT,45
2024020411,2024-12-05,NSH,MTL,45
2024020461,2024-12-12,LAK,NJD,45
2024021048,2025-03-13,CHI,SJS,45
2024020818,2025-01-30,ANA,CGY,45
2024020075,2024-10-19,TBL,OTT,45
2024020073,2024-10-18,SJS,WPG,45
2024020571,2024-12-28,WSH,TOR,45
2024020587,2024-12-30,NSH,WPG,45
2024020441,2024-12-08,UTA,PHI,45
2024021196,2025-04-02,SEA,VAN,45
2024020085,2024-10-19,BUF,CHI,45
2024020795,2025-01-27,NJD,PHI,45
2024020089,2024-10-20,COL,SJS,45
2024020184,2024-11-02,VAN,SJS,45
2024020914,2025-02-23,SJS,CGY,45
2024020586,2024-12-30,NYR,FLA,45
2024020607,2025-01-02,TOR,NYI,45
2024020616,2025-01-03,MTL,CHI,45
2024021009,2025-03-08,CHI,NSH,45
2024020312,2024-11-21,SJS,STL,45
2024020828,2025-02-01,MIN,OTT,45
2024021191,2025-04-01,WPG,LAK,45
2024020455,2024-12-10,STL,VAN,45
2024020456,2024-12-10,FLA,SEA,45
2024021134,2025-03-25,VGK,MIN,45
2024020272,2024-11-16,STL,BOS,45
2024020549,2024-12-23,TBL,FLA,45
2024021164,2025-03-29,CBJ,OTT,45
2024020376,2024-11-30,MTL,NYR,45
2024020207,2024-11-06,VGK,EDM,45
2024020056,2024-10-15,PHI,EDM,44
2024020759,2025-01-22,WPG,COL,44
2024021119,2025-03-23,BUF,WPG,44
2024020905,2025-02-22,VAN,VGK,44
2024021023,2025-03-10,CHI,COL,44
2024020752,2025-01-21,SJS,NSH,44
2024020904,2025-02-22,UTA,LAK,44
2024020474,2024-12-14,CHI,NJD,44
2024020339,2024-11-25,DAL,CAR,44
2024020546,2024-12-23,WPG,TOR,44
2024020481,2024-12-14,ANA,CBJ,44
2024021034,2025-03-11,NYI,LAK,44
2024020198,2024-11-05,PIT,NYI,44
2024020389,2024-12-01,MTL,BOS,44
2024020729,2025-01-18,PIT,WSH,44
2024021195,2025-04-02,COL,CHI,44
2024021038,2025-03-12,ANA,UTA,44
2024020870,2025-02-06,VAN,SJS,44
2024020286,2024-11-17,WSH,VGK,44
2024020137,2024-10-27,ANA,NJD,44
2024020014,2024-10-10,PIT,DET,44
2024020915,2025-02-23,VAN,UTA,44
2024021136,2025-03-25,DET,COL,44
2024020240,2024-11-11,SJS,PHI,44
2024020560,2024-12-27,CAR,NJD,44
2024020371,2024-11-29,SEA,SJS,44
2024021223,2025-04-06,DAL,MIN,44
2024020871,2025-02-07,PIT,NYR,44
2024020267,2024-11-15,PIT,CBJ,44
2024021271,2025-04-12,WPG,CHI,44
2024021112,2025-03-22,COL,MTL,44
2024020015,2024-10-10,TOR,NJD,44
2024020235,2024-11-09,EDM,VAN,44
2024020678,2025-01-11,COL,WPG,44
2024020163,2024-10-31,ANA,PIT,44
2024020527,2024-12-20,COL,ANA,44
2024020165,2024-10-31,BOS,CAR,44
2024021064,2025-03-15,NSH,LAK,44
2024020665,2025-01-10,MTL,WSH,44
2024021267,2025-04-12,COL,LAK,44
2024020255,2024-11-13,LAK,COL,44
2024020583,2024-12-29,OTT,MIN,44
2024021160,2025-03-29,NYI,TBL,44
2024020449,2024-12-10,PHI,CBJ,44
2024020777,2025-01-25,BUF,EDM,44
2024020227,2024-11-09,MTL,TOR,44
2024020768,2025-01-23,VAN,EDM,44
2024020765,2025-01-23,VGK,STL,44
2024020760,2025-01-22,FLA,LAK,44
2024020183,2024-11-02,UTA,VGK,43
2024021189,2025-04-01,EDM,VGK,43
2024020397,2024-12-03,COL,BUF,43
2024020354,2024-11-27,VAN,PIT,43
2024020410,2024-12-05,WPG,BUF,43
2024021165,2025-03-29,TOR,LAK,43
2024020896,2025-02-22,SEA,FLA,43
2024020442,2024-12-08,CGY,DAL,43
2024020315,2024-11-21,MIN,EDM,43
2024021147,2025-03-27,STL,NSH,43
2024020897,2025-02-22,DAL,NJD,43
2024021143,2025-03-27,PIT,BUF,43
2024020281,2024-11-16,DAL,MIN,43
2024020258,2024-11-14,PHI,OTT,43
2024021114,2025-03-22,TOR,NSH,43
2024021107,2025-03-22,CHI,STL,43
2024021103,2025-03-21,CBJ,PIT,43
2024021242,2025-04-08,VAN,DAL,43
2024020229,2024-11-09,WSH,STL,43
2024021244,2025-04-08,VGK,COL,43
2024020598,2024-12-31,NJD,ANA,43
2024021245,2025-04-09,TOR,TBL,43
2024020615,2025-01-03,PIT,FLA,43
2024020617,2025-01-03,OTT,STL,43
2024020623,2025-01-04,BOS,TOR,43
2024020201,2024-11-05,UTA,WPG,43
2024021252,2025-04-10,CAR,WSH,43
2024020639,2025-01-06,FLA,COL,43
2024021257,2025-04-10,NSH,UTA,43
2024021068,2025-03-16,ANA,STL,43
2024020007,2024-10-09,NYR,PIT,43
2024021270,2025-04-12,WSH,CBJ,43
2024021275,2025-04-12,STL,SEA,43
2024020029,2025-01-07,CAR,TBL,43
2024020140,2024-10-28,FLA,BUF,43
2024020712,2025-01-16,PHI,NYI,43
2024020130,2024-10-26,FLA,NYI,43
2024020112,2024-10-24,MIN,TBL,43
2024021026,2025-03-11,CBJ,NJD,43
2024021024,2025-03-10,TOR,UTA,43
2024020762,2025-01-23,MTL,DET,43
2024020780,2025-01-25,TOR,OTT,43
2024021008,2025-03-08,MTL,CGY,43
2024020784,2025-01-25,CGY,MIN,43
2024020092,2024-10-22,WSH,PHI,43
2024020810,2025-01-29,VAN,NSH,43
2024020055,2024-10-15,CHI,CGY,43
2024020040,2024-10-13,CGY,EDM,43
2024020946,2025-02-28,LAK,DAL,43
2024020966,2025-03-02,NJD,VGK,43
2024020894,2025-02-22,MIN,DET,43
2024020370,2024-11-29,LAK,ANA,43
2024020945,2025-02-28,TOR,NYR,42
2024020378,2024-11-30,TOR,TBL,42
2024020366,2024-11-29,NYI,WSH,42
2024020317,2024-11-22,BUF,ANA,42
2024020989,2025-03-06,BUF,TBL,42
2024020202,2024-11-05,SEA,COL,42
2024020403,2024-12-03,STL,WPG,42
2024020115,2024-10-24,COL,UTA,42
2024020737,2025-01-19,OTT,NJD,42
2024020589,2024-12-31,BOS,WSH,42
2024020857,2025-02-04,DET,SEA,42
2024021278,2025-04-13,BOS,PIT,42
2024021293,2025-04-15,CHI,OTT,42
2024021083,2025-03-18,ANA,DAL,42
2024020428,2024-12-07,CAR,NYI,42
2024020072,2024-10-18,CAR,PIT,42
2024021100,2025-03-20,BUF,UTA,42
2024020318,2024-11-23,CHI,PHI,42
2024021238,2025-04-08,BOS,NJD,42
2024021203,2025-04-03,ANA,CGY,42
2024020299,2024-11-19,NYI,CGY,42
2024020483,2024-12-14,STL,DAL,42
2024020853,2025-02-04,TOR,CGY,42
2024020750,2025-01-21,OTT,NYR,42
2024020843,2025-02-02,CGY,SEA,42
2024020078,2024-10-19,VGK,FLA,42
2024020882,2025-02-08,NYR,CBJ,42
2024020338,2024-11-25,VGK,PHI,42
2024020590,2024-12-31,NYI,TOR,42
2024020825,2025-01-31,CBJ,UTA,42
2024021045,2025-03-13,VGK,CBJ,42
2024020270,2024-11-15,VGK,UTA,42
2024020284,2024-11-17,STL,CAR,42
2024020545,2024-12-23,NYR,NJD,42
2024020364,2024-11-29,VAN,BUF,42
2024020126,2024-10-26,STL,MTL,42
2024020279,2024-11-16,SJS,PIT,42
2024020051,2024-10-15,FLA,CBJ,42
2024021047,2025-03-13,WSH,LAK,42
2024020846,2025-02-04,CBJ,BUF,42
2024021233,2025-04-07,SEA,LAK,42
2024020746,2025-01-20,CAR,CHI,42
2024020291,2024-11-18,ANA,DAL,42
2024020127,2024-10-26,WSH,TBL,42
2024020805,2025-01-28,DAL,VGK,42
2024021216,2025-04-05,CBJ,TOR,42
2024021200,2025-04-03,PIT,STL,42
2024020987,2025-03-05,STL,LAK,42
2024020438,2024-12-08,NYI,OTT,41
2024020808,2025-01-29,LAK,FLA,41
2024020237,2024-11-10,MIN,CHI,41
2024021001,2025-03-07,PIT,VGK,41
2024020439,2024-12-08,CBJ,WPG,41
2024020086,2024-10-19,BOS,UTA,41
2024020100,2024-10-22,VAN,CHI,41
2024020454,2024-12-10,MIN,UTA,41
2024020097,2024-10-22,TOR,CBJ,41
2024021198,2025-04-03,TBL,OTT,41
2024020401,2024-12-03,SEA,CAR,41
2024021192,2025-04-02,MIN,NYR,41
2024020786,2025-01-25,WSH,VAN,41
2024020325,2024-11-23,DAL,TBL,41
2024020788,2025-01-25,FLA,SJS,41
2024020010,2024-10-09,COL,VGK,41
2024020970,2025-03-03,NYI,NYR,41
2024020537,2024-12-21,OTT,VAN,41
2024020899,2025-02-22,ANA,BOS,41
2024021081,2025-03-18,DET,WSH,41
2024021087,2025-03-19,COL,TOR,41
2024020027,2024-10-12,OTT,MTL,41
2024021122,2025-03-23,TBL,VGK,41
2024020243,2024-11-11,NSH,COL,41
2024020937,2025-02-27,EDM,FLA,41
2024020884,2025-02-08,TOR,VAN,41
2024020525,2024-12-20,NYR,DAL,41
2024020674,2025-01-11,TBL,NJD,41
2024020523,2024-12-20,STL,FLA,41
2024020028,2024-10-12,NSH,DET,41
2024021127,2025-03-24,MIN,DAL,41
2024020156,2024-10-30,WPG,DET,41
2024020259,2024-11-14,WPG,TBL,41
2024020155,2024-10-30,NYI,CBJ,41
2024020419,2024-12-06,WSH,TOR,41
2024020851,2025-02-04,EDM,STL,41
2024020340,2024-11-25,CGY,OTT,41
2024021129,2025-03-25,OTT,BUF,41
2024020954,2025-03-01,SJS,OTT,41
2024020916,2025-02-24,SJS,WPG,41
2024020936,2025-02-27,CGY,TBL,41
2024020704,2025-01-14,MTL,UTA,41
2024021098,2025-03-20,LAK,CHI,41
2024020834,2025-02-01,DET,CGY,41
2024021029,2025-03-11,TBL,CAR,41
2024021118,2025-03-23,PHI,CHI,41
2024020429,2024-12-07,SJS,FLA,41
2024020749,2025-01-21,TBL,MTL,41
2024021151,2025-03-27,EDM,SEA,41
2024020917,2025-02-24,VGK,LAK,40
2024021106,2025-03-22,BUF,MIN,40
2024021094,2025-03-20,MTL,NYI,40
2024020404,2024-12-03,CBJ,CGY,40
2024020133,2024-10-26,PIT,VAN,40
2024020265,2024-11-14,NYI,VAN,40
2024021311,2025-04-17,WSH,PIT,40
2024020862,2025-02-06,OTT,TBL,40
2024020838,2025-02-02,NYI,FLA,40
2024021181,2025-03-31,DAL,SEA,40
2024020720,2025-01-17,PIT,BUF,40
2024020413,2024-12-05,SJS,TBL,40
2024020409,2024-12-04,DAL,LAK,40
2024021190,2025-04-01,SJS,ANA,40
2024021039,2025-03-12,MTL,SEA,40
2024020491,2024-12-15,CBJ,CAR,40
2024020608,2025-01-02,OTT,DAL,40
2024020204,2024-11-05,CBJ,SJS,40
2024021287,2025-04-14,NYR,FLA,40
2024021213,2025-04-05,EDM,LAK,40
2024020031,2024-10-12,NJD,WSH,40
2024020907,2025-02-23,NYR,PIT,40
2024020887,2025-02-08,SEA,CGY,40
2024020446,2024-12-10,TOR,NJD,40
2024020298,2024-11-19,ANA,CHI,40
2024021158,2025-03-28,NYR,ANA,40
2024020091,2024-10-21,TBL,TOR,40
2024020372,2024-11-29,PIT,BOS,40
2024020300,2024-11-19,NYR,VAN,40
2024020084,2024-10-19,CAR,STL,40
2024020244,2024-11-11,CAR,VGK,40
2024020373,2024-11-29,COL,DAL,40
2024020316,2024-11-22,WPG,PIT,40
2024020090,2024-10-20,LAK,ANA,40
2024020321,2024-11-23,COL,FLA,40
2024020083,2024-10-19,MIN,CBJ,40
2024021075,2025-03-17,NJD,CBJ,40
2024021012,2025-03-08,NYI,SJS,40
2024020848,2025-02-04,NJD,PIT,40
2024020700,2025-01-14,CGY,STL,40
2024020443,2024-12-09,DET,BUF,40
2024021085,2025-03-18,UTA,EDM,40
2024020504,2024-12-17,BOS,CGY,40
2024021253,2025-04-10,BUF,CBJ,40
2024020498,2024-12-17,CBJ,TBL,40
2024021300,2025-04-15,LAK,SEA,40
2024020151,2024-10-29,NYR,WSH,39
2024020556,2024-12-23,DAL,UTA,39
2024020883,2025-02-08,CHI,STL,39
2024021305,2025-04-16,VGK,VAN,39
2024021115,2025-03-22,DET,VGK,39
2024020634,2025-01-05,PIT,CAR,39
2024021260,2025-04-11,MTL,OTT,39
2024020251,2024-11-12,CBJ,SEA,39
2024021261,2025-04-11,DET,TBL,39
2024021262,2025-04-11,PIT,NJD,39
2024020178,2024-11-02,SEA,OTT,39
2024021266,2025-04-12,NYR,CAR,39
2024020659,2025-01-09,TOR,CAR,39
2024020533,2024-12-21,DET,MTL,39
2024020256,2024-11-13,VGK,ANA,39
2024020529,2024-12-21,CHI,CGY,39
2024020020,2024-10-11,TBL,CAR,39
2024020613,2025-01-02,VAN,SEA,39
2024020515,2024-12-19,PIT,NSH,39
2024020511,2024-12-18,WPG,ANA,39
2024020694,2025-01-14,SJS,DET,39
2024020275,2024-11-16,CBJ,MTL,39
2024021298,2025-04-15,ANA,MIN,39
2024020707,2025-01-16,NJD,TOR,39
2024020374,2024-11-29,WPG,VGK,39
2024020717,2025-01-16,NYR,UTA,39
2024020898,2025-02-22,COL,NSH,39
2024020484,2024-12-14,NSH,COL,39
2024020367,2024-11-29,FLA,CAR,39
2024021186,2025-04-01,TBL,NYI,39
2024020767,2025-01-23,BUF,CGY,39
2024020103,2024-10-22,CAR,EDM,39
2024020774,2025-01-24,VGK,DAL,39
2024020381,2024-11-30,PHI,STL,39
2024020096,2024-10-22,NYR,MTL,39
2024020444,2024-12-09,CHI,NYR,39
2024020088,2024-10-20,PIT,WPG,39
2024020079,2024-10-19,NYR,TOR,39
2024020813,2025-01-30,MIN,MTL,39
2024020814,2025-01-30,WSH,OTT,39
2024020019,2024-10-10,STL,SJS,39
2024020434,2024-12-07,MIN,LAK,39
2024020057,2024-10-16,BUF,PIT,39
2024020842,2025-02-02,DET,VAN,39
2024021309,2025-04-17,CAR,OTT,39
2024020959,2025-03-01,CHI,ANA,39
2024020045,2024-10-14,DET,NYR,39
2024020041,2024-10-13,ANA,VGK,39
2024020865,2025-02-06,UTA,CBJ,39
2024020578,2024-12-29,EDM,ANA,39
2024020580,2024-12-29,MTL,TBL,39
2024021099,2025-03-20,WPG,EDM,39
2024021243,2025-04-08,SEA,UTA,39
2024020940,2025-02-27,BUF,CAR,39
2024020225,2024-11-09,PHI,FLA,39
2024020221,2024-11-08,PIT,WSH,39
2024020239,2024-11-11,MTL,BUF,39
2024020214,2024-11-07,PIT,CAR,39
2024020612,2025-01-02,PHI,VGK,39
2024020039,2024-10-13,SEA,DAL,38
2024020064,2024-10-17,VGK,TBL,38
2024020168,2024-11-01,FLA,DAL,38
2024020009,2024-10-09,CGY,VAN,38
2024021108,2025-03-22,CGY,NYI,38
2024020305,2024-11-20,BUF,LAK,38
2024020816,2025-01-30,NYI,PHI,38
2024020344,2024-11-25,LAK,SJS,38
2024020538,2024-12-21,SEA,VGK,38
2024020132,2024-10-26,CHI,DAL,38
2024020135,2024-10-26,CAR,SEA,38
2024020913,2025-02-23,DAL,NYI,38
2024020276,2024-11-16,NJD,TBL,38
2024020939,2025-02-27,STL,WSH,38
2024020910,2025-02-23,COL,STL,38
2024020069,2024-10-17,EDM,NSH,38
2024020152,2024-10-29,ANA,NYI,38
2024020585,2024-12-29,PHI,LAK,38
2024020238,2024-11-10,CBJ,ANA,38
2024020569,2024-12-28,EDM,LAK,38
2024020931,2025-02-26,NJD,COL,38
2024020992,2025-03-06,BOS,CAR,38
2024020743,2025-01-20,STL,VGK,38
2024020683,2025-01-11,MIN,SJS,38
2024021148,2025-03-27,WSH,MIN,38
2024021109,2025-03-22,CAR,LAK,38
2024020673,2025-01-11,DAL,MTL,38
2024020032,2024-10-12,NYI,DAL,38
2024020798,2025-01-27,PIT,SJS,38
2024021125,2025-03-24,VAN,NJD,38
2024021035,2025-03-11,NSH,SJS,38
2024020764,2025-01-23,CBJ,CAR,38
2024020047,2024-10-14,NYI,COL,38
2024020459,2024-12-12,ANA,TOR,38
2024021282,2025-04-13,EDM,WPG,38
2024020018,2024-10-10,CBJ,MIN,38
2024021154,2025-03-28,MTL,CAR,38
2024020670,2025-01-11,SEA,BUF,38
2024020224,2024-11-09,CGY,BUF,38
2024020466,2024-12-12,NSH,DAL,38
2024021184,2025-04-01,BUF,OTT,38
2024021043,2025-03-13,TBL,PHI,38
2024020812,2025-01-30,WPG,BOS,38
2024020602,2025-01-01,NJD,LAK,38
2024020632,2025-01-05,NYR,CHI,38
2024020804,2025-01-28,WSH,CGY,37
2024020460,2024-12-12,PIT,MTL,37
2024021080,2025-03-18,NYI,PIT,37
2024020464,2024-12-12,CHI,NYI,37
2024021285,2025-04-14,CHI,MTL,37
2024020592,2024-12-31,STL,CHI,37
2024020943,2025-02-27,CHI,VGK,37
2024020437,2024-12-08,TBL,VAN,37
2024020819,2025-01-30,DET,EDM,37
2024020313,2024-11-21,FLA,CHI,37
2024020074,2024-10-18,ANA,COL,37
2024020547,2024-12-23,WSH,BOS,37
2024020328,2024-11-23,CAR,CBJ,37
2024020309,2024-11-21,CAR,NJD,37
2024021286,2025-04-14,DAL,DET,37
2024020832,2025-02-01,LAK,CAR,37
2024020836,2025-02-02,PHI,COL,37
2024020721,2025-01-17,VGK,CAR,37
2024020210,2024-11-07,PHI,TBL,37
2024020494,2024-12-16,WSH,DAL,37
2024020878,2025-02-08,UTA,CAR,37
2024021182,2025-04-01,WSH,BOS,37
2024020698,2025-01-14,PHI,CBJ,37
2024020889,2025-02-08,DAL,SJS,37
2024020852,2025-02-04,CAR,WPG,37
2024020519,2024-12-19,VAN,VGK,37
2024020016,2024-10-10,UTA,NYI,37
2024020622,2025-01-04,NJD,SJS,37
2024020044,2024-10-14,UTA,NJD,37
2024021124,2025-03-23,BOS,LAK,37
2024021167,2025-03-29,CGY,EDM,37
2024020963,2025-03-02,CGY,CAR,37
2024020171,2024-11-01,WPG,CBJ,37
2024021171,2025-03-30,BUF,WSH,37
2024020105,2024-10-22,SJS,ANA,37
2024020628,2025-01-04,UTA,DAL,37
2024020347,2024-11-27,MIN,BUF,37
2024021090,2025-03-20,CGY,NJD,37
2024020236,2024-11-10,SJS,NJD,37
2024020643,2025-01-07,DAL,NYR,37
2024020541,2024-12-22,LAK,WSH,37
2024020220,2024-11-08,DET,TOR,37
2024020095,2024-10-22,DAL,BUF,37
2024021157,2025-03-28,VGK,CHI,37
2024020779,2025-01-25,NJD,MTL,37
2024021199,2025-04-03,COL,CBJ,37
2024021254,2025-04-10,NYR,NYI,37
2024021077,2025-03-17,LAK,MIN,37
2024020799,2025-01-28,BOS,BUF,37
2024021014,2025-03-09,SEA,WSH,37
2024021015,2025-03-09,PIT,MIN,37
2024020984,2025-03-05,OTT,CHI,36
2024020034,2024-10-12,CBJ,COL,36
2024020048,2024-10-15,VAN,TBL,36
2024020066,2024-10-17,DAL,WSH,36
2024020094,2024-10-22,TBL,NJD,36
2024020099,2024-10-22,WPG,STL,36
2024020154,2024-10-29,LAK,SJS,36
2024020157,2024-10-30,TBL,COL,36
2024020169,2024-11-01,NYI,BUF,36
2024020185,2024-11-03,NYI,NYR,36
2024020199,2024-11-05,TBL,STL,36
2024020200,2024-11-05,LAK,MIN,36
2024020219,2024-11-07,MIN,SJS,36
2024020230,2024-11-09,DAL,WPG,36
2024020263,2024-11-14,MTL,MIN,36
2024020417,2024-12-05,STL,CGY,36
2024020424,2024-12-06,MIN,ANA,36
2024020435,2024-12-07,STL,EDM,36
2024020436,2024-12-08,SEA,NYR,36
2024020528,2024-12-21,LAK,NSH,36
2024020552,2024-12-23,BUF,NYI,36
2024020572,2024-12-28,NYR,TBL,36
2024020574,2024-12-28,OTT,WPG,36
2024020579,2024-12-29,WSH,DET,36
2024020630,2025-01-04,BUF,VGK,36
2024020648,2025-01-07,CGY,ANA,36
2024020662,2025-01-09,COL,MIN,36
2024020677,2025-01-11,CBJ,STL,36
2024020701,2025-01-14,VGK,NSH,36
2024020709,2025-01-16,ANA,TBL,36
2024020730,2025-01-18,CGY,WPG,36
2024020771,2025-01-23,NSH,SJS,36
2024020775,2025-01-24,UTA,WPG,36
2024020790,2025-01-26,UTA,OTT,36
2024020792,2025-01-26,MIN,CHI,36
2024020892,2025-02-22,EDM,PHI,36
2024020893,2025-02-22,WSH,PIT,36
2024020926,2025-02-25,SEA,STL,36
2024020958,2025-03-01,NJD,UTA,36
2024020961,2025-03-02,TOR,PIT,36
2024020994,2025-03-06,CGY,DAL,36
2024021021,2025-03-10,EDM,BUF,36
2024021063,2025-03-15,STL,MIN,36
2024021066,2025-03-16,VGK,DET,36
2024021111,2025-03-22,TBL,UTA,36
2024021146,2025-03-27,MTL,PHI,36
2024021226,2025-04-06,BOS,BUF,36
2024020149,2024-10-29,SEA,MTL,35
2024021215,2025-04-05,TBL,BUF,35
2024021105,2025-03-22,PHI,DAL,35
2024021303,2025-04-16,DET,NJD,35
2024021069,2025-03-16,EDM,NYR,35
2024020796,2025-01-27,VAN,STL,35
2024021299,2025-04-15,VGK,CGY,35
2024020289,2024-11-18,COL,PHI,35
2024020725,2025-01-18,ANA,FLA,35
2024020778,2025-01-25,PIT,SEA,35
2024020868,2025-02-06,COL,CGY,35
2024021290,2025-04-14,SJS,VAN,35
2024020726,2025-01-18,TOR,MTL,35
2024020288,2024-11-18,CBJ,BOS,35
2024021265,2025-04-12,NYI,PHI,35
2024021263,2025-04-11,SJS,EDM,35
2024020181,2024-11-02,TOR,STL,35
2024021228,2025-04-06,MTL,NSH,35
2024020594,2024-12-31,CAR,CBJ,35
2024020476,2024-12-14,PHI,MIN,35
2024020620,2025-01-04,NYR,WSH,35
2024020666,2025-01-10,VAN,CAR,35
2024020506,2024-12-17,WPG,SJS,35
2024020362,2024-11-29,NYR,PHI,35
2024020912,2025-02-23,TOR,CHI,35
2024020070,2024-10-17,SJS,CHI,35
2024021061,2025-03-15,CAR,PHI,35
2024020106,2024-10-22,COL,SEA,35
2024020841,2025-02-02,STL,UTA,35
2024020576,2024-12-28,CGY,SJS,35
2024020342,2024-11-25,WPG,MIN,35
2024020524,2024-12-20,CAR,WSH,35
2024021057,2025-03-15,WSH,SJS,35
2024020991,2025-03-06,WPG,PHI,35
2024020682,2025-01-11,NYR,VGK,35
2024020684,2025-01-12,SEA,DET,35
2024020433,2024-12-07,TOR,PIT,35
2024021208,2025-04-04,MIN,NYI,35
2024020625,2025-01-04,STL,CBJ,35
2024020807,2025-01-29,MIN,TOR,35
2024020293,2024-11-18,DET,SJS,35
2024020415,2024-12-05,COL,CAR,35
2024020582,2024-12-29,BUF,STL,34
2024021102,2025-03-20,CAR,SJS,34
2024020508,2024-12-18,TOR,DAL,34
2024020514,2024-12-19,NJD,CBJ,34
2024020548,2024-12-23,STL,DET,34
2024020063,2024-10-17,NYR,DET,34
2024021288,2025-04-14,UTA,NSH,34
2024020864,2025-02-06,WSH,PHI,34
2024020067,2024-10-17,BUF,CBJ,34
2024020837,2025-02-02,MTL,ANA,34
2024020833,2025-02-01,TOR,EDM,34
2024020136,2024-10-27,EDM,DET,34
2024020144,2024-10-28,CHI,COL,34
2024020944,2025-02-27,VAN,ANA,34
2024020162,2024-10-31,STL,PHI,34
2024021004,2025-03-08,SEA,PHI,34
2024020773,2025-01-24,TBL,CHI,34
2024021011,2025-03-08,DAL,EDM,34
2024020208,2024-11-07,CGY,BOS,34
2024020755,2025-01-21,BUF,VAN,34
2024020247,2024-11-12,WPG,NYR,34
2024021235,2025-04-08,CAR,BUF,34
2024020253,2024-11-13,TOR,WSH,34
2024020742,2025-01-20,BUF,SEA,34
2024021229,2025-04-06,VGK,VAN,34
2024020264,2024-11-14,NSH,EDM,34
2024020271,2024-11-15,DET,ANA,34
2024020719,2025-01-16,LAK,VAN,34
2024020296,2024-11-19,MIN,STL,34
2024020304,2024-11-20,NSH,SEA,34
2024020306,2024-11-21,UTA,BOS,34
2024020697,2025-01-14,ANA,WSH,34
2024020348,2024-11-27,STL,NJD,34
2024020668,2025-01-10,SJS,UTA,34
2024020402,2024-12-03,VAN,MIN,34
2024021177,2025-03-30,SJS,LAK,34
2024020653,2025-04-17,CGY,LAK,34
2024020407,2024-12-04,BOS,CHI,34
2024020647,2025-01-07,NSH,WPG,34
2024021168,2025-03-29,NYR,SJS,34
2024020423,2024-12-06,DAL,VGK,34
2024020606,2025-01-02,DET,CBJ,34
2024021088,2025-03-19,SEA,MIN,34
2024021145,2025-03-27,UTA,TBL,34
2024020604,2025-01-02,BOS,NYR,34
2024021096,2025-03-20,ANA,NSH,34
2024020038,2024-10-13,MIN,WPG,34
2024020809,2025-01-29,PHI,NJD,33
2024020566,2024-12-28,MTL,FLA,33
2024021084,2025-03-18,SEA,CHI,33
2024020332,2024-11-23,NYR,EDM,33
2024020469,2024-12-12,UTA,COL,33
2024020334,2024-11-25,COL,TBL,33
2024021053,2025-03-14,NSH,ANA,33
2024020685,2025-01-12,DAL,OTT,33
2024020817,2025-01-30,CHI,CAR,33
2024020123,2024-10-26,MIN,PHI,33
2024020831,2025-02-01,WPG,WSH,33
2024020922,2025-02-25,PIT,PHI,33
2024020049,2024-10-15,VGK,WSH,33
2024020672,2025-01-11,VAN,TOR,33
2024020077,2024-10-19,EDM,DAL,33
2024020568,2024-12-28,PHI,ANA,33
2024020861,2025-02-05,MTL,LAK,33
2024020927,2025-02-25,FLA,NSH,33
2024020664,2025-01-10,CHI,DET,33
2024020037,2024-10-12,ANA,SJS,33
2024021179,2025-03-31,NSH,PHI,33
2024020507,2024-12-18,PHI,DET,33
2024020535,2024-12-21,CBJ,PHI,33
2024020872,2025-02-07,NYI,WPG,33
2024020499,2024-12-17,LAK,PIT,33
2024020192,2024-11-04,LAK,NSH,33
2024020203,2024-11-05,VAN,ANA,33
2024020756,2025-01-21,FLA,ANA,33
2024020588,2024-12-30,UTA,SEA,33
2024020493,2024-12-15,VGK,MIN,33
2024020497,2024-12-17,BUF,MTL,33
2024020252,2024-11-13,DET,PIT,33
2024020596,2024-12-31,NSH,MIN,33
2024020640,2025-01-06,NJD,SEA,33
2024020637,2025-01-06,WSH,BUF,33
2024020551,2024-12-23,MTL,CBJ,33
2024020187,2024-11-03,SEA,BOS,33
2024020421,2024-12-06,PIT,NYR,33
2024020738,2025-01-19,NYR,MTL,33
2024020268,2024-11-15,WSH,COL,33
2024021123,2025-03-23,CAR,ANA,33
2024020274,2024-11-16,EDM,TOR,33
2024020021,2024-10-11,CHI,WPG,33
2024021036,2025-03-12,BUF,DET,33
2024020172,2024-11-01,TBL,MIN,33
2024020167,2024-10-31,CHI,SJS,33
2024020787,2025-01-25,NSH,ANA,33
2024020881,2025-02-08,PIT,PHI,33
2024020595,2024-12-31,BUF,DAL,33
2024021042,2025-03-13,EDM,NJD,33
2024020147,2024-10-28,CGY,VGK,33
2024020716,2025-01-16,SEA,WPG,33
2024020561,2024-12-27,BOS,CBJ,33
2024020706,2025-01-15,EDM,MIN,33
2024021135,2025-03-25,WSH,WPG,32
2024020888,2025-02-08,ANA,LAK,32
2024020964,2025-03-02,STL,DAL,32
2024020875,2025-02-07,DAL,LAK,32
2024020863,2025-02-06,VGK,NJD,32
2024020982,2025-03-04,MIN,SEA,32
2024020988,2025-03-06,UTA,DET,32
2024020999,2025-03-07,UTA,CHI,32
2024020802,2025-01-28,CAR,NYR,32
2024020797,2025-01-27,SEA,EDM,32
2024020789,2025-01-26,COL,NYR,32
2024020769,2025-01-23,PIT,ANA,32
2024020017,2024-10-10,DAL,NSH,32
2024020658,2025-01-09,EDM,PIT,32
2024020584,2024-12-29,CGY,VGK,32
2024020567,2024-12-28,SEA,VAN,32
2024021117,2025-03-22,BOS,SJS,32
2024020542,2024-12-22,ANA,UTA,32
2024020487,2024-12-14,UTA,SJS,32
2024020479,2024-12-14,TOR,DET,32
2024021149,2025-03-27,LAK,COL,32
2024020432,2024-12-07,COL,DET,32
2024020387,2024-11-30,SJS,SEA,32
2024021185,2025-04-01,NSH,CBJ,32
2024020327,2024-11-23,NJD,WSH,32
2024020324,2024-11-23,BOS,DET,32
2024021205,2025-04-03,EDM,SJS,32
2024020302,2024-11-20,CAR,PHI,32
2024020290,2024-11-18,EDM,MTL,32
2024020250,2024-11-12,CGY,VAN,32
2024020190,2024-11-03,EDM,CGY,32
2024020121,2024-10-25,PIT,EDM,32
2024020500,2024-12-17,NYI,CAR,31
2024020482,2024-12-14,MTL,WPG,31
2024020977,2025-03-04,CGY,PHI,31
2024020363,2024-11-29,CHI,MIN,31
2024021274,2025-04-12,NSH,VGK,31
2024020967,2025-03-03,OTT,WSH,31
2024020197,2024-11-05,PHI,CAR,31
2024021141,2025-03-26,DAL,EDM,31
2024020663,2025-01-09,NYI,VGK,31
2024021175,2025-03-30,NYI,CAR,31
2024020120,2024-10-25,NSH,CHI,31
2024020906,2025-02-23,EDM,WSH,31
2024021116,2025-03-22,SEA,EDM,31
2024020008,2024-10-09,WPG,EDM,31
2024021033,2025-03-11,WSH,ANA,31
2024020744,2025-01-20,TBL,TOR,31
2024020026,2024-10-12,PIT,TOR,31
2024021248,2025-04-09,STL,EDM,31
2024020924,2025-02-25,DAL,CBJ,31
2024021152,2025-03-27,TOR,SJS,31
2024020467,2024-12-12,EDM,MIN,31
2024020463,2024-12-12,WSH,CBJ,31
2024020534,2024-12-21,PIT,NJD,31
2024020177,2024-11-02,CBJ,WSH,31
2024021092,2025-03-20,PHI,WSH,31
2024020733,2025-01-18,MIN,NSH,31
2024020557,2024-12-23,ANA,VGK,31
2024020440,2024-12-08,COL,NJD,31
2024020262,2024-11-14,BOS,DAL,31
2024020023,2024-10-11,STL,VGK,31
2024020314,2024-11-21,NYR,CGY,31
2024021050,2025-03-14,EDM,NYI,31
2024020996,2025-03-06,SJS,COL,31
2024020450,2024-12-10,LAK,NYI,30
2024020222,2024-11-08,MIN,ANA,30
2024020228,2024-11-09,NYR,DET,30
2024020030,2024-10-12,UTA,NYR,30
2024020614,2025-01-02,TBL,SJS,30
2024020470,2024-12-12,TBL,CGY,30
2024021297,2025-04-15,UTA,STL,30
2024021292,2025-04-15,TOR,BUF,30
2024020621,2025-01-04,DET,WPG,30
2024020631,2025-01-04,EDM,SEA,30
2024020847,2025-02-04,OTT,TBL,30
2024021173,2025-03-30,UTA,CHI,30
2024020395,2024-12-02,DAL,UTA,30
2024020142,2024-10-28,EDM,CBJ,30
2024020379,2024-11-30,WSH,NJD,30
2024021308,2025-04-17,DET,TOR,30
2024020679,2025-01-11,WSH,NSH,30
2024020681,2025-01-11,LAK,CGY,30
2024020153,2024-10-29,MIN,PIT,30
2024020565,2024-12-27,VGK,SJS,30
2024020886,2025-02-08,NYI,MIN,30
2024021207,2025-04-04,CHI,WSH,30
2024020935,2025-02-27,CBJ,DET,30
2024020188,2024-11-03,WSH,CAR,30
2024021221,2025-04-05,SEA,SJS,30
2024021142,2025-03-26,BOS,ANA,30
2024021256,2025-04-10,VAN,COL,30
2024020947,2025-02-28,MIN,COL,29
2024020564,2024-12-27,COL,UTA,29
2024020319,2024-11-23,MIN,CGY,29
2024020757,2025-01-22,CBJ,TOR,29
2024020781,2025-01-25,TBL,DET,29
2024020766,2025-01-23,UTA,MIN,29
2024020869,2025-02-06,TOR,SEA,29
2024020703,2025-01-14,NYR,COL,29
2024020412,2024-12-05,DET,OTT,29
2024020206,2024-11-06,DET,CHI,29
2024021280,2025-04-13,BUF,TBL,29
2024020976,2025-03-04,CBJ,TBL,29
2024020845,2025-02-04,MIN,BOS,29
2024020722,2025-01-18,PHI,NJD,28
2024020408,2024-12-04,VGK,ANA,28
2024020820,2025-01-30,CBJ,VGK,28
2024021183,2025-04-01,FLA,MTL,28
2024020191,2024-11-03,CHI,ANA,28
2024020949,2025-03-01,NSH,NYI,28
2024020380,2024-11-30,CGY,PIT,28
2024020724,2025-01-18,DAL,COL,28
2024021169,2025-03-29,DAL,SEA,28
2024020462,2024-12-12,DET,PHI,28
2024020350,2024-11-27,CGY,DET,28
2024020357,2024-11-27,DAL,CHI,28
2024020241,2024-11-11,DAL,PIT,28
2024020217,2024-11-07,COL,WPG,28
2024020998,2025-03-07,DET,WSH,28
2024020060,2024-10-16,UTA,ANA,28
2024020806,2025-01-28,ANA,SEA,28
2024020427,2024-12-07,WPG,CHI,28
2024020751,2025-01-21,DET,PHI,28
2024020801,2025-01-28,CHI,TBL,28
2024020193,2024-11-04,NJD,EDM,28
2024021230,2025-04-07,TBL,NYR,28
2024020179,2024-11-02,BUF,DET,28
2024021016,2025-03-09,WPG,CAR,28
2024021132,2025-03-25,NSH,CAR,27
2024020593,2024-12-31,PIT,DET,27
2024020879,2025-02-08,VGK,BOS,27
2024021159,2025-03-29,BUF,PHI,27
2024020418,2024-12-05,CBJ,EDM,27
2024021049,2025-03-14,DET,CAR,27
2024020705,2025-01-15,CAR,BUF,27
2024020728,2025-01-18,CBJ,NYR,27
2024020278,2024-11-16,BUF,PHI,27
2024020735,2025-01-18,EDM,VAN,27
2024021030,2025-03-11,COL,MIN,27
2024020754,2025-01-21,WSH,EDM,27
2024020867,2025-02-06,CAR,MIN,27
2024020544,2024-12-22,OTT,EDM,27
2024020513,2024-12-19,LAK,PHI,27
2024020605,2025-01-02,MIN,WSH,26
2024020447,2024-12-10,COL,PIT,26
2024020266,2024-11-14,CHI,SEA,26
2024020122,2024-10-26,DET,BUF,26
2024020657,2025-01-09,DAL,PHI,26
2024021258,2025-04-10,SEA,VGK,26
2024020955,2025-03-01,EDM,CAR,26
2024020890,2025-02-09,UTA,WSH,26
2024020645,2025-01-07,CBJ,PIT,26
2024020577,2024-12-29,DAL,CHI,26
2024020295,2024-11-19,TBL,PIT,26
2024021232,2025-04-07,EDM,ANA,26
2024021028,2025-03-11,VGK,PIT,26
2024020748,2025-01-20,PIT,LAK,25
2024020860,2025-02-05,EDM,CHI,25
2024020036,2024-10-12,CHI,EDM,25
2024020950,2025-03-01,TBL,WSH,25
2024020385,2024-11-30,EDM,COL,25
2024020503,2024-12-17,WSH,CHI,25
2024020711,2025-01-16,SJS,CBJ,25
2024021211,2025-04-05,PIT,DAL,25
2024020273,2024-11-16,NYI,SEA,25
2024020624,2025-01-04,MIN,CAR,25
2024021176,2025-03-30,TOR,ANA,25
2024020718,2025-01-16,EDM,COL,25
2024021284,2025-04-13,COL,ANA,24
2024020234,2024-11-09,CBJ,LAK,24
2024020522,2024-12-20,MTL,DET,24
2024021307,2025-04-17,PHI,BUF,24
2024020292,2024-11-18,WSH,UTA,24
2024020763,2025-01-23,PHI,NYR,24
2024020770,2025-01-23,WSH,SEA,24
2024021206,2025-04-04,CAR,DET,24
2024021272,2025-04-12,UTA,DAL,24
2024020375,2024-11-29,EDM,UTA,24
2024021306,2025-04-16,EDM,SJS,24
2024020581,2024-12-29,NYI,PIT,24
2024021249,2025-04-09,CGY,ANA,24
2024020874,2025-02-07,COL,EDM,24
2024020972,2025-03-03,LAK,CHI,24
2024020741,2025-01-20,MIN,COL,23
2024020254,2024-11-13,CAR,UTA,23
2024021017,2025-03-09,CBJ,NYR,23
2024020691,2025-01-13,LAK,EDM,23
2024020660,2025-01-09,SEA,CBJ,23
2024020098,2024-10-22,DET,NYI,23
2024020453,2024-12-10,TBL,EDM,23
2024021304,2025-04-16,DAL,NSH,23
2024020233,2024-11-09,CAR,COL,23
2024021240,2025-04-08,CHI,PIT,22
2024020530,2024-12-21,SJS,EDM,22
2024020249,2024-11-12,NYI,EDM,22
2024020758,2025-01-22,BOS,NJD,22
2024020520,2024-12-19,COL,SJS,21
2024021296,2025-04-15,WSH,NYI,21
2024020310,2024-11-21,COL,WSH,21
2024020651,2025-01-08,COL,CHI,20
2024020358,2024-11-27,VGK,COL,20
2024020526,2024-12-20,UTA,MIN,20
2024020627,2025-01-04,NSH,CGY,20
2024020980,2025-03-04,PIT,COL,20
2024020536,2024-12-21,MIN,WPG,19
2024020601,2024-12-31,UTA,EDM,19
2024020386,2024-11-30,UTA,VGK,19
2024020405,2024-12-03,EDM,VGK,18
2024020618,2025-01-03,ANA,EDM,17
2024021312,2025-04-17,NYI,CBJ,17
2024021310,2025-04-17,TBL,NYR,12
