,game_num,date,team_id,team_code,player_id,name,catches,toi,assists,goals,pim,shots,saves,pp_saves,sh_saves,ev_saves,sh_shots,ev_shots,pp_shots,decision,sv_perc,pp_sv_perc,sh_sv_perc,ev_sv_perc,home_away
0,2022021001,2023-03-05T20:00:00Z,12,CAR,8475883,Frederik Andersen,L,60:00,0,0,0,14,14,3,0,11,0,11,3,W,100.0,100.0,NaN,100.0,home
1,2022021002,2023-03-05T23:00:00Z,4,PHI,8479394,Carter Hart,L,60:00,0,0,0,26,25,3,1,21,1,22,3,W,96.15384615384616,100.0,100.0,95.45454545454545,home
2,2022021003,2023-03-05T23:00:00Z,54,VGK,8471734,Jonathan Quick,L,60:00,0,0,0,28,25,5,0,20,0,23,5,W,89.28571428571429,100.0,NaN,86.95652173913044,home
3,2022021004,2023-03-06T00:00:00Z,53,ARI,8478971,Connor Ingram,L,60:23,0,0,0,40,35,0,0,35,0,39,1,L,87.5,0.0,NaN,89.74358974358975,home
4,2022021005,2023-03-06T02:00:00Z,21,COL,8480382,Alexandar Georgiev,L,61:24,0,0,0,35,32,9,1,22,1,25,9,L,91.42857142857143,100.0,100.0,88.0,home
5,2022021006,2023-03-07T00:30:00Z,7,BUF,8467950,Craig Anderson,L,58:20,0,0,0,37,34,5,0,29,0,32,5,L,91.8918918918919,100.0,NaN,90.625,home
6,2022021007,2023-03-07T00:30:00Z,52,WPG,8479496,David Rittich,L,61:14,0,0,0,24,21,4,1,16,1,19,4,L,87.5,100.0,100.0,84.21052631578947,home
7,2022021008,2023-03-07T01:30:00Z,25,DAL,8479979,Jake Oettinger,L,59:53,0,0,0,37,33,8,1,24,1,28,8,L,89.1891891891892,100.0,100.0,85.71428571428571,home
8,2022021009,2023-03-07T02:00:00Z,16,CHI,8471774,Alex Stalock,L,60:00,0,0,0,35,35,5,4,26,4,26,5,W,100.0,100.0,100.0,100.0,home
9,2022021010,2023-03-07T03:30:00Z,23,VAN,8481668,Arturs Silovs,L,64:25,0,0,0,32,29,2,0,27,0,30,2,W,90.625,100.0,NaN,90.0,home
10,2022021011,2023-03-07T03:30:00Z,26,LAK,8477831,Pheonix Copley,L,60:00,0,0,0,22,20,4,1,15,1,16,5,W,90.9090909090909,80.0,100.0,93.75,home
11,2022021012,2023-03-08T00:00:00Z,8,MTL,8474596,Jake Allen,L,65:00,0,0,0,39,36,1,1,34,1,37,1,L,92.3076923076923,100.0,100.0,91.8918918918919,home
12,2022021013,2023-03-08T00:00:00Z,5,PIT,8477465,Tristan Jarry,L,22:37,0,0,0,12,8,3,0,5,0,8,4,,66.66666666666666,75.0,NaN,62.5,home
13,2022021013,2023-03-08T00:00:00Z,5,PIT,8479193,Casey DeSmith,L,40:08,0,0,0,15,15,2,0,13,0,13,2,W,100.0,100.0,NaN,100.0,home
14,2022021014,2023-03-08T00:00:00Z,14,TBL,8476883,Andrei Vasilevskiy,L,60:00,0,0,0,35,33,4,2,27,2,29,4,W,94.28571428571428,100.0,100.0,93.10344827586206,home
15,2022021015,2023-03-08T00:00:00Z,1,NJD,8477970,Vitek Vanecek,L,57:56,0,0,0,25,21,1,0,20,1,22,2,L,84.0,50.0,0.0,90.9090909090909,home
16,2022021016,2023-03-08T00:00:00Z,13,FLA,8475683,Sergei Bobrovsky,L,60:00,0,0,0,23,22,4,1,17,1,17,5,W,95.65217391304348,80.0,100.0,100.0,home
17,2022021017,2023-03-08T00:30:00Z,2,NYI,8478009,Ilya Sorokin,L,59:20,0,0,0,24,22,0,0,22,0,24,0,W,91.66666666666666,NaN,NaN,91.66666666666666,home
18,2022021018,2023-03-08T01:00:00Z,30,MIN,8479406,Filip Gustavsson,L,65:00,0,0,0,26,26,3,3,20,3,20,3,L,100.0,100.0,100.0,100.0,home
19,2022021019,2023-03-08T02:00:00Z,21,COL,8480382,Alexandar Georgiev,L,60:00,0,0,0,13,13,2,1,10,1,10,2,W,100.0,100.0,100.0,100.0,home
20,2022021020,2023-03-08T02:00:00Z,53,ARI,8478872,Karel Vejmelka,R,60:00,0,0,0,42,40,8,1,31,1,33,8,W,95.23809523809523,100.0,100.0,93.93939393939394,home
21,2022021021,2023-03-08T03:00:00Z,55,SEA,8475831,Philipp Grubauer,L,60:00,0,0,0,22,20,2,0,18,0,20,2,W,90.9090909090909,100.0,NaN,90.0,home
22,2022021022,2023-03-09T00:30:00Z,17,DET,8478024,Ville Husso,L,59:47,0,0,0,20,17,3,0,14,0,16,4,W,85.0,75.0,NaN,87.5,home
23,2022021023,2023-03-09T00:30:00Z,52,WPG,8476945,Connor Hellebuyck,L,58:54,0,0,0,22,19,0,1,18,1,21,0,L,86.36363636363636,NaN,100.0,85.71428571428571,home
24,2022021024,2023-03-09T03:00:00Z,23,VAN,8477967,Thatcher Demko,L,60:20,0,0,0,22,20,1,0,19,0,21,1,W,90.9090909090909,100.0,NaN,90.47619047619048,home
25,2022021025,2023-03-10T00:00:00Z,7,BUF,8477480,Eric Comrie,L,60:00,0,0,2,49,39,5,1,33,1,42,6,L,79.59183673469387,83.33333333333334,100.0,78.57142857142857,home
26,2022021026,2023-03-10T00:30:00Z,6,BOS,8480280,Jeremy Swayman,L,58:09,0,0,0,22,19,1,2,16,2,19,1,L,86.36363636363636,100.0,100.0,84.21052631578947,home
27,2022021027,2023-03-10T00:00:00Z,5,PIT,8477465,Tristan Jarry,L,61:48,0,0,0,28,24,8,1,15,1,18,9,L,85.71428571428571,88.88888888888889,100.0,83.33333333333334,home
28,2022021028,2023-03-10T00:00:00Z,8,MTL,8478470,Sam Montembeault,L,65:00,0,0,0,33,30,4,2,24,2,25,6,L,90.9090909090909,66.66666666666666,100.0,96.0,home
29,2022021029,2023-03-10T00:00:00Z,15,WSH,8475311,Darcy Kuemper,L,65:00,0,0,0,40,38,5,0,33,0,34,6,L,95.0,83.33333333333334,NaN,97.05882352941177,home
30,2022021030,2023-03-10T00:00:00Z,12,CAR,8481611,Pyotr Kochetkov,L,59:45,0,0,0,19,19,0,2,17,2,17,0,W,100.0,NaN,100.0,100.0,home
31,2022021031,2023-03-10T00:00:00Z,14,TBL,8476883,Andrei Vasilevskiy,L,61:15,0,0,0,21,17,3,3,11,4,13,4,L,80.95238095238095,75.0,75.0,84.61538461538461,home
32,2022021032,2023-03-10T01:00:00Z,19,STL,8476412,Jordan Binnington,L,60:00,0,0,0,34,32,6,0,26,0,28,6,W,94.11764705882352,100.0,NaN,92.85714285714286,home
33,2022021033,2023-03-10T02:00:00Z,21,COL,8480382,Alexandar Georgiev,L,58:43,0,0,0,30,26,2,2,22,2,26,2,L,86.66666666666667,100.0,100.0,84.61538461538461,home
34,2022021034,2023-03-10T02:00:00Z,53,ARI,8481031,Ivan Prosvetov,L,59:58,0,0,0,40,39,9,1,29,1,30,9,W,97.5,100.0,100.0,96.66666666666667,home
35,2022021035,2023-03-10T03:00:00Z,55,SEA,8475831,Philipp Grubauer,L,58:24,0,0,0,31,26,10,1,15,1,20,10,L,83.87096774193549,100.0,100.0,75.0,home
36,2022021036,2023-03-11T00:00:00Z,13,FLA,8475683,Sergei Bobrovsky,L,62:25,0,0,0,24,21,3,0,18,0,21,3,W,87.5,100.0,NaN,85.71428571428571,home
37,2022021037,2023-03-11T02:00:00Z,20,CGY,8474593,Jacob Markstrom,L,58:29,0,0,0,17,15,0,0,15,0,17,0,L,88.23529411764706,NaN,NaN,88.23529411764706,home
38,2022021038,2023-03-11T18:00:00Z,6,BOS,8476999,Linus Ullmark,L,60:00,0,0,0,31,29,5,1,23,2,23,6,W,93.54838709677419,83.33333333333334,50.0,100.0,home
39,2022021039,2023-03-11T20:30:00Z,5,PIT,8479193,Casey DeSmith,L,60:00,0,0,0,32,31,10,0,21,0,22,10,W,96.875,100.0,NaN,95.45454545454545,home
40,2022021040,2023-03-11T22:00:00Z,7,BUF,8480045,Ukko-Pekka Luukkonen,L,62:02,0,0,0,26,24,7,0,17,0,18,8,L,92.3076923076923,87.5,NaN,94.44444444444444,home
41,2022021041,2023-03-11T23:00:00Z,21,COL,8480382,Alexandar Georgiev,L,61:08,0,0,0,20,18,4,0,14,0,16,4,W,90.0,100.0,NaN,87.5,home
42,2022021042,2023-03-12T00:00:00Z,14,TBL,8470880,Brian Elliott,L,59:43,0,0,0,23,22,1,0,21,0,22,1,W,95.65217391304348,100.0,NaN,95.45454545454545,home
43,2022021043,2023-03-12T00:00:00Z,10,TOR,8476899,Matt Murray,L,60:00,0,0,0,26,22,4,0,18,0,21,5,W,84.61538461538461,80.0,NaN,85.71428571428571,home
44,2022021044,2023-03-12T00:00:00Z,8,MTL,8474596,Jake Allen,L,58:47,0,0,0,36,34,0,0,34,0,36,0,L,94.44444444444444,NaN,NaN,94.44444444444444,home
45,2022021045,2023-03-12T00:00:00Z,29,CBJ,8474636,Michael Hutchinson,R,57:57,0,0,0,23,19,1,1,17,1,21,1,L,82.6086956521739,100.0,100.0,80.95238095238095,home
46,2022021046,2023-03-12T00:00:00Z,12,CAR,8475883,Frederik Andersen,L,56:21,0,0,0,23,20,0,1,19,1,22,0,L,86.95652173913044,NaN,100.0,86.36363636363636,home
47,2022021047,2023-03-12T00:00:00Z,13,FLA,8475683,Sergei Bobrovsky,L,64:31,0,0,0,27,22,2,4,16,4,19,4,L,81.48148148148148,50.0,100.0,84.21052631578947,home
48,2022021048,2023-03-12T00:30:00Z,2,NYI,8473575,Semyon Varlamov,L,59:32,0,0,0,27,22,4,2,16,2,21,4,L,81.48148148148148,100.0,100.0,76.19047619047619,home
49,2022021049,2023-03-12T03:00:00Z,55,SEA,8475831,Philipp Grubauer,L,63:26,0,0,0,25,21,1,2,18,2,22,1,L,84.0,100.0,100.0,81.81818181818183,home
50,2022021050,2023-03-12T03:00:00Z,23,VAN,8477967,Thatcher Demko,L,59:56,0,0,0,20,18,3,1,14,1,16,3,W,90.0,100.0,100.0,87.5,home
51,2022021051,2023-03-12T03:30:00Z,28,SJS,8473503,James Reimer,L,58:34,0,0,0,28,24,7,1,16,1,18,9,L,85.71428571428571,77.77777777777779,100.0,88.88888888888889,home
52,2022021052,2023-03-12T03:30:00Z,26,LAK,8477831,Pheonix Copley,L,65:00,0,0,0,30,29,4,2,23,2,23,5,L,96.66666666666667,80.0,100.0,100.0,home
53,2022021053,2023-03-12T17:30:00Z,17,DET,8478024,Ville Husso,L,60:00,0,0,0,33,30,5,0,25,0,28,5,W,90.9090909090909,100.0,NaN,89.28571428571429,home
54,2022021054,2023-03-12T20:00:00Z,5,PIT,8477465,Tristan Jarry,L,61:33,0,0,0,29,27,4,1,22,1,24,4,W,93.10344827586206,100.0,100.0,91.66666666666666,home
55,2022021055,2023-03-12T23:00:00Z,1,NJD,8477970,Vitek Vanecek,L,59:46,0,0,0,32,32,3,1,28,1,28,3,W,100.0,100.0,100.0,100.0,home
56,2022021056,2023-03-12T23:00:00Z,19,STL,8476412,Jordan Binnington,L,58:30,0,0,0,30,26,2,0,24,0,28,2,L,86.66666666666667,100.0,NaN,85.71428571428571,home
57,2022021057,2023-03-12T23:00:00Z,14,TBL,8476883,Andrei Vasilevskiy,L,58:06,0,0,0,22,19,2,0,17,0,19,3,L,86.36363636363636,66.66666666666666,NaN,89.47368421052632,home
58,2022021058,2023-03-13T01:30:00Z,53,ARI,8478872,Karel Vejmelka,R,64:09,0,0,0,34,30,4,0,26,0,30,4,W,88.23529411764706,100.0,NaN,86.66666666666667,home
59,2022021059,2023-03-13T01:00:00Z,20,CGY,8474593,Jacob Markstrom,L,60:00,0,0,0,31,30,6,1,23,1,24,6,W,96.7741935483871,100.0,100.0,95.83333333333334,home
60,2022021060,2023-03-13T01:30:00Z,24,ANA,8476434,John Gibson,L,59:19,0,0,0,36,31,1,0,30,0,34,2,L,86.11111111111111,50.0,NaN,88.23529411764706,home
61,2022021061,2023-03-13T23:30:00Z,10,TOR,8476899,Matt Murray,L,56:15,0,0,0,29,25,5,0,20,0,23,6,L,86.20689655172413,83.33333333333334,NaN,86.95652173913044,home
62,2022021062,2023-03-13T23:30:00Z,8,MTL,8474596,Jake Allen,L,23:58,0,0,0,15,9,2,0,7,0,12,3,L,60.0,66.66666666666666,NaN,58.333333333333336,home
63,2022021062,2023-03-13T23:30:00Z,8,MTL,8478470,Sam Montembeault,L,36:00,0,0,0,18,16,1,1,14,1,14,3,,88.88888888888889,33.33333333333333,100.0,100.0,home
64,2022021063,2023-03-14T02:00:00Z,55,SEA,8474889,Martin Jones,L,60:00,0,0,0,32,27,1,2,24,2,26,4,L,84.375,25.0,100.0,92.3076923076923,home
65,2022021064,2023-03-14T23:00:00Z,5,PIT,8477465,Tristan Jarry,L,20:00,0,0,0,7,3,0,0,3,0,7,0,,42.857142857142854,NaN,NaN,42.857142857142854,home
66,2022021064,2023-03-14T23:00:00Z,5,PIT,8479193,Casey DeSmith,L,38:31,0,0,0,14,13,0,0,13,0,14,0,L,92.85714285714286,NaN,NaN,92.85714285714286,home
67,2022021065,2023-03-14T23:00:00Z,1,NJD,8477970,Vitek Vanecek,L,59:55,0,0,0,30,26,3,0,23,1,26,3,L,86.66666666666667,100.0,0.0,88.46153846153845,home
68,2022021066,2023-03-14T23:00:00Z,4,PHI,8478433,Felix Sandstrom,L,58:21,0,0,0,32,28,4,0,24,0,26,6,L,87.5,66.66666666666666,NaN,92.3076923076923,home
69,2022021067,2023-03-14T23:00:00Z,3,NYR,8478048,Igor Shesterkin,L,60:00,1,0,0,31,28,2,0,26,0,29,2,W,90.32258064516128,100.0,NaN,89.65517241379311,home
70,2022021068,2023-03-14T23:00:00Z,12,CAR,8475883,Frederik Andersen,L,60:00,0,0,0,24,21,1,0,20,0,23,1,W,87.5,100.0,NaN,86.95652173913044,home
71,2022021069,2023-03-15T00:00:00Z,18,NSH,8477424,Juuse Saros,L,60:00,0,0,0,29,28,6,0,22,0,22,7,W,96.55172413793103,85.71428571428571,NaN,100.0,home
72,2022021070,2023-03-15T00:30:00Z,16,CHI,8471774,Alex Stalock,L,31:12,0,0,0,26,23,1,1,21,1,24,1,W,88.46153846153845,100.0,100.0,87.5,home
73,2022021070,2023-03-15T00:30:00Z,16,CHI,8475852,Petr Mrazek,L,28:48,0,0,0,16,16,2,0,14,0,14,2,,100.0,100.0,NaN,100.0,home
74,2022021071,2023-03-15T01:00:00Z,22,EDM,8479973,Stuart Skinner,L,59:53,0,0,0,32,29,9,0,20,1,21,10,W,90.625,90.0,0.0,95.23809523809523,home
75,2022021072,2023-03-15T02:00:00Z,53,ARI,8478971,Connor Ingram,L,63:10,0,0,0,45,42,6,0,36,0,39,6,W,93.33333333333333,100.0,NaN,92.3076923076923,home
76,2022021073,2023-03-15T02:00:00Z,23,VAN,8477967,Thatcher Demko,L,59:44,0,0,0,27,25,4,2,19,2,20,5,W,92.5925925925926,80.0,100.0,95.0,home
77,2022021074,2023-03-15T02:30:00Z,28,SJS,8478039,Kaapo Kahkonen,L,64:17,0,0,0,48,42,7,1,34,1,39,8,L,87.5,87.5,100.0,87.17948717948718,home
78,2022021075,2023-03-15T02:30:00Z,26,LAK,8476914,Joonas Korpisalo,L,60:00,0,0,0,28,26,2,0,24,0,26,2,W,92.85714285714286,100.0,NaN,92.3076923076923,home
79,2022021076,2023-03-15T23:00:00Z,15,WSH,8479292,Charlie Lindgren,R,64:32,0,0,0,27,23,1,0,22,0,26,1,W,85.18518518518519,100.0,NaN,84.61538461538461,home
80,2022021077,2023-03-15T23:00:00Z,10,TOR,8478492,Ilya Samsonov,L,64:19,0,0,0,29,28,4,1,23,1,23,5,L,96.55172413793103,80.0,100.0,100.0,home
81,2022021078,2023-03-16T01:30:00Z,19,STL,8471306,Thomas Greiss,L,27:35,0,0,0,11,8,1,1,6,2,8,1,L,72.72727272727273,100.0,50.0,75.0,home
82,2022021078,2023-03-16T01:30:00Z,19,STL,8476412,Jordan Binnington,L,32:05,1,0,17,24,19,4,2,13,2,16,6,,79.16666666666666,66.66666666666666,100.0,81.25,home
83,2022021079,2023-03-16T02:00:00Z,24,ANA,8476434,John Gibson,L,60:00,0,0,0,33,27,2,2,23,2,29,2,L,81.81818181818183,100.0,100.0,79.3103448275862,home
84,2022021080,2023-03-16T23:00:00Z,9,OTT,8481544,Mads Sogaard,L,58:44,0,0,0,30,25,2,0,23,0,27,3,L,83.33333333333334,66.66666666666666,NaN,85.18518518518519,home
85,2022021081,2023-03-16T23:00:00Z,13,FLA,8475683,Sergei Bobrovsky,L,60:00,0,0,0,30,25,0,4,21,4,25,1,W,83.33333333333334,0.0,100.0,84.0,home
86,2022021082,2023-03-16T23:00:00Z,3,NYR,8478048,Igor Shesterkin,L,59:57,0,0,0,32,30,0,1,29,1,31,0,W,93.75,NaN,100.0,93.54838709677419,home
87,2022021083,2023-03-16T23:00:00Z,1,NJD,8481033,Akira Schmid,L,64:36,0,0,0,24,21,2,0,19,0,21,3,L,87.5,66.66666666666666,NaN,90.47619047619048,home
88,2022021084,2023-03-17T00:00:00Z,52,WPG,8476945,Connor Hellebuyck,L,57:12,0,0,0,23,21,2,1,18,1,20,2,L,91.30434782608695,100.0,100.0,90.0,home
89,2022021085,2023-03-17T00:00:00Z,18,NSH,8477424,Juuse Saros,L,57:37,0,0,0,21,19,0,2,17,2,19,0,L,90.47619047619048,NaN,100.0,89.47368421052632,home
90,2022021086,2023-03-17T01:00:00Z,22,EDM,8479973,Stuart Skinner,L,60:00,0,0,0,26,25,3,1,21,1,22,3,W,96.15384615384616,100.0,100.0,95.45454545454545,home
91,2022021087,2023-03-17T02:00:00Z,54,VGK,8471734,Jonathan Quick,L,59:11,0,0,0,29,23,0,2,21,2,26,1,L,79.3103448275862,0.0,100.0,80.76923076923077,home
92,2022021088,2023-03-17T02:00:00Z,53,ARI,8481031,Ivan Prosvetov,L,59:39,0,0,0,31,29,10,0,19,0,21,10,W,93.54838709677419,100.0,NaN,90.47619047619048,home
93,2022021089,2023-03-17T02:30:00Z,26,LAK,8477831,Pheonix Copley,L,60:00,0,0,0,30,29,7,0,22,0,23,7,W,96.66666666666667,100.0,NaN,95.65217391304348,home
94,2022021090,2023-03-17T02:30:00Z,28,SJS,8473503,James Reimer,L,61:38,0,0,0,32,30,6,1,23,1,25,6,L,93.75,100.0,100.0,92.0,home
95,2022021091,2023-03-17T23:00:00Z,4,PHI,8479394,Carter Hart,L,60:00,0,0,0,38,36,13,0,23,0,23,15,W,94.73684210526315,86.66666666666667,NaN,100.0,home
96,2022021092,2023-03-17T23:00:00Z,10,TOR,8478492,Ilya Samsonov,L,60:00,0,0,0,34,32,2,0,30,0,32,2,W,94.11764705882352,100.0,NaN,93.75,home
97,2022021093,2023-03-17T23:00:00Z,15,WSH,8475311,Darcy Kuemper,L,58:06,0,0,0,21,17,0,0,17,0,21,0,L,80.95238095238095,NaN,NaN,80.95238095238095,home
98,2022021094,2023-03-18T02:00:00Z,24,ANA,8480843,Lukas Dostal,L,59:49,0,0,0,42,38,6,1,31,1,33,8,W,90.47619047619048,75.0,100.0,93.93939393939394,home
99,2022021095,2023-03-18T17:00:00Z,17,DET,8476433,Magnus Hellberg,L,14:44,0,0,0,2,2,0,0,2,0,2,0,,100.0,NaN,NaN,100.0,home
100,2022021095,2023-03-18T17:00:00Z,17,DET,8478024,Ville Husso,L,45:16,0,0,0,21,16,1,1,14,2,17,2,L,76.19047619047619,50.0,50.0,82.35294117647058,home
101,2022021096,2023-03-18T18:00:00Z,30,MIN,8479406,Filip Gustavsson,L,58:25,0,0,0,37,33,2,2,29,2,32,3,L,89.1891891891892,66.66666666666666,100.0,90.625,home
102,2022021097,2023-03-18T18:00:00Z,18,NSH,8477424,Juuse Saros,L,60:55,0,0,0,34,31,5,1,25,1,28,5,L,91.17647058823529,100.0,100.0,89.28571428571429,home
103,2022021098,2023-03-18T20:00:00Z,55,SEA,8474889,Martin Jones,L,32:46,0,0,0,13,10,4,0,6,0,8,5,L,76.92307692307693,80.0,NaN,75.0,home
104,2022021098,2023-03-18T20:00:00Z,55,SEA,8475831,Philipp Grubauer,L,26:30,0,0,0,10,7,0,0,7,0,10,0,,70.0,NaN,NaN,70.0,home
105,2022021099,2023-03-18T21:00:00Z,4,PHI,8478433,Felix Sandstrom,L,60:26,0,0,0,34,29,1,2,26,2,30,2,L,85.29411764705883,50.0,100.0,86.66666666666667,home
106,2022021100,2023-03-18T22:00:00Z,13,FLA,8475683,Sergei Bobrovsky,L,60:00,0,0,0,35,33,4,0,29,1,30,4,W,94.28571428571428,100.0,0.0,96.66666666666667,home
107,2022021101,2023-03-18T23:00:00Z,14,TBL,8470880,Brian Elliott,L,60:00,0,0,0,21,18,0,2,16,2,18,1,W,85.71428571428571,0.0,100.0,88.88888888888889,home
108,2022021102,2023-03-18T23:00:00Z,9,OTT,8481544,Mads Sogaard,L,63:10,0,0,0,29,25,3,2,20,2,23,4,L,86.20689655172413,75.0,100.0,86.95652173913044,home
109,2022021103,2023-03-19T00:00:00Z,3,NYR,8478048,Igor Shesterkin,L,60:00,0,0,2,33,33,4,1,28,1,28,4,W,100.0,100.0,100.0,100.0,home
110,2022021104,2023-03-19T02:00:00Z,20,CGY,8474593,Jacob Markstrom,L,64:47,0,0,0,26,20,3,0,17,0,23,3,L,76.92307692307693,100.0,NaN,73.91304347826086,home
111,2022021105,2023-03-19T02:00:00Z,26,LAK,8476914,Joonas Korpisalo,L,65:00,0,0,0,17,15,0,0,15,0,16,1,L,88.23529411764706,0.0,NaN,93.75,home
112,2022021106,2023-03-19T02:30:00Z,53,ARI,8481031,Ivan Prosvetov,L,59:53,0,0,0,34,32,12,2,18,2,19,13,W,94.11764705882352,92.3076923076923,100.0,94.73684210526315,home
113,2022021107,2023-03-19T02:30:00Z,28,SJS,8478039,Kaapo Kahkonen,L,59:57,0,0,0,33,29,7,1,21,2,23,8,L,87.87878787878788,87.5,50.0,91.30434782608695,home
114,2022021108,2023-03-19T17:00:00Z,7,BUF,8480045,Ukko-Pekka Luukkonen,L,60:00,0,0,0,25,18,4,0,14,0,20,5,L,72.0,80.0,NaN,70.0,home
115,2022021109,2023-03-19T18:00:00Z,30,MIN,8470594,Marc-Andre Fleury,L,59:18,0,0,0,36,33,9,1,23,1,24,11,W,91.66666666666666,81.81818181818183,100.0,95.83333333333334,home
116,2022021110,2023-03-19T20:00:00Z,54,VGK,8480238,Jiri Patera,L,60:00,0,0,0,37,35,6,0,29,0,31,6,W,94.5945945945946,100.0,NaN,93.54838709677419,home
117,2022021111,2023-03-19T23:00:00Z,3,NYR,8470860,Jaroslav Halak,L,60:00,1,0,0,22,22,5,0,17,0,17,5,W,100.0,100.0,NaN,100.0,home
118,2022021112,2023-03-19T23:00:00Z,14,TBL,8476883,Andrei Vasilevskiy,L,58:42,0,0,0,38,34,1,1,32,1,36,1,L,89.47368421052632,100.0,100.0,88.88888888888889,home
119,2022021113,2023-03-19T23:00:00Z,19,STL,8471306,Thomas Greiss,L,2:36,0,0,0,1,1,0,0,1,0,1,0,,100.0,NaN,NaN,100.0,home
120,2022021113,2023-03-19T23:00:00Z,19,STL,8480981,Joel Hofer,L,57:10,0,0,0,33,33,5,0,28,0,28,5,W,100.0,100.0,NaN,100.0,home
121,2022021114,2023-03-20T00:00:00Z,24,ANA,8476434,John Gibson,L,58:07,0,0,0,40,38,7,0,31,0,32,8,L,95.0,87.5,NaN,96.875,home
122,2022021115,2023-03-20T23:00:00Z,5,PIT,8477465,Tristan Jarry,L,58:17,0,0,0,21,19,2,1,16,1,17,3,L,90.47619047619048,66.66666666666666,100.0,94.11764705882352,home
123,2022021116,2023-03-20T23:00:00Z,17,DET,8478024,Ville Husso,L,59:15,0,0,0,25,20,2,1,17,1,21,3,L,80.0,66.66666666666666,100.0,80.95238095238095,home
124,2022021117,2023-03-21T01:00:00Z,21,COL,8480382,Alexandar Georgiev,L,60:00,0,0,0,27,27,2,0,25,0,25,2,W,100.0,100.0,NaN,100.0,home
125,2022021118,2023-03-21T01:30:00Z,22,EDM,8475789,Jack Campbell,L,64:45,0,0,0,32,28,1,1,26,1,30,1,W,87.5,100.0,100.0,86.66666666666667,home
126,2022021119,2023-03-21T02:30:00Z,26,LAK,8477831,Pheonix Copley,L,59:45,0,0,2,18,16,4,1,11,1,12,5,W,88.88888888888889,80.0,100.0,91.66666666666666,home
127,2022021120,2023-03-21T23:00:00Z,3,NYR,8478048,Igor Shesterkin,L,58:45,0,0,0,39,36,1,0,35,0,38,1,L,92.3076923076923,100.0,NaN,92.10526315789474,home
128,2022021121,2023-03-21T23:00:00Z,15,WSH,8479292,Charlie Lindgren,R,62:43,1,0,0,39,32,0,0,32,0,38,1,L,82.05128205128204,0.0,NaN,84.21052631578947,home
129,2022021122,2023-03-21T23:00:00Z,4,PHI,8479394,Carter Hart,L,60:00,0,0,0,44,41,12,1,28,1,30,13,W,93.18181818181817,92.3076923076923,100.0,93.33333333333333,home
130,2022021123,2023-03-21T23:00:00Z,1,NJD,8477970,Vitek Vanecek,L,64:58,0,0,0,29,27,1,1,25,1,27,1,L,93.10344827586206,100.0,100.0,92.5925925925926,home
131,2022021124,2023-03-21T23:00:00Z,7,BUF,8467950,Craig Anderson,L,35:52,0,0,2,20,14,3,0,11,0,17,3,L,70.0,100.0,NaN,64.70588235294117,home
132,2022021124,2023-03-21T23:00:00Z,7,BUF,8480045,Ukko-Pekka Luukkonen,L,23:23,0,0,0,6,6,1,0,5,0,5,1,,100.0,100.0,NaN,100.0,home
133,2022021125,2023-03-21T23:00:00Z,6,BOS,8476999,Linus Ullmark,L,60:00,0,0,0,41,40,7,2,31,2,32,7,W,97.5609756097561,100.0,100.0,96.875,home
134,2022021126,2023-03-21T23:00:00Z,8,MTL,8478470,Sam Montembeault,L,60:00,0,0,0,33,31,4,1,26,1,27,5,W,93.93939393939394,80.0,100.0,96.29629629629629,home
135,2022021127,2023-03-21T23:30:00Z,2,NYI,8478009,Ilya Sorokin,L,59:43,0,0,0,27,25,0,1,24,1,26,0,W,92.5925925925926,NaN,100.0,92.3076923076923,home
136,2022021128,2023-03-22T00:00:00Z,52,WPG,8476945,Connor Hellebuyck,L,60:00,0,0,0,30,29,3,1,25,1,26,3,W,96.66666666666667,100.0,100.0,96.15384615384616,home
137,2022021129,2023-03-22T00:00:00Z,19,STL,8480981,Joel Hofer,L,65:00,0,0,0,30,28,4,0,24,0,25,5,L,93.33333333333333,80.0,NaN,96.0,home
138,2022021130,2023-03-22T00:30:00Z,25,DAL,8479979,Jake Oettinger,L,59:11,0,0,0,27,22,0,0,22,0,27,0,L,81.48148148148148,NaN,NaN,81.48148148148148,home
139,2022021131,2023-03-22T02:00:00Z,24,ANA,8476434,John Gibson,L,60:00,0,0,0,43,38,6,1,31,1,34,8,L,88.37209302325581,75.0,100.0,91.17647058823529,home
140,2022021132,2023-03-22T02:00:00Z,23,VAN,8477967,Thatcher Demko,L,57:49,0,0,0,27,23,4,0,19,0,23,4,L,85.18518518518519,100.0,NaN,82.6086956521739,home
141,2022021133,2023-03-23T00:00:00Z,21,COL,8480382,Alexandar Georgiev,L,55:20,0,0,0,44,40,5,2,33,2,35,7,L,90.9090909090909,71.42857142857143,100.0,94.28571428571428,home
142,2022021134,2023-03-23T02:30:00Z,22,EDM,8479973,Stuart Skinner,L,61:23,0,0,0,17,14,3,0,11,0,13,4,W,82.35294117647058,75.0,NaN,84.61538461538461,home
143,2022021135,2023-03-23T23:00:00Z,15,WSH,8475311,Darcy Kuemper,L,60:00,0,0,0,28,27,8,0,19,0,20,8,W,96.42857142857143,100.0,NaN,95.0,home
144,2022021136,2023-03-23T22:30:00Z,4,PHI,8479394,Carter Hart,L,65:00,0,0,0,24,20,1,0,19,0,23,1,W,83.33333333333334,100.0,NaN,82.6086956521739,home
145,2022021137,2023-03-23T23:00:00Z,6,BOS,8480280,Jeremy Swayman,L,60:00,0,0,0,31,29,4,1,24,1,24,6,W,93.54838709677419,66.66666666666666,100.0,100.0,home
146,2022021138,2023-03-23T23:00:00Z,12,CAR,8475883,Frederik Andersen,L,57:51,0,0,0,16,14,4,0,10,0,12,4,L,87.5,100.0,NaN,83.33333333333334,home
147,2022021139,2023-03-23T23:00:00Z,9,OTT,8481544,Mads Sogaard,L,60:00,0,0,0,29,27,2,1,24,1,25,3,W,93.10344827586206,66.66666666666666,100.0,96.0,home
148,2022021140,2023-03-23T23:00:00Z,13,FLA,8475683,Sergei Bobrovsky,L,58:17,0,0,0,26,21,3,1,17,1,21,4,L,80.76923076923077,75.0,100.0,80.95238095238095,home
149,2022021141,2023-03-23T23:00:00Z,17,DET,8476433,Magnus Hellberg,L,32:36,0,0,0,13,10,0,1,9,1,12,0,,76.92307692307693,NaN,100.0,75.0,home
150,2022021141,2023-03-23T23:00:00Z,17,DET,8477968,Alex Nedeljkovic,L,24:26,0,0,0,9,8,1,0,7,0,8,1,L,88.88888888888889,100.0,NaN,87.5,home
151,2022021142,2023-03-24T00:00:00Z,18,NSH,8477424,Juuse Saros,L,65:00,0,0,0,28,27,2,2,23,2,24,2,W,96.42857142857143,100.0,100.0,95.83333333333334,home
152,2022021143,2023-03-24T01:00:00Z,25,DAL,8479979,Jake Oettinger,L,60:00,0,0,0,42,40,5,0,35,0,37,5,W,95.23809523809523,100.0,NaN,94.5945945945946,home
153,2022021144,2023-03-24T01:00:00Z,20,CGY,8474593,Jacob Markstrom,L,57:40,0,0,0,32,29,1,0,28,0,31,1,L,90.625,100.0,NaN,90.32258064516128,home
154,2022021145,2023-03-24T02:00:00Z,23,VAN,8477967,Thatcher Demko,L,59:48,0,0,0,19,17,2,0,15,1,16,2,W,89.47368421052632,100.0,0.0,93.75,home
155,2022021146,2023-03-24T02:00:00Z,24,ANA,8480843,Lukas Dostal,L,57:31,0,0,0,33,30,1,0,29,0,32,1,L,90.9090909090909,100.0,NaN,90.625,home
156,2022021147,2023-03-24T23:00:00Z,29,CBJ,8474636,Michael Hutchinson,R,60:40,0,0,0,38,34,0,1,33,1,36,1,W,89.47368421052632,0.0,100.0,91.66666666666666,home
157,2022021148,2023-03-24T23:00:00Z,7,BUF,8480045,Ukko-Pekka Luukkonen,L,59:51,0,0,0,31,27,3,1,23,1,26,4,W,87.09677419354838,75.0,100.0,88.46153846153845,home
158,2022021149,2023-03-25T01:00:00Z,21,COL,8480382,Alexandar Georgiev,L,59:36,0,0,0,18,17,0,0,17,0,18,0,W,94.44444444444444,NaN,NaN,94.44444444444444,home
159,2022021150,2023-03-25T17:00:00Z,4,PHI,8479394,Carter Hart,L,60:00,0,0,0,29,29,9,1,19,1,19,9,W,100.0,100.0,100.0,100.0,home
160,2022021151,2023-03-25T17:00:00Z,6,BOS,8476999,Linus Ullmark,L,60:00,0,0,0,27,26,4,4,18,5,18,4,W,96.29629629629629,100.0,80.0,100.0,home
161,2022021152,2023-03-25T18:00:00Z,18,NSH,8477424,Juuse Saros,L,59:50,0,0,0,39,32,2,2,28,2,34,3,L,82.05128205128204,66.66666666666666,100.0,82.35294117647058,home
162,2022021153,2023-03-25T20:00:00Z,20,CGY,8474593,Jacob Markstrom,L,60:00,0,0,0,31,28,2,0,26,0,29,2,W,90.32258064516128,100.0,NaN,89.65517241379311,home
163,2022021154,2023-03-25T20:00:00Z,26,LAK,8476914,Joonas Korpisalo,L,60:00,0,0,0,26,25,9,1,15,1,15,10,W,96.15384615384616,90.0,100.0,100.0,home
164,2022021155,2023-03-25T21:00:00Z,30,MIN,8479406,Filip Gustavsson,L,60:00,0,0,0,23,22,2,0,20,0,21,2,W,95.65217391304348,100.0,NaN,95.23809523809523,home
165,2022021156,2023-03-25T21:00:00Z,13,FLA,8475683,Sergei Bobrovsky,L,58:22,0,0,0,42,38,4,0,34,0,38,4,L,90.47619047619048,100.0,NaN,89.47368421052632,home
166,2022021157,2023-03-25T21:00:00Z,2,NYI,8473575,Semyon Varlamov,L,58:20,0,0,0,34,33,3,1,29,1,30,3,L,97.05882352941177,100.0,100.0,96.66666666666667,home
167,2022021158,2023-03-25T23:00:00Z,8,MTL,8478470,Sam Montembeault,L,60:00,0,0,0,23,21,7,1,13,1,15,7,W,91.30434782608695,100.0,100.0,86.66666666666667,home
168,2022021159,2023-03-25T23:00:00Z,1,NJD,8478406,Mackenzie Blackwood,L,60:00,0,0,0,28,25,0,0,25,0,28,0,W,89.28571428571429,NaN,NaN,89.28571428571429,home
169,2022021160,2023-03-25T23:00:00Z,12,CAR,8481611,Pyotr Kochetkov,L,60:00,0,0,0,44,41,10,2,29,2,32,10,W,93.18181818181817,100.0,100.0,90.625,home
170,2022021161,2023-03-25T23:00:00Z,25,DAL,8483575,Matt Murray,L,57:43,0,0,0,24,21,5,3,13,4,15,5,L,87.5,100.0,75.0,86.66666666666667,home
171,2022021162,2023-03-26T00:00:00Z,5,PIT,8479193,Casey DeSmith,L,60:00,0,0,0,34,31,2,4,25,4,27,3,W,91.17647058823529,66.66666666666666,100.0,92.5925925925926,home
172,2022021163,2023-03-26T02:00:00Z,22,EDM,8479973,Stuart Skinner,L,62:26,0,0,0,34,30,0,0,30,0,33,1,L,88.23529411764706,0.0,NaN,90.9090909090909,home
173,2022021164,2023-03-26T02:30:00Z,24,ANA,8476434,John Gibson,L,59:33,0,0,0,36,30,0,2,28,2,34,0,L,83.33333333333334,NaN,100.0,82.35294117647058,home
174,2022021165,2023-03-26T19:00:00Z,53,ARI,8478971,Connor Ingram,L,65:00,0,0,0,32,29,5,2,22,2,24,6,L,90.625,83.33333333333334,100.0,91.66666666666666,home
175,2022021166,2023-03-26T21:00:00Z,12,CAR,8475883,Frederik Andersen,L,64:55,0,0,0,38,35,1,1,33,1,35,2,L,92.10526315789474,50.0,100.0,94.28571428571428,home
176,2022021167,2023-03-26T22:00:00Z,18,NSH,8480947,Kevin Lankinen,L,58:44,0,0,0,34,31,7,1,23,1,24,9,L,91.17647058823529,77.77777777777779,100.0,95.83333333333334,home
177,2022021168,2023-03-26T22:00:00Z,16,CHI,8475852,Petr Mrazek,L,58:22,0,0,0,30,27,3,2,22,2,24,4,L,90.0,75.0,100.0,91.66666666666666,home
178,2022021169,2023-03-27T02:30:00Z,26,LAK,8477831,Pheonix Copley,L,59:05,0,0,0,22,16,1,0,15,0,19,3,W,72.72727272727273,33.33333333333333,NaN,78.94736842105263,home
179,2022021170,2023-03-27T23:00:00Z,9,OTT,8481544,Mads Sogaard,L,59:40,0,0,0,34,32,5,1,26,1,28,5,W,94.11764705882352,100.0,100.0,92.85714285714286,home
180,2022021171,2023-03-27T23:00:00Z,7,BUF,8477480,Eric Comrie,L,64:42,0,0,0,41,38,9,0,29,0,32,9,L,92.6829268292683,100.0,NaN,90.625,home
181,2022021172,2023-03-27T23:30:00Z,2,NYI,8478009,Ilya Sorokin,L,60:00,0,0,0,31,30,3,0,27,1,27,3,W,96.7741935483871,100.0,0.0,100.0,home
182,2022021173,2023-03-28T00:00:00Z,30,MIN,8470594,Marc-Andre Fleury,L,60:00,0,0,0,36,35,4,0,31,0,32,4,W,97.22222222222221,100.0,NaN,96.875,home
183,2022021174,2023-03-28T02:00:00Z,24,ANA,8476434,John Gibson,L,60:00,0,0,0,44,39,5,2,32,2,36,6,L,88.63636363636364,83.33333333333334,100.0,88.88888888888889,home
184,2022021175,2023-03-28T02:00:00Z,53,ARI,8478872,Karel Vejmelka,R,57:15,0,0,0,29,24,0,2,22,3,24,2,L,82.75862068965517,0.0,66.66666666666666,91.66666666666666,home
185,2022021176,2023-03-28T23:00:00Z,3,NYR,8478048,Igor Shesterkin,L,60:00,0,0,0,30,28,5,2,21,2,22,6,W,93.33333333333333,83.33333333333334,100.0,95.45454545454545,home
186,2022021177,2023-03-28T23:00:00Z,4,PHI,8478433,Felix Sandstrom,L,60:00,0,0,0,29,27,0,0,27,0,29,0,W,93.10344827586206,NaN,NaN,93.10344827586206,home
187,2022021178,2023-03-28T23:00:00Z,6,BOS,8476999,Linus Ullmark,L,57:57,0,0,0,22,21,6,4,11,4,12,6,L,95.45454545454545,100.0,100.0,91.66666666666666,home
188,2022021179,2023-03-28T23:00:00Z,12,CAR,8481611,Pyotr Kochetkov,L,57:42,0,0,0,20,17,2,1,14,1,17,2,L,85.0,100.0,100.0,82.35294117647058,home
189,2022021180,2023-03-28T23:00:00Z,17,DET,8477968,Alex Nedeljkovic,L,60:00,0,0,0,39,35,12,0,23,0,25,14,W,89.74358974358975,85.71428571428571,NaN,92.0,home
190,2022021181,2023-03-29T00:00:00Z,19,STL,8476412,Jordan Binnington,L,60:12,0,0,0,37,32,2,0,30,0,33,4,W,86.48648648648648,50.0,NaN,90.9090909090909,home
191,2022021182,2023-03-29T00:30:00Z,16,CHI,8471774,Alex Stalock,L,56:23,0,0,12,30,26,7,1,18,2,20,8,L,86.66666666666667,87.5,50.0,90.0,home
192,2022021182,2023-03-29T00:30:00Z,16,CHI,8475852,Petr Mrazek,L,3:37,0,0,0,3,3,0,0,3,0,3,0,,100.0,NaN,NaN,100.0,home
193,2022021183,2023-03-29T01:00:00Z,20,CGY,8474593,Jacob Markstrom,L,60:00,0,0,0,33,32,4,1,27,1,28,4,W,96.96969696969697,100.0,100.0,96.42857142857143,home
194,2022021184,2023-03-29T02:00:00Z,54,VGK,8471734,Jonathan Quick,L,40:00,0,0,2,34,28,0,0,28,0,31,3,L,82.35294117647058,0.0,NaN,90.32258064516128,home
195,2022021184,2023-03-29T02:00:00Z,54,VGK,8476316,Laurent Brossoit,L,20:00,0,0,0,5,4,0,0,4,0,5,0,,80.0,NaN,NaN,80.0,home
196,2022021185,2023-03-29T02:30:00Z,28,SJS,8473503,James Reimer,L,60:00,0,0,0,41,41,2,2,37,2,37,2,W,100.0,100.0,100.0,100.0,home
197,2022021186,2023-03-29T23:30:00Z,10,TOR,8478492,Ilya Samsonov,L,61:33,0,0,0,29,26,5,2,19,2,21,6,L,89.65517241379311,83.33333333333334,100.0,90.47619047619048,home
198,2022021187,2023-03-29T23:30:00Z,15,WSH,8475311,Darcy Kuemper,L,65:00,0,0,0,29,28,0,0,28,0,29,0,L,96.55172413793103,NaN,NaN,96.55172413793103,home
199,2022021188,2023-03-30T02:00:00Z,21,COL,8480382,Alexandar Georgiev,L,57:51,0,0,0,28,25,8,0,17,1,19,8,L,89.28571428571429,100.0,0.0,89.47368421052632,home
200,2022021189,2023-03-30T23:00:00Z,6,BOS,8476999,Linus Ullmark,L,60:39,0,0,0,26,25,9,1,15,1,16,9,W,96.15384615384616,100.0,100.0,93.75,home
201,2022021190,2023-03-30T23:00:00Z,8,MTL,8478470,Sam Montembeault,L,58:59,0,0,0,29,25,1,0,24,0,27,2,L,86.20689655172413,50.0,NaN,88.88888888888889,home
202,2022021191,2023-03-30T23:00:00Z,1,NJD,8477970,Vitek Vanecek,L,60:00,0,0,0,25,24,1,0,23,0,23,2,W,96.0,50.0,NaN,100.0,home
203,2022021192,2023-03-30T23:00:00Z,5,PIT,8477465,Tristan Jarry,L,59:24,0,0,0,28,28,5,3,20,3,20,5,W,100.0,100.0,100.0,100.0,home
204,2022021193,2023-03-30T23:00:00Z,9,OTT,8475660,Cam Talbot,L,61:36,0,0,0,11,7,0,0,7,0,9,2,W,63.63636363636363,0.0,NaN,77.77777777777779,home
205,2022021194,2023-03-30T23:00:00Z,14,TBL,8476883,Andrei Vasilevskiy,L,60:00,0,0,0,31,30,4,0,26,0,27,4,W,96.7741935483871,100.0,NaN,96.29629629629629,home
206,2022021195,2023-03-30T23:30:00Z,17,DET,8477968,Alex Nedeljkovic,L,59:44,0,0,0,33,31,2,0,29,0,31,2,W,93.93939393939394,100.0,NaN,93.54838709677419,home
207,2022021196,2023-03-31T00:30:00Z,16,CHI,8475852,Petr Mrazek,L,57:31,0,0,0,28,24,3,0,21,0,25,3,L,85.71428571428571,100.0,NaN,84.0,home
208,2022021197,2023-03-31T01:00:00Z,22,EDM,8479973,Stuart Skinner,L,59:54,0,0,0,43,43,7,1,35,1,35,7,W,100.0,100.0,100.0,100.0,home
209,2022021198,2023-03-31T02:00:00Z,55,SEA,8474889,Martin Jones,L,60:00,0,0,0,19,18,3,0,15,0,16,3,W,94.73684210526315,100.0,NaN,93.75,home
210,2022021199,2023-03-31T02:30:00Z,28,SJS,8473503,James Reimer,L,60:50,0,0,0,26,23,4,0,19,0,21,5,W,88.46153846153845,80.0,NaN,90.47619047619048,home
211,2022021200,2023-03-31T23:00:00Z,7,BUF,8482221,Devon Levi,L,61:50,0,0,0,33,31,4,0,27,0,29,4,W,93.93939393939394,100.0,NaN,93.10344827586206,home
212,2022021201,2023-04-01T00:00:00Z,52,WPG,8476945,Connor Hellebuyck,L,59:56,0,0,0,25,23,0,1,22,1,23,1,W,92.0,0.0,100.0,95.65217391304348,home
213,2022021202,2023-04-01T02:00:00Z,23,VAN,8477967,Thatcher Demko,L,63:27,0,0,0,41,36,8,2,26,2,30,9,L,87.8048780487805,88.88888888888889,100.0,86.66666666666667,home
214,2022021203,2023-04-01T02:30:00Z,53,ARI,8478872,Karel Vejmelka,R,58:29,0,0,0,30,26,10,0,16,0,19,11,L,86.66666666666667,90.9090909090909,NaN,84.21052631578947,home
215,2022021204,2023-04-01T17:00:00Z,18,NSH,8477424,Juuse Saros,L,60:00,0,0,0,22,21,6,0,15,0,16,6,W,95.45454545454545,100.0,NaN,93.75,home
216,2022021205,2023-04-01T19:00:00Z,5,PIT,8477465,Tristan Jarry,L,58:35,0,0,0,35,31,4,2,25,2,27,6,L,88.57142857142857,66.66666666666666,100.0,92.5925925925926,home
217,2022021206,2023-04-01T23:00:00Z,4,PHI,8478433,Felix Sandstrom,L,60:00,0,0,0,29,23,2,1,20,2,25,2,L,79.3103448275862,100.0,50.0,80.0,home
218,2022021207,2023-04-01T23:00:00Z,8,MTL,8478470,Sam Montembeault,L,60:00,0,0,0,50,47,3,0,44,0,46,4,L,94.0,75.0,NaN,95.65217391304348,home
219,2022021208,2023-04-01T23:00:00Z,29,CBJ,8474636,Michael Hutchinson,R,60:00,0,0,0,49,42,6,1,35,1,41,7,L,85.71428571428571,85.71428571428571,100.0,85.36585365853658,home
220,2022021209,2023-04-01T23:00:00Z,14,TBL,8476883,Andrei Vasilevskiy,L,60:00,0,0,0,38,38,4,0,34,0,34,4,W,100.0,100.0,NaN,100.0,home
221,2022021210,2023-04-01T23:00:00Z,9,OTT,8475660,Cam Talbot,L,15:02,0,0,0,4,4,0,0,4,0,4,0,,100.0,NaN,NaN,100.0,home
222,2022021210,2023-04-01T23:00:00Z,9,OTT,8481544,Mads Sogaard,L,40:00,0,0,0,16,13,1,0,12,0,15,1,L,81.25,100.0,NaN,80.0,home
223,2022021211,2023-04-02T00:00:00Z,16,CHI,8471774,Alex Stalock,L,59:44,0,0,0,39,34,0,0,34,0,39,0,L,87.17948717948718,NaN,NaN,87.17948717948718,home
224,2022021212,2023-04-02T01:00:00Z,21,COL,8480382,Alexandar Georgiev,L,60:00,0,0,0,28,26,3,0,23,0,23,5,W,92.85714285714286,60.0,NaN,100.0,home
225,2022021213,2023-04-02T02:00:00Z,22,EDM,8475789,Jack Campbell,L,60:00,0,0,0,36,36,3,1,32,1,32,3,W,100.0,100.0,100.0,100.0,home
226,2022021214,2023-04-02T02:00:00Z,55,SEA,8474889,Martin Jones,L,59:10,0,0,0,18,16,0,0,16,0,18,0,L,88.88888888888889,NaN,NaN,88.88888888888889,home
227,2022021215,2023-04-02T02:00:00Z,54,VGK,8476316,Laurent Brossoit,L,60:00,0,0,0,30,29,7,0,22,0,23,7,W,96.66666666666667,100.0,NaN,95.65217391304348,home
228,2022021216,2023-04-02T02:00:00Z,53,ARI,8481031,Ivan Prosvetov,L,59:22,0,0,0,31,24,9,0,15,0,19,12,L,77.41935483870968,75.0,NaN,78.94736842105263,home
229,2022021217,2023-04-02T17:00:00Z,15,WSH,8475311,Darcy Kuemper,L,60:00,0,0,0,34,29,6,0,23,0,27,7,L,85.29411764705883,85.71428571428571,NaN,85.18518518518519,home
230,2022021218,2023-04-02T19:30:00Z,19,STL,8476412,Jordan Binnington,L,63:59,0,0,0,31,28,2,0,26,0,28,3,L,90.32258064516128,66.66666666666666,NaN,92.85714285714286,home
231,2022021219,2023-04-02T22:00:00Z,12,CAR,8475883,Frederik Andersen,L,60:00,0,0,0,22,21,2,0,19,0,20,2,W,95.45454545454545,100.0,NaN,95.0,home
232,2022021220,2023-04-02T22:00:00Z,29,CBJ,8476903,Jon Gillies,L,60:16,0,0,0,27,24,4,1,19,1,22,4,W,88.88888888888889,100.0,100.0,86.36363636363636,home
233,2022021221,2023-04-02T22:00:00Z,5,PIT,8479193,Casey DeSmith,L,60:00,0,0,0,33,31,5,1,25,1,27,5,W,93.93939393939394,100.0,100.0,92.5925925925926,home
234,2022021222,2023-04-02T23:00:00Z,10,TOR,8478492,Ilya Samsonov,L,42:48,0,0,0,16,14,0,1,13,1,15,0,L,87.5,NaN,100.0,86.66666666666667,home
235,2022021222,2023-04-02T23:00:00Z,10,TOR,8476899,Matt Murray,L,16:16,0,0,0,7,5,1,0,4,0,6,1,,71.42857142857143,100.0,NaN,66.66666666666666,home
236,2022021223,2023-04-02T23:00:00Z,52,WPG,8476945,Connor Hellebuyck,L,60:00,0,0,0,32,31,3,0,28,0,28,4,W,96.875,75.0,NaN,100.0,home
237,2022021224,2023-04-03T00:00:00Z,20,CGY,8478435,Dan Vladar,L,39:32,0,0,0,13,11,0,1,10,1,12,0,W,84.61538461538461,NaN,100.0,83.33333333333334,home
238,2022021224,2023-04-03T00:00:00Z,20,CGY,8474593,Jacob Markstrom,L,20:00,0,0,0,9,7,1,0,6,0,8,1,,77.77777777777779,100.0,NaN,75.0,home
239,2022021225,2023-04-03T00:00:00Z,23,VAN,8477967,Thatcher Demko,L,58:03,0,0,0,24,21,1,2,18,2,20,2,L,87.5,50.0,100.0,90.0,home
240,2022021226,2023-04-04T00:00:00Z,30,MIN,8479406,Filip Gustavsson,L,65:00,0,0,0,26,23,6,1,16,1,19,6,L,88.46153846153845,100.0,100.0,84.21052631578947,home
241,2022021227,2023-04-04T00:30:00Z,25,DAL,8475809,Scott Wedgewood,L,59:04,0,0,0,27,26,6,0,20,0,21,6,W,96.29629629629629,100.0,NaN,95.23809523809523,home
242,2022021228,2023-04-04T02:00:00Z,55,SEA,8475831,Philipp Grubauer,L,59:39,1,0,0,21,20,4,1,15,1,16,4,W,95.23809523809523,100.0,100.0,93.75,home
243,2022021229,2023-04-04T23:00:00Z,13,FLA,8479312,Alex Lyon,L,60:00,0,0,0,40,39,6,3,30,3,30,7,W,97.5,85.71428571428571,100.0,100.0,home
244,2022021230,2023-04-04T23:00:00Z,10,TOR,8479361,Joseph Woll,L,60:00,0,0,0,26,24,4,0,20,0,22,4,W,92.3076923076923,100.0,NaN,90.9090909090909,home
245,2022021231,2023-04-04T23:00:00Z,8,MTL,8480051,Cayden Primeau,L,59:46,0,0,0,21,16,4,0,12,0,16,5,L,76.19047619047619,80.0,NaN,75.0,home
246,2022021232,2023-04-04T23:00:00Z,12,CAR,8477293,Antti Raanta,L,64:19,0,0,0,28,26,2,0,24,0,25,3,W,92.85714285714286,66.66666666666666,NaN,96.0,home
247,2022021233,2023-04-04T23:00:00Z,1,NJD,8477970,Vitek Vanecek,L,59:55,0,0,0,23,22,4,1,17,1,18,4,W,95.65217391304348,100.0,100.0,94.44444444444444,home
248,2022021234,2023-04-05T00:00:00Z,19,STL,8476412,Jordan Binnington,L,60:00,0,0,0,34,32,2,2,28,2,30,2,W,94.11764705882352,100.0,100.0,93.33333333333333,home
249,2022021235,2023-04-05T00:00:00Z,18,NSH,8480947,Kevin Lankinen,L,63:22,0,0,2,32,30,9,0,21,0,23,9,W,93.75,100.0,NaN,91.30434782608695,home
250,2022021236,2023-04-05T01:00:00Z,20,CGY,8474593,Jacob Markstrom,L,57:15,0,0,0,23,19,0,0,19,0,23,0,L,82.6086956521739,NaN,NaN,82.6086956521739,home
251,2022021237,2023-04-05T02:30:00Z,26,LAK,8477831,Pheonix Copley,L,59:35,0,0,0,32,30,4,0,26,0,26,6,L,93.75,66.66666666666666,NaN,100.0,home
252,2022021238,2023-04-05T02:00:00Z,23,VAN,8480420,Collin Delia,L,58:04,0,0,0,27,23,3,3,17,4,19,4,L,85.18518518518519,75.0,75.0,89.47368421052632,home
253,2022021239,2023-04-05T02:30:00Z,28,SJS,8478039,Kaapo Kahkonen,L,63:00,0,0,0,42,38,5,0,33,0,37,5,L,90.47619047619048,100.0,NaN,89.1891891891892,home
254,2022021240,2023-04-05T23:30:00Z,52,WPG,8476945,Connor Hellebuyck,L,58:50,0,0,0,35,32,8,4,20,4,23,8,L,91.42857142857143,100.0,100.0,86.95652173913044,home
255,2022021241,2023-04-05T23:30:00Z,3,NYR,8478048,Igor Shesterkin,L,59:46,0,0,0,31,28,1,0,27,0,29,2,W,90.32258064516128,50.0,NaN,93.10344827586206,home
256,2022021242,2023-04-06T02:00:00Z,24,ANA,8480843,Lukas Dostal,L,59:47,0,0,0,32,30,3,2,25,2,27,3,L,93.75,100.0,100.0,92.5925925925926,home
257,2022021243,2023-04-06T23:00:00Z,1,NJD,8477970,Vitek Vanecek,L,60:00,0,0,0,17,16,4,0,12,0,13,4,W,94.11764705882352,100.0,NaN,92.3076923076923,home
258,2022021244,2023-04-06T23:00:00Z,5,PIT,8477465,Tristan Jarry,L,60:00,0,0,0,28,27,6,1,20,1,20,7,W,96.42857142857143,85.71428571428571,100.0,100.0,home
259,2022021245,2023-04-06T23:00:00Z,13,FLA,8479312,Alex Lyon,L,60:00,0,0,0,58,56,16,1,39,1,41,16,W,96.55172413793103,100.0,100.0,95.1219512195122,home
260,2022021246,2023-04-06T23:00:00Z,6,BOS,8480280,Jeremy Swayman,L,62:30,0,0,0,32,31,2,2,27,2,28,2,W,96.875,100.0,100.0,96.42857142857143,home
261,2022021247,2023-04-06T23:00:00Z,8,MTL,8478470,Sam Montembeault,L,59:16,0,0,0,26,24,3,1,20,1,21,4,W,92.3076923076923,75.0,100.0,95.23809523809523,home
262,2022021248,2023-04-06T23:00:00Z,17,DET,8478024,Ville Husso,L,64:01,0,0,0,36,30,8,0,22,0,27,9,L,83.33333333333334,88.88888888888889,NaN,81.48148148148148,home
263,2022021249,2023-04-06T23:30:00Z,2,NYI,8478009,Ilya Sorokin,L,59:36,0,0,0,31,30,2,4,24,4,25,2,W,96.7741935483871,100.0,100.0,96.0,home
264,2022021250,2023-04-07T00:00:00Z,18,NSH,8477424,Juuse Saros,L,60:00,0,0,0,33,33,0,0,33,0,33,0,W,100.0,NaN,NaN,100.0,home
265,2022021251,2023-04-07T00:00:00Z,19,STL,8476412,Jordan Binnington,L,61:16,0,0,0,24,22,0,0,22,0,22,2,W,91.66666666666666,0.0,NaN,100.0,home
266,2022021252,2023-04-07T00:30:00Z,25,DAL,8479979,Jake Oettinger,L,60:00,0,0,0,25,24,2,0,22,0,23,2,W,96.0,100.0,NaN,95.65217391304348,home
267,2022021253,2023-04-07T02:30:00Z,55,SEA,8475831,Philipp Grubauer,L,60:00,0,0,0,29,27,2,1,24,1,26,2,W,93.10344827586206,100.0,100.0,92.3076923076923,home
268,2022021254,2023-04-07T02:00:00Z,23,VAN,8477967,Thatcher Demko,L,60:00,0,0,0,33,33,8,0,25,0,25,8,W,100.0,100.0,NaN,100.0,home
269,2022021255,2023-04-07T02:00:00Z,54,VGK,8476316,Laurent Brossoit,L,60:00,0,0,0,32,30,0,1,29,2,29,1,W,93.75,0.0,50.0,100.0,home
270,2022021256,2023-04-07T02:30:00Z,28,SJS,8473503,James Reimer,L,31:54,0,0,0,12,10,0,0,10,0,12,0,,83.33333333333334,NaN,NaN,83.33333333333334,home
271,2022021256,2023-04-07T02:30:00Z,28,SJS,8478039,Kaapo Kahkonen,L,28:06,0,0,0,19,15,2,0,13,0,17,2,L,78.94736842105263,100.0,NaN,76.47058823529412,home
272,2022021257,2023-04-08T16:30:00Z,7,BUF,8482221,Devon Levi,L,60:00,0,0,0,34,31,2,0,29,0,32,2,W,91.17647058823529,100.0,NaN,90.625,home
273,2022021258,2023-04-09T00:00:00Z,30,MIN,8479406,Filip Gustavsson,L,59:42,0,0,0,40,37,3,1,33,1,36,3,W,92.5,100.0,100.0,91.66666666666666,home
274,2022021259,2023-04-08T20:00:00Z,28,SJS,8473503,James Reimer,L,60:00,0,0,0,35,29,2,0,27,1,32,2,L,82.85714285714286,100.0,0.0,84.375,home
275,2022021260,2023-04-08T21:30:00Z,53,ARI,8481031,Ivan Prosvetov,L,63:10,0,0,0,29,25,3,1,21,1,24,4,W,86.20689655172413,75.0,100.0,87.5,home
276,2022021261,2023-04-08T23:00:00Z,15,WSH,8479292,Charlie Lindgren,R,59:11,0,0,0,36,33,13,1,19,1,21,14,L,91.66666666666666,92.85714285714286,100.0,90.47619047619048,home
277,2022021262,2023-04-08T23:00:00Z,10,TOR,8483183,Jett Alexander,L,1:10,0,0,0,0,0,0,0,0,0,0,0,,NaN,NaN,NaN,NaN,home
278,2022021262,2023-04-08T23:00:00Z,10,TOR,8478492,Ilya Samsonov,L,58:50,0,0,0,21,20,3,0,17,0,18,3,W,95.23809523809523,100.0,NaN,94.44444444444444,home
279,2022021263,2023-04-08T23:00:00Z,29,CBJ,8474636,Michael Hutchinson,R,59:50,0,0,0,28,24,4,0,20,0,24,4,L,85.71428571428571,100.0,NaN,83.33333333333334,home
280,2022021264,2023-04-08T23:00:00Z,52,WPG,8476945,Connor Hellebuyck,L,60:00,0,0,0,28,28,4,2,22,2,22,4,W,100.0,100.0,100.0,100.0,home
281,2022021265,2023-04-09T00:00:00Z,6,BOS,8476999,Linus Ullmark,L,60:00,0,0,0,30,29,4,0,25,0,26,4,W,96.66666666666667,100.0,NaN,96.15384615384616,home
282,2022021266,2023-04-08T17:00:00Z,17,DET,8478024,Ville Husso,L,59:42,0,0,0,28,23,3,0,20,0,24,4,L,82.14285714285714,75.0,NaN,83.33333333333334,home
283,2022021267,2023-04-08T23:00:00Z,9,OTT,8475660,Cam Talbot,L,60:00,0,0,0,24,20,2,2,16,2,17,5,W,83.33333333333334,40.0,100.0,94.11764705882352,home
284,2022021268,2023-04-08T23:30:00Z,2,NYI,8478009,Ilya Sorokin,L,60:00,0,0,0,27,27,3,1,23,1,23,3,W,100.0,100.0,100.0,100.0,home
285,2022021269,2023-04-08T19:30:00Z,25,DAL,8479979,Jake Oettinger,L,64:55,0,0,0,20,19,1,1,17,1,18,1,W,95.0,100.0,100.0,94.44444444444444,home
286,2022021270,2023-04-09T02:00:00Z,23,VAN,8477967,Thatcher Demko,L,65:00,0,0,0,43,41,5,3,33,3,34,6,W,95.34883720930233,83.33333333333334,100.0,97.05882352941177,home
287,2022021271,2023-04-09T02:00:00Z,55,SEA,8474889,Martin Jones,L,39:42,0,0,0,18,15,5,0,10,0,12,6,W,83.33333333333334,83.33333333333334,NaN,83.33333333333334,home
288,2022021271,2023-04-09T02:00:00Z,55,SEA,8475831,Philipp Grubauer,L,20:00,0,0,0,11,11,0,0,11,0,11,0,,100.0,NaN,NaN,100.0,home
289,2022021272,2023-04-09T02:30:00Z,26,LAK,8477831,Pheonix Copley,L,57:28,0,0,0,23,19,2,1,16,1,20,2,L,82.6086956521739,100.0,100.0,80.0,home
290,2022021273,2023-04-09T22:00:00Z,4,PHI,8478433,Felix Sandstrom,L,57:12,0,0,0,34,29,4,3,22,3,27,4,L,85.29411764705883,100.0,100.0,81.48148148148148,home
291,2022021274,2023-04-10T00:30:00Z,24,ANA,8480843,Lukas Dostal,L,64:15,0,0,0,46,41,7,2,32,2,34,10,L,89.13043478260869,70.0,100.0,94.11764705882352,home
292,2022021275,2023-04-10T23:00:00Z,3,NYR,8478048,Igor Shesterkin,L,65:00,0,0,0,39,37,2,0,35,0,37,2,L,94.87179487179486,100.0,NaN,94.5945945945946,home
293,2022021276,2023-04-10T23:00:00Z,9,OTT,8481544,Mads Sogaard,L,59:55,0,0,0,29,27,8,2,17,2,18,9,W,93.10344827586206,88.88888888888889,100.0,94.44444444444444,home
294,2022021277,2023-04-10T23:00:00Z,15,WSH,8475311,Darcy Kuemper,L,60:00,0,0,0,40,38,1,0,37,0,39,1,W,95.0,100.0,NaN,94.87179487179486,home
295,2022021278,2023-04-10T23:00:00Z,52,WPG,8476945,Connor Hellebuyck,L,60:00,0,0,0,21,19,7,0,12,0,13,8,W,90.47619047619048,87.5,NaN,92.3076923076923,home
296,2022021279,2023-04-10T23:00:00Z,13,FLA,8479312,Alex Lyon,L,64:38,0,0,0,25,23,0,0,23,0,25,0,L,92.0,NaN,NaN,92.0,home
297,2022021280,2023-04-10T23:00:00Z,17,DET,8476433,Magnus Hellberg,L,47:50,0,0,0,17,14,1,0,13,0,15,2,,82.35294117647058,50.0,NaN,86.66666666666667,home
298,2022021280,2023-04-10T23:00:00Z,17,DET,8478024,Ville Husso,L,12:10,0,0,0,5,2,0,0,2,0,5,0,L,40.0,NaN,NaN,40.0,home
299,2022021281,2023-04-11T01:00:00Z,16,CHI,8471774,Alex Stalock,L,58:12,0,0,0,21,18,1,2,15,3,17,1,L,85.71428571428571,100.0,66.66666666666666,88.23529411764706,home
300,2022021282,2023-04-11T01:30:00Z,20,CGY,8474593,Jacob Markstrom,L,65:00,0,0,0,29,27,8,1,18,1,20,8,L,93.10344827586206,100.0,100.0,90.0,home
301,2022021283,2023-04-11T02:00:00Z,53,ARI,8481031,Ivan Prosvetov,L,60:00,0,0,0,37,33,9,2,22,2,24,11,L,89.1891891891892,81.81818181818183,100.0,91.66666666666666,home
302,2022021284,2023-04-11T02:30:00Z,26,LAK,8476914,Joonas Korpisalo,L,60:00,0,0,0,20,20,4,2,14,2,14,4,W,100.0,100.0,100.0,100.0,home
303,2022021285,2023-04-11T23:00:00Z,1,NJD,8477970,Vitek Vanecek,L,59:53,1,0,0,38,36,3,3,30,3,32,3,W,94.73684210526315,100.0,100.0,93.75,home
304,2022021286,2023-04-11T23:30:00Z,5,PIT,8477465,Tristan Jarry,L,57:32,0,0,0,25,22,3,1,18,1,21,3,L,88.0,100.0,100.0,85.71428571428571,home
305,2022021287,2023-04-11T23:00:00Z,4,PHI,8479394,Carter Hart,L,64:44,0,0,0,31,28,2,1,25,1,27,3,W,90.32258064516128,66.66666666666666,100.0,92.5925925925926,home
306,2022021288,2023-04-11T23:00:00Z,12,CAR,8477293,Antti Raanta,L,59:48,0,0,0,21,20,0,1,19,1,20,0,W,95.23809523809523,NaN,100.0,95.0,home
307,2022021289,2023-04-11T23:00:00Z,14,TBL,8476883,Andrei Vasilevskiy,L,56:59,0,0,0,24,20,3,1,16,1,18,5,L,83.33333333333334,60.0,100.0,88.88888888888889,home
308,2022021290,2023-04-11T23:00:00Z,6,BOS,8480280,Jeremy Swayman,L,9:39,0,0,0,6,6,0,0,6,0,6,0,,100.0,NaN,NaN,100.0,home
309,2022021290,2023-04-11T23:00:00Z,6,BOS,8476999,Linus Ullmark,L,50:21,0,0,0,21,19,2,0,17,0,18,3,W,90.47619047619048,66.66666666666666,NaN,94.44444444444444,home
310,2022021291,2023-04-12T00:00:00Z,30,MIN,8470594,Marc-Andre Fleury,L,58:00,0,0,0,20,17,3,1,13,1,16,3,L,85.0,100.0,100.0,81.25,home
311,2022021292,2023-04-12T01:30:00Z,21,COL,8480382,Alexandar Georgiev,L,61:21,0,0,0,40,38,6,1,31,1,32,7,L,95.0,85.71428571428571,100.0,96.875,home
312,2022021293,2023-04-12T02:00:00Z,54,VGK,8476316,Laurent Brossoit,L,60:00,0,0,0,21,20,0,0,20,0,21,0,W,95.23809523809523,NaN,NaN,95.23809523809523,home
313,2022021294,2023-04-12T02:00:00Z,24,ANA,8480843,Lukas Dostal,L,58:45,0,0,0,36,33,3,2,28,2,29,5,L,91.66666666666666,60.0,100.0,96.55172413793103,home
314,2022021295,2023-04-12T23:00:00Z,2,NYI,8478009,Ilya Sorokin,L,60:00,0,0,0,19,17,0,0,17,1,18,0,W,89.47368421052632,NaN,0.0,94.44444444444444,home
315,2022021296,2023-04-12T23:30:00Z,19,STL,8480981,Joel Hofer,L,59:28,0,0,0,37,32,10,0,22,0,24,13,L,86.48648648648648,76.92307692307693,NaN,91.66666666666666,home
316,2022021297,2023-04-13T02:00:00Z,20,CGY,8481692,Dustin Wolf,L,59:54,0,0,0,24,23,3,1,19,1,20,3,W,95.83333333333334,100.0,100.0,95.0,home
317,2022021298,2023-04-13T23:00:00Z,8,MTL,8478470,Sam Montembeault,L,59:11,0,0,0,21,16,2,0,14,0,19,2,L,76.19047619047619,100.0,NaN,73.68421052631578,home
318,2022021299,2023-04-13T23:00:00Z,13,FLA,8479312,Alex Lyon,L,56:55,0,0,0,34,30,5,0,25,0,29,5,L,88.23529411764706,100.0,NaN,86.20689655172413,home
319,2022021300,2023-04-13T23:00:00Z,14,TBL,8470880,Brian Elliott,L,60:00,0,0,0,32,32,0,0,32,0,32,0,W,100.0,NaN,NaN,100.0,home
320,2022021301,2023-04-13T23:00:00Z,15,WSH,8475311,Darcy Kuemper,L,64:33,0,0,0,34,29,1,0,28,0,32,2,L,85.29411764705883,50.0,NaN,87.5,home
321,2022021302,2023-04-13T23:00:00Z,7,BUF,8467950,Craig Anderson,L,61:18,0,0,0,33,30,4,0,26,0,28,5,W,90.9090909090909,80.0,NaN,92.85714285714286,home
322,2022021303,2023-04-13T23:00:00Z,29,CBJ,8474636,Michael Hutchinson,R,60:52,0,0,0,36,34,0,1,33,1,33,2,W,94.44444444444444,0.0,100.0,100.0,home
323,2022021304,2023-04-13T23:00:00Z,3,NYR,8470860,Jaroslav Halak,L,56:44,0,0,0,21,18,0,0,18,0,21,0,L,85.71428571428571,NaN,NaN,85.71428571428571,home
324,2022021305,2023-04-14T00:00:00Z,18,NSH,8477424,Juuse Saros,L,62:44,0,0,0,24,21,0,1,20,1,23,0,W,87.5,NaN,100.0,86.95652173913044,home
325,2022021306,2023-04-14T00:30:00Z,16,CHI,8471774,Alex Stalock,L,62:28,0,0,0,36,31,0,0,31,0,35,1,L,86.11111111111111,0.0,NaN,88.57142857142857,home
326,2022021307,2023-04-14T00:00:00Z,25,DAL,8479979,Jake Oettinger,L,60:00,0,0,0,25,25,0,0,25,0,25,0,W,100.0,NaN,NaN,100.0,home
327,2022021308,2023-04-14T01:00:00Z,22,EDM,8479973,Stuart Skinner,L,58:57,1,0,0,29,27,7,0,20,0,21,8,W,93.10344827586206,87.5,NaN,95.23809523809523,home
328,2022021309,2023-04-14T00:00:00Z,21,COL,8480382,Alexandar Georgiev,L,60:00,0,0,0,20,18,5,0,13,1,14,5,W,90.0,100.0,0.0,92.85714285714286,home
329,2022021310,2023-04-14T02:00:00Z,24,ANA,8476434,John Gibson,L,59:35,0,0,0,35,31,11,1,19,1,21,13,L,88.57142857142857,84.61538461538461,100.0,90.47619047619048,home
330,2022021311,2023-04-14T02:00:00Z,53,ARI,8478872,Karel Vejmelka,R,61:03,0,0,0,24,19,6,0,13,0,16,8,L,79.16666666666666,75.0,NaN,81.25,home
331,2022021312,2023-04-14T02:30:00Z,55,SEA,8475831,Philipp Grubauer,L,58:39,0,0,0,18,16,0,1,15,2,16,0,L,88.88888888888889,NaN,50.0,93.75,home
0,2022021001,2023-03-05T20:00:00Z,14,TBL,8476883,Andrei Vasilevskiy,L,59:29,0,0,0,38,32,8,2,22,2,24,12,L,84.21052631578947,66.66666666666666,100.0,91.66666666666666,away
1,2022021002,2023-03-05T23:00:00Z,17,DET,8478024,Ville Husso,L,59:31,0,0,0,36,34,7,0,27,1,28,7,L,94.44444444444444,100.0,0.0,96.42857142857143,away
2,2022021003,2023-03-05T23:00:00Z,8,MTL,8474596,Jake Allen,L,58:38,0,0,0,28,24,1,1,22,1,26,1,L,85.71428571428571,100.0,100.0,84.61538461538461,away
3,2022021004,2023-03-06T00:00:00Z,1,NJD,8477970,Vitek Vanecek,L,60:23,0,0,0,29,25,3,0,22,0,26,3,W,86.20689655172413,100.0,NaN,84.61538461538461,away
4,2022021005,2023-03-06T02:00:00Z,55,SEA,8475831,Philipp Grubauer,L,60:55,0,0,0,23,21,4,1,16,1,18,4,W,91.30434782608695,100.0,100.0,88.88888888888889,away
5,2022021006,2023-03-07T00:30:00Z,22,EDM,8479973,Stuart Skinner,L,60:00,0,0,0,39,37,5,0,32,0,33,6,W,94.87179487179486,83.33333333333334,NaN,96.96969696969697,away
6,2022021007,2023-03-07T00:30:00Z,28,SJS,8473503,James Reimer,L,59:43,0,0,0,38,36,7,3,26,3,28,7,W,94.73684210526315,100.0,100.0,92.85714285714286,away
7,2022021008,2023-03-07T01:30:00Z,20,CGY,8474593,Jacob Markstrom,L,59:47,0,0,0,33,29,3,2,24,3,26,4,W,87.87878787878788,75.0,66.66666666666666,92.3076923076923,away
8,2022021009,2023-03-07T02:00:00Z,9,OTT,8481544,Mads Sogaard,L,59:35,0,0,0,21,16,3,1,12,1,17,3,L,76.19047619047619,100.0,100.0,70.58823529411765,away
9,2022021010,2023-03-07T03:30:00Z,18,NSH,8477424,Juuse Saros,L,65:00,0,0,0,29,26,5,0,21,0,24,5,L,89.65517241379311,100.0,NaN,87.5,away
10,2022021011,2023-03-07T03:30:00Z,15,WSH,8475311,Darcy Kuemper,L,58:00,0,0,0,40,37,4,0,33,0,36,4,L,92.5,100.0,NaN,91.66666666666666,away
11,2022021012,2023-03-08T00:00:00Z,12,CAR,8475883,Frederik Andersen,L,45:00,0,0,0,14,13,0,0,13,0,14,0,W,92.85714285714286,NaN,NaN,92.85714285714286,away
12,2022021012,2023-03-08T00:00:00Z,12,CAR,8477293,Antti Raanta,L,20:00,0,0,0,10,8,0,0,8,0,10,0,,80.0,NaN,NaN,80.0,away
13,2022021013,2023-03-08T00:00:00Z,29,CBJ,8474636,Michael Hutchinson,R,42:45,0,0,0,40,35,3,1,31,1,35,4,L,87.5,75.0,100.0,88.57142857142857,away
14,2022021013,2023-03-08T00:00:00Z,29,CBJ,8478007,Elvis Merzlikins,L,20:00,0,0,0,7,7,0,1,6,1,6,0,,100.0,NaN,100.0,100.0,away
15,2022021014,2023-03-08T00:00:00Z,4,PHI,8479394,Carter Hart,L,59:53,0,0,0,39,34,6,2,26,2,28,9,L,87.17948717948718,66.66666666666666,100.0,92.85714285714286,away
16,2022021015,2023-03-08T00:00:00Z,10,TOR,8478492,Ilya Samsonov,L,59:16,0,0,0,33,30,4,0,26,0,28,5,W,90.9090909090909,80.0,NaN,92.85714285714286,away
17,2022021016,2023-03-08T00:00:00Z,54,VGK,8478499,Adin Hill,L,58:02,0,0,0,34,32,1,2,29,2,31,1,L,94.11764705882352,100.0,100.0,93.54838709677419,away
18,2022021017,2023-03-08T00:30:00Z,7,BUF,8480045,Ukko-Pekka Luukkonen,L,57:28,1,0,0,39,36,3,1,32,1,35,3,L,92.3076923076923,100.0,100.0,91.42857142857143,away
19,2022021018,2023-03-08T01:00:00Z,20,CGY,8474593,Jacob Markstrom,L,65:00,0,0,0,40,40,7,4,29,4,29,7,W,100.0,100.0,100.0,100.0,away
20,2022021019,2023-03-08T02:00:00Z,28,SJS,8473503,James Reimer,L,37:15,0,0,2,19,18,7,2,9,2,10,7,,94.73684210526315,100.0,100.0,90.0,away
21,2022021019,2023-03-08T02:00:00Z,28,SJS,8478039,Kaapo Kahkonen,L,22:45,0,0,0,24,19,2,0,17,0,21,3,L,79.16666666666666,66.66666666666666,NaN,80.95238095238095,away
22,2022021020,2023-03-08T02:00:00Z,19,STL,8476412,Jordan Binnington,L,59:55,0,0,0,27,21,1,3,17,3,22,2,L,77.77777777777779,50.0,100.0,77.27272727272727,away
23,2022021021,2023-03-08T03:00:00Z,24,ANA,8476434,John Gibson,L,58:42,0,0,0,30,26,3,2,21,2,24,4,L,86.66666666666667,75.0,100.0,87.5,away
24,2022021022,2023-03-09T00:30:00Z,16,CHI,8471774,Alex Stalock,L,57:37,0,0,0,41,37,4,1,32,1,35,5,L,90.2439024390244,80.0,100.0,91.42857142857143,away
25,2022021023,2023-03-09T00:30:00Z,30,MIN,8470594,Marc-Andre Fleury,L,60:00,0,0,0,48,46,6,0,40,0,42,6,W,95.83333333333334,100.0,NaN,95.23809523809523,away
26,2022021024,2023-03-09T03:00:00Z,24,ANA,8480843,Lukas Dostal,L,60:20,0,0,0,34,31,0,0,31,1,33,0,L,91.17647058823529,NaN,0.0,93.93939393939394,away
27,2022021025,2023-03-10T00:00:00Z,25,DAL,8479979,Jake Oettinger,L,60:00,0,0,0,29,25,2,0,23,0,27,2,W,86.20689655172413,100.0,NaN,85.18518518518519,away
28,2022021026,2023-03-10T00:30:00Z,22,EDM,8479973,Stuart Skinner,L,60:00,0,0,0,28,26,0,0,26,0,28,0,W,92.85714285714286,NaN,NaN,92.85714285714286,away
29,2022021027,2023-03-10T00:00:00Z,2,NYI,8478009,Ilya Sorokin,L,60:19,1,0,0,36,33,2,1,30,1,33,2,W,91.66666666666666,100.0,100.0,90.9090909090909,away
30,2022021028,2023-03-10T00:00:00Z,3,NYR,8478048,Igor Shesterkin,L,65:00,0,0,0,26,23,2,1,20,2,22,2,W,88.46153846153845,100.0,50.0,90.9090909090909,away
31,2022021029,2023-03-10T00:00:00Z,1,NJD,8481033,Akira Schmid,L,64:45,0,0,0,22,20,3,0,17,0,19,3,W,90.9090909090909,100.0,NaN,89.47368421052632,away
32,2022021030,2023-03-10T00:00:00Z,4,PHI,8478433,Felix Sandstrom,L,57:53,0,0,0,29,28,5,0,23,0,23,6,L,96.55172413793103,83.33333333333334,NaN,100.0,away
33,2022021031,2023-03-10T00:00:00Z,54,VGK,8471734,Jonathan Quick,L,63:09,0,0,0,37,34,2,0,32,0,34,3,W,91.8918918918919,66.66666666666666,NaN,94.11764705882352,away
34,2022021032,2023-03-10T01:00:00Z,28,SJS,8478039,Kaapo Kahkonen,L,59:06,0,0,0,30,26,2,3,21,3,24,3,L,86.66666666666667,66.66666666666666,100.0,87.5,away
35,2022021033,2023-03-10T02:00:00Z,26,LAK,8476914,Joonas Korpisalo,L,60:00,0,0,0,30,28,1,0,27,0,28,2,W,93.33333333333333,50.0,NaN,96.42857142857143,away
36,2022021034,2023-03-10T02:00:00Z,18,NSH,8477424,Juuse Saros,L,55:22,0,0,0,42,39,3,2,34,2,36,4,L,92.85714285714286,75.0,100.0,94.44444444444444,away
37,2022021035,2023-03-10T03:00:00Z,9,OTT,8481544,Mads Sogaard,L,60:00,0,0,0,33,29,2,1,26,2,29,2,W,87.87878787878788,100.0,50.0,89.65517241379311,away
38,2022021036,2023-03-11T00:00:00Z,16,CHI,8475852,Petr Mrazek,L,60:36,0,0,0,43,39,6,3,30,3,33,7,L,90.69767441860465,85.71428571428571,100.0,90.9090909090909,away
39,2022021037,2023-03-11T02:00:00Z,24,ANA,8476434,John Gibson,L,60:00,0,0,0,37,36,4,0,32,0,32,5,W,97.2972972972973,80.0,NaN,100.0,away
40,2022021038,2023-03-11T18:00:00Z,17,DET,8476433,Magnus Hellberg,L,57:42,0,0,0,38,35,7,2,26,2,28,8,L,92.10526315789474,87.5,100.0,92.85714285714286,away
41,2022021039,2023-03-11T20:30:00Z,4,PHI,8479394,Carter Hart,L,58:36,0,0,0,31,27,9,1,17,1,20,10,L,87.09677419354838,90.0,100.0,85.0,away
42,2022021040,2023-03-11T22:00:00Z,3,NYR,8478048,Igor Shesterkin,L,61:53,0,0,0,33,32,2,0,30,0,31,2,W,96.96969696969697,100.0,NaN,96.7741935483871,away
43,2022021041,2023-03-11T23:00:00Z,53,ARI,8478971,Connor Ingram,L,61:38,0,0,0,44,41,6,0,35,0,37,7,L,93.18181818181817,85.71428571428571,NaN,94.5945945945946,away
44,2022021042,2023-03-12T00:00:00Z,16,CHI,8475852,Petr Mrazek,L,59:20,0,0,0,36,34,1,1,32,1,34,1,L,94.44444444444444,100.0,100.0,94.11764705882352,away
45,2022021043,2023-03-12T00:00:00Z,22,EDM,8479973,Stuart Skinner,L,58:43,0,0,0,37,31,7,0,24,0,28,9,L,83.78378378378379,77.77777777777779,NaN,85.71428571428571,away
46,2022021044,2023-03-12T00:00:00Z,1,NJD,8481033,Akira Schmid,L,60:00,0,0,0,24,23,0,0,23,0,24,0,W,95.83333333333334,NaN,NaN,95.83333333333334,away
47,2022021045,2023-03-12T00:00:00Z,19,STL,8471306,Thomas Greiss,L,59:27,0,0,0,39,37,3,2,32,2,33,4,W,94.87179487179486,75.0,100.0,96.96969696969697,away
48,2022021046,2023-03-12T00:00:00Z,54,VGK,8471734,Jonathan Quick,L,60:00,0,0,0,33,33,1,0,32,0,32,1,W,100.0,100.0,NaN,100.0,away
49,2022021047,2023-03-12T00:00:00Z,52,WPG,8476945,Connor Hellebuyck,L,64:09,0,0,0,48,44,9,1,34,1,35,12,W,91.66666666666666,75.0,100.0,97.14285714285714,away
50,2022021048,2023-03-12T00:30:00Z,15,WSH,8475311,Darcy Kuemper,L,59:19,0,0,0,18,18,7,0,11,0,11,7,W,100.0,100.0,NaN,100.0,away
51,2022021049,2023-03-12T03:00:00Z,25,DAL,8479979,Jake Oettinger,L,62:30,0,0,0,31,28,2,0,26,0,28,3,W,90.32258064516128,66.66666666666666,NaN,92.85714285714286,away
52,2022021050,2023-03-12T03:00:00Z,9,OTT,8481544,Mads Sogaard,L,59:30,0,0,0,29,25,8,0,17,1,20,8,L,86.20689655172413,100.0,0.0,85.0,away
53,2022021051,2023-03-12T03:30:00Z,30,MIN,8470594,Marc-Andre Fleury,L,59:49,0,0,0,37,35,4,0,31,0,31,6,W,94.5945945945946,66.66666666666666,NaN,100.0,away
54,2022021052,2023-03-12T03:30:00Z,18,NSH,8480947,Kevin Lankinen,L,64:51,0,0,0,27,26,2,0,24,0,25,2,W,96.29629629629629,100.0,NaN,96.0,away
55,2022021053,2023-03-12T17:30:00Z,6,BOS,8480280,Jeremy Swayman,L,58:07,0,0,0,25,21,2,0,19,1,20,4,L,84.0,50.0,0.0,95.0,away
56,2022021054,2023-03-12T20:00:00Z,3,NYR,8470860,Jaroslav Halak,L,61:38,0,0,0,35,32,5,0,27,0,28,7,L,91.42857142857143,71.42857142857143,NaN,96.42857142857143,away
57,2022021055,2023-03-12T23:00:00Z,12,CAR,8481611,Pyotr Kochetkov,L,60:00,0,0,0,23,20,4,1,15,1,18,4,L,86.95652173913044,100.0,100.0,83.33333333333334,away
58,2022021056,2023-03-12T23:00:00Z,54,VGK,8480238,Jiri Patera,L,60:00,0,0,0,33,30,1,4,25,4,27,2,W,90.9090909090909,50.0,100.0,92.5925925925926,away
59,2022021057,2023-03-12T23:00:00Z,52,WPG,8476945,Connor Hellebuyck,L,59:57,0,0,0,35,33,7,0,26,1,27,7,W,94.28571428571428,100.0,0.0,96.29629629629629,away
60,2022021058,2023-03-13T01:30:00Z,30,MIN,8479406,Filip Gustavsson,L,64:09,0,0,0,23,18,0,0,18,0,22,1,L,78.26086956521739,0.0,NaN,81.81818181818183,away
61,2022021059,2023-03-13T01:00:00Z,9,OTT,8480867,Kevin Mandolese,L,60:00,0,0,0,39,34,6,3,25,4,28,7,L,87.17948717948718,85.71428571428571,75.0,89.28571428571429,away
62,2022021060,2023-03-13T01:30:00Z,18,NSH,8477424,Juuse Saros,L,61:12,0,0,0,37,33,1,0,32,0,36,1,W,89.1891891891892,100.0,NaN,88.88888888888889,away
63,2022021061,2023-03-13T23:30:00Z,7,BUF,8467950,Craig Anderson,L,60:00,0,0,0,28,25,3,0,22,0,25,3,W,89.28571428571429,100.0,NaN,88.0,away
64,2022021062,2023-03-13T23:30:00Z,21,COL,8480382,Alexandar Georgiev,L,60:00,0,0,0,19,15,0,0,15,0,18,1,W,78.94736842105263,0.0,NaN,83.33333333333334,away
65,2022021063,2023-03-14T02:00:00Z,25,DAL,8479979,Jake Oettinger,L,60:00,0,0,0,28,26,3,0,23,0,25,3,W,92.85714285714286,100.0,NaN,92.0,away
66,2022021064,2023-03-14T23:00:00Z,8,MTL,8478470,Sam Montembeault,L,60:00,0,0,0,43,39,4,0,35,0,37,6,W,90.69767441860465,66.66666666666666,NaN,94.5945945945946,away
67,2022021065,2023-03-14T23:00:00Z,14,TBL,8476883,Andrei Vasilevskiy,L,60:00,0,0,0,23,22,3,0,19,0,20,3,W,95.65217391304348,100.0,NaN,95.0,away
68,2022021066,2023-03-14T23:00:00Z,54,VGK,8471734,Jonathan Quick,L,60:00,0,0,0,30,27,3,0,24,0,27,3,W,90.0,100.0,NaN,88.88888888888889,away
69,2022021067,2023-03-14T23:00:00Z,15,WSH,8475311,Darcy Kuemper,L,57:50,0,0,0,35,31,8,1,22,1,25,9,L,88.57142857142857,88.88888888888889,100.0,88.0,away
70,2022021068,2023-03-14T23:00:00Z,52,WPG,8479496,David Rittich,L,58:51,0,0,0,24,20,1,0,19,0,23,1,L,83.33333333333334,100.0,NaN,82.6086956521739,away
71,2022021069,2023-03-15T00:00:00Z,17,DET,8478024,Ville Husso,L,57:02,0,0,0,16,14,6,1,7,1,9,6,L,87.5,100.0,100.0,77.77777777777779,away
72,2022021070,2023-03-15T00:30:00Z,6,BOS,8476999,Linus Ullmark,L,59:21,0,0,0,28,23,2,0,21,0,25,3,L,82.14285714285714,66.66666666666666,NaN,84.0,away
73,2022021071,2023-03-15T01:00:00Z,9,OTT,8481544,Mads Sogaard,L,59:46,0,0,0,32,27,3,3,21,3,25,4,L,84.375,75.0,100.0,84.0,away
74,2022021072,2023-03-15T02:00:00Z,20,CGY,8474593,Jacob Markstrom,L,63:10,0,0,0,25,21,0,0,21,1,24,0,L,84.0,NaN,0.0,87.5,away
75,2022021073,2023-03-15T02:00:00Z,25,DAL,8483575,Matt Murray,L,59:19,0,0,0,19,14,1,3,10,3,14,2,L,73.68421052631578,50.0,100.0,71.42857142857143,away
76,2022021074,2023-03-15T02:30:00Z,29,CBJ,8480193,Daniil Tarasov,L,64:17,1,0,0,32,27,5,0,22,0,26,6,W,84.375,83.33333333333334,NaN,84.61538461538461,away
77,2022021075,2023-03-15T02:30:00Z,2,NYI,8478009,Ilya Sorokin,L,58:17,0,0,0,36,32,1,1,30,1,32,3,L,88.88888888888889,33.33333333333333,100.0,93.75,away
78,2022021076,2023-03-15T23:00:00Z,7,BUF,8480045,Ukko-Pekka Luukkonen,L,65:00,0,0,0,39,35,3,1,31,1,33,5,L,89.74358974358975,60.0,100.0,93.93939393939394,away
79,2022021077,2023-03-15T23:00:00Z,21,COL,8480382,Alexandar Georgiev,L,65:00,0,0,0,18,17,3,0,14,0,15,3,W,94.44444444444444,100.0,NaN,93.33333333333333,away
80,2022021078,2023-03-16T01:30:00Z,30,MIN,8470594,Marc-Andre Fleury,L,60:00,0,0,2,36,31,2,0,29,0,31,5,W,86.11111111111111,40.0,NaN,93.54838709677419,away
81,2022021079,2023-03-16T02:00:00Z,2,NYI,8478009,Ilya Sorokin,L,59:57,0,0,0,23,20,2,0,18,0,20,3,W,86.95652173913044,66.66666666666666,NaN,90.0,away
82,2022021080,2023-03-16T23:00:00Z,21,COL,8477992,Jonas Johansson,L,60:00,0,0,0,36,32,9,2,21,2,23,11,W,88.88888888888889,81.81818181818183,100.0,91.30434782608695,away
83,2022021081,2023-03-16T23:00:00Z,8,MTL,8474596,Jake Allen,L,21:29,0,0,0,18,12,4,0,8,0,13,5,L,66.66666666666666,80.0,NaN,61.53846153846154,away
84,2022021081,2023-03-16T23:00:00Z,8,MTL,8478470,Sam Montembeault,L,38:31,0,0,0,24,21,4,0,17,0,20,4,,87.5,100.0,NaN,85.0,away
85,2022021082,2023-03-16T23:00:00Z,5,PIT,8477465,Tristan Jarry,L,58:42,0,0,0,34,31,2,0,29,0,32,2,L,91.17647058823529,100.0,NaN,90.625,away
86,2022021083,2023-03-16T23:00:00Z,14,TBL,8476883,Andrei Vasilevskiy,L,65:00,0,0,0,35,32,7,1,24,1,26,8,W,91.42857142857143,87.5,100.0,92.3076923076923,away
87,2022021084,2023-03-17T00:00:00Z,6,BOS,8480280,Jeremy Swayman,L,60:00,0,0,0,36,36,10,1,25,1,25,10,W,100.0,100.0,100.0,100.0,away
88,2022021085,2023-03-17T00:00:00Z,16,CHI,8471774,Alex Stalock,L,60:00,0,0,0,36,35,3,1,31,1,32,3,W,97.22222222222221,100.0,100.0,96.875,away
89,2022021086,2023-03-17T01:00:00Z,25,DAL,8479979,Jake Oettinger,L,58:37,0,0,0,29,26,3,1,22,2,23,4,L,89.65517241379311,75.0,50.0,95.65217391304348,away
90,2022021087,2023-03-17T02:00:00Z,20,CGY,8474593,Jacob Markstrom,L,60:00,0,0,0,19,17,4,0,13,0,15,4,W,89.47368421052632,100.0,NaN,86.66666666666667,away
91,2022021088,2023-03-17T02:00:00Z,23,VAN,8477967,Thatcher Demko,L,57:57,0,0,0,27,24,0,1,23,1,24,2,L,88.88888888888889,0.0,100.0,95.83333333333334,away
92,2022021089,2023-03-17T02:30:00Z,29,CBJ,8480193,Daniil Tarasov,L,33:48,0,0,0,27,23,1,0,22,0,26,1,L,85.18518518518519,100.0,NaN,84.61538461538461,away
93,2022021089,2023-03-17T02:30:00Z,29,CBJ,8474636,Michael Hutchinson,R,26:02,0,0,0,9,9,1,0,8,0,8,1,,100.0,100.0,NaN,100.0,away
94,2022021090,2023-03-17T02:30:00Z,55,SEA,8475831,Philipp Grubauer,L,61:37,0,0,0,32,31,2,1,28,1,29,2,W,96.875,100.0,100.0,96.55172413793103,away
95,2022021091,2023-03-17T23:00:00Z,7,BUF,8467950,Craig Anderson,L,60:00,0,0,0,22,17,1,0,16,0,20,2,L,77.27272727272727,50.0,NaN,80.0,away
96,2022021092,2023-03-17T23:00:00Z,12,CAR,8481611,Pyotr Kochetkov,L,60:00,0,0,0,24,19,0,1,18,1,22,1,L,79.16666666666666,0.0,100.0,81.81818181818183,away
97,2022021093,2023-03-17T23:00:00Z,19,STL,8480981,Joel Hofer,L,60:00,0,0,0,34,32,7,0,25,0,26,8,W,94.11764705882352,87.5,NaN,96.15384615384616,away
98,2022021094,2023-03-18T02:00:00Z,29,CBJ,8474636,Michael Hutchinson,R,58:05,1,0,0,36,31,7,1,23,1,28,7,L,86.11111111111111,100.0,100.0,82.14285714285714,away
99,2022021095,2023-03-18T17:00:00Z,21,COL,8480382,Alexandar Georgiev,L,60:00,0,0,0,34,33,9,3,21,3,22,9,W,97.05882352941177,100.0,100.0,95.45454545454545,away
100,2022021096,2023-03-18T18:00:00Z,6,BOS,8476999,Linus Ullmark,L,60:00,0,0,0,31,29,6,1,22,1,23,7,W,93.54838709677419,85.71428571428571,100.0,95.65217391304348,away
101,2022021097,2023-03-18T18:00:00Z,52,WPG,8476945,Connor Hellebuyck,L,60:55,0,0,0,20,18,3,0,15,0,17,3,W,90.0,100.0,NaN,88.23529411764706,away
102,2022021098,2023-03-18T20:00:00Z,22,EDM,8479973,Stuart Skinner,L,60:00,0,0,0,37,33,5,0,28,0,32,5,W,89.1891891891892,100.0,NaN,87.5,away
103,2022021099,2023-03-18T21:00:00Z,12,CAR,8475883,Frederik Andersen,L,58:13,0,0,0,33,29,7,0,22,0,25,8,W,87.87878787878788,87.5,NaN,88.0,away
104,2022021100,2023-03-18T22:00:00Z,1,NJD,8481033,Akira Schmid,L,58:11,0,0,0,40,37,10,0,27,0,29,11,L,92.5,90.9090909090909,NaN,93.10344827586206,away
105,2022021101,2023-03-18T23:00:00Z,8,MTL,8478470,Sam Montembeault,L,59:16,0,0,0,40,36,3,1,32,1,35,4,L,90.0,75.0,100.0,91.42857142857143,away
106,2022021102,2023-03-18T23:00:00Z,10,TOR,8476899,Matt Murray,L,65:00,0,0,0,52,48,3,1,44,2,46,4,W,92.3076923076923,75.0,50.0,95.65217391304348,away
107,2022021103,2023-03-19T00:00:00Z,5,PIT,8477465,Tristan Jarry,L,26:43,0,0,0,17,13,3,0,10,0,13,4,L,76.47058823529412,75.0,NaN,76.92307692307693,away
108,2022021103,2023-03-19T00:00:00Z,5,PIT,8479193,Casey DeSmith,L,33:17,0,0,0,7,5,1,1,3,1,5,1,,71.42857142857143,100.0,100.0,60.0,away
109,2022021104,2023-03-19T02:00:00Z,25,DAL,8479979,Jake Oettinger,L,64:47,0,0,0,38,33,0,4,29,4,34,0,W,86.8421052631579,NaN,100.0,85.29411764705883,away
110,2022021105,2023-03-19T02:00:00Z,23,VAN,8477967,Thatcher Demko,L,65:00,0,0,0,40,38,3,0,35,0,37,3,W,95.0,100.0,NaN,94.5945945945946,away
111,2022021106,2023-03-19T02:30:00Z,16,CHI,8471774,Alex Stalock,L,58:01,0,0,0,20,17,3,1,13,1,16,3,L,85.0,100.0,100.0,81.25,away
112,2022021107,2023-03-19T02:30:00Z,2,NYI,8478009,Ilya Sorokin,L,60:00,0,0,0,30,29,2,1,26,1,27,2,W,96.66666666666667,100.0,100.0,96.29629629629629,away
113,2022021108,2023-03-19T17:00:00Z,6,BOS,8480280,Jeremy Swayman,L,59:29,0,0,0,26,26,4,2,20,2,20,4,W,100.0,100.0,100.0,100.0,away
114,2022021109,2023-03-19T18:00:00Z,15,WSH,8479292,Charlie Lindgren,R,56:23,0,0,0,40,35,5,0,30,0,35,5,L,87.5,100.0,NaN,85.71428571428571,away
115,2022021110,2023-03-19T20:00:00Z,29,CBJ,8480193,Daniil Tarasov,L,36:57,0,0,0,29,24,0,1,23,1,26,2,L,82.75862068965517,0.0,100.0,88.46153846153845,away
116,2022021110,2023-03-19T20:00:00Z,29,CBJ,8474636,Michael Hutchinson,R,23:03,0,0,0,12,10,0,1,9,1,11,0,,83.33333333333334,NaN,100.0,81.81818181818183,away
117,2022021111,2023-03-19T23:00:00Z,18,NSH,8477424,Juuse Saros,L,50:51,0,0,0,29,26,3,0,23,0,25,4,,89.65517241379311,75.0,NaN,92.0,away
118,2022021111,2023-03-19T23:00:00Z,18,NSH,8480947,Kevin Lankinen,L,9:09,0,0,0,5,1,0,0,1,0,5,0,L,20.0,NaN,NaN,20.0,away
119,2022021112,2023-03-19T23:00:00Z,1,NJD,8477970,Vitek Vanecek,L,59:56,0,0,0,24,22,3,0,19,0,21,3,W,91.66666666666666,100.0,NaN,90.47619047619048,away
120,2022021113,2023-03-19T23:00:00Z,52,WPG,8476945,Connor Hellebuyck,L,58:57,0,0,0,17,14,2,0,12,0,15,2,L,82.35294117647058,100.0,NaN,80.0,away
121,2022021114,2023-03-20T00:00:00Z,23,VAN,8480420,Collin Delia,L,59:28,0,0,0,18,17,7,0,10,0,11,7,W,94.44444444444444,100.0,NaN,90.9090909090909,away
122,2022021115,2023-03-20T23:00:00Z,9,OTT,8480263,Dylan Ferguson,L,60:00,0,0,0,49,48,4,0,44,0,45,4,W,97.95918367346938,100.0,NaN,97.77777777777777,away
123,2022021116,2023-03-20T23:00:00Z,13,FLA,8475683,Sergei Bobrovsky,L,60:00,0,0,0,22,20,0,1,19,1,21,0,W,90.9090909090909,NaN,100.0,90.47619047619048,away
124,2022021117,2023-03-21T01:00:00Z,16,CHI,8471774,Alex Stalock,L,60:00,0,0,0,32,27,1,0,26,0,30,2,L,84.375,50.0,NaN,86.66666666666667,away
125,2022021118,2023-03-21T01:30:00Z,28,SJS,8473503,James Reimer,L,64:45,0,0,0,52,47,9,2,36,2,41,9,L,90.38461538461539,100.0,100.0,87.8048780487805,away
126,2022021119,2023-03-21T02:30:00Z,20,CGY,8478435,Dan Vladar,L,20:00,0,0,0,13,11,2,1,8,1,9,3,,84.61538461538461,66.66666666666666,100.0,88.88888888888889,away
127,2022021119,2023-03-21T02:30:00Z,20,CGY,8474593,Jacob Markstrom,L,40:00,0,0,0,26,20,4,0,16,0,21,5,L,76.92307692307693,80.0,NaN,76.19047619047619,away
128,2022021120,2023-03-21T23:00:00Z,12,CAR,8475883,Frederik Andersen,L,60:00,0,0,0,31,29,1,3,25,3,27,1,W,93.54838709677419,100.0,100.0,92.5925925925926,away
129,2022021121,2023-03-21T23:00:00Z,29,CBJ,8480193,Daniil Tarasov,L,62:07,0,0,0,37,31,1,0,30,0,36,1,W,83.78378378378379,100.0,NaN,83.33333333333334,away
130,2022021122,2023-03-21T23:00:00Z,13,FLA,8479312,Alex Lyon,L,56:42,0,0,0,23,18,2,0,16,0,21,2,L,78.26086956521739,100.0,NaN,76.19047619047619,away
131,2022021123,2023-03-21T23:00:00Z,30,MIN,8479406,Filip Gustavsson,L,64:58,0,0,0,48,47,6,1,40,1,41,6,W,97.91666666666666,100.0,100.0,97.5609756097561,away
132,2022021124,2023-03-21T23:00:00Z,18,NSH,8477424,Juuse Saros,L,59:58,1,0,0,31,28,3,1,24,1,26,4,W,90.32258064516128,75.0,100.0,92.3076923076923,away
133,2022021125,2023-03-21T23:00:00Z,9,OTT,8481544,Mads Sogaard,L,58:31,0,0,0,35,33,8,1,24,1,25,9,L,94.28571428571428,88.88888888888889,100.0,96.0,away
134,2022021126,2023-03-21T23:00:00Z,14,TBL,8476883,Andrei Vasilevskiy,L,59:15,0,0,0,20,17,2,0,15,0,18,2,L,85.0,100.0,NaN,83.33333333333334,away
135,2022021127,2023-03-21T23:30:00Z,10,TOR,8478492,Ilya Samsonov,L,59:34,0,0,0,28,22,0,0,22,0,28,0,L,78.57142857142857,NaN,NaN,78.57142857142857,away
136,2022021128,2023-03-22T00:00:00Z,53,ARI,8478872,Karel Vejmelka,R,59:31,0,0,0,25,23,8,1,14,2,15,8,L,92.0,100.0,50.0,93.33333333333333,away
137,2022021129,2023-03-22T00:00:00Z,17,DET,8476433,Magnus Hellberg,L,65:00,0,0,0,22,20,2,0,18,0,20,2,W,90.9090909090909,100.0,NaN,90.0,away
138,2022021130,2023-03-22T00:30:00Z,55,SEA,8478916,Joey Daccord,L,61:52,0,0,0,29,25,5,2,18,2,21,6,W,86.20689655172413,83.33333333333334,100.0,85.71428571428571,away
139,2022021131,2023-03-22T02:00:00Z,20,CGY,8478435,Dan Vladar,L,60:00,0,0,0,20,19,2,1,16,1,16,3,W,95.0,66.66666666666666,100.0,100.0,away
140,2022021132,2023-03-22T02:00:00Z,54,VGK,8471734,Jonathan Quick,L,59:44,0,0,0,34,31,0,1,30,2,31,1,W,91.17647058823529,0.0,50.0,96.7741935483871,away
141,2022021133,2023-03-23T00:00:00Z,5,PIT,8477465,Tristan Jarry,L,59:13,0,0,0,30,28,2,0,26,0,27,3,W,93.33333333333333,66.66666666666666,NaN,96.29629629629629,away
142,2022021134,2023-03-23T02:30:00Z,53,ARI,8478971,Connor Ingram,L,61:31,0,0,0,31,27,8,0,19,0,21,10,L,87.09677419354838,80.0,NaN,90.47619047619048,away
143,2022021135,2023-03-23T23:00:00Z,16,CHI,8471418,Anton Khudobin,L,60:00,0,0,0,28,22,3,2,17,2,21,5,L,78.57142857142857,60.0,100.0,80.95238095238095,away
144,2022021136,2023-03-23T22:30:00Z,30,MIN,8470594,Marc-Andre Fleury,L,64:19,0,0,0,34,30,0,0,30,0,33,1,L,88.23529411764706,0.0,NaN,90.9090909090909,away
145,2022021137,2023-03-23T23:00:00Z,8,MTL,8474596,Jake Allen,L,57:56,0,0,0,21,17,2,1,14,1,18,2,L,80.95238095238095,100.0,100.0,77.77777777777779,away
146,2022021138,2023-03-23T23:00:00Z,3,NYR,8478048,Igor Shesterkin,L,59:16,0,0,0,30,29,2,0,27,0,28,2,W,96.66666666666667,100.0,NaN,96.42857142857143,away
147,2022021139,2023-03-23T23:00:00Z,14,TBL,8470880,Brian Elliott,L,59:43,0,0,0,34,28,4,1,23,1,27,6,L,82.35294117647058,66.66666666666666,100.0,85.18518518518519,away
148,2022021140,2023-03-23T23:00:00Z,10,TOR,8476899,Matt Murray,L,60:00,0,0,0,35,33,3,2,28,2,29,4,W,94.28571428571428,75.0,100.0,96.55172413793103,away
149,2022021141,2023-03-23T23:00:00Z,19,STL,8480981,Joel Hofer,L,59:44,0,0,0,28,25,1,2,22,2,25,1,W,89.28571428571429,100.0,100.0,88.0,away
150,2022021142,2023-03-24T00:00:00Z,55,SEA,8478916,Joey Daccord,L,65:00,0,0,0,24,23,1,1,21,1,22,1,L,95.83333333333334,100.0,100.0,95.45454545454545,away
151,2022021143,2023-03-24T01:00:00Z,5,PIT,8479193,Casey DeSmith,L,58:18,0,0,0,33,30,5,0,25,0,27,6,L,90.9090909090909,83.33333333333334,NaN,92.5925925925926,away
152,2022021144,2023-03-24T01:00:00Z,54,VGK,8471734,Jonathan Quick,L,6:07,0,0,0,5,5,0,0,5,0,5,0,,100.0,NaN,NaN,100.0,away
153,2022021144,2023-03-24T01:00:00Z,54,VGK,8480313,Logan Thompson,R,53:53,0,0,0,39,37,4,0,33,0,34,5,W,94.87179487179486,80.0,NaN,97.05882352941177,away
154,2022021145,2023-03-24T02:00:00Z,28,SJS,8473503,James Reimer,L,60:00,0,0,0,21,14,4,1,9,2,15,4,L,66.66666666666666,100.0,50.0,60.0,away
155,2022021146,2023-03-24T02:00:00Z,52,WPG,8476945,Connor Hellebuyck,L,59:52,0,0,0,20,18,1,1,16,1,17,2,W,90.0,50.0,100.0,94.11764705882352,away
156,2022021147,2023-03-24T23:00:00Z,2,NYI,8478009,Ilya Sorokin,L,60:40,0,0,0,27,22,2,0,20,0,23,4,L,81.48148148148148,50.0,NaN,86.95652173913044,away
157,2022021148,2023-03-24T23:00:00Z,1,NJD,8477970,Vitek Vanecek,L,47:41,0,0,0,19,17,2,0,15,0,16,3,L,89.47368421052632,66.66666666666666,NaN,93.75,away
158,2022021148,2023-03-24T23:00:00Z,1,NJD,8481033,Akira Schmid,L,10:55,0,0,0,7,4,0,0,4,0,7,0,,57.14285714285714,NaN,NaN,57.14285714285714,away
159,2022021149,2023-03-25T01:00:00Z,53,ARI,8478872,Karel Vejmelka,R,58:58,0,0,0,30,27,3,3,21,3,22,5,L,90.0,60.0,100.0,95.45454545454545,away
160,2022021150,2023-03-25T17:00:00Z,17,DET,8477968,Alex Nedeljkovic,L,57:13,0,0,0,21,19,2,3,14,3,16,2,L,90.47619047619048,100.0,100.0,87.5,away
161,2022021151,2023-03-25T17:00:00Z,14,TBL,8476883,Andrei Vasilevskiy,L,59:01,0,0,0,34,32,9,1,22,1,23,10,L,94.11764705882352,90.0,100.0,95.65217391304348,away
162,2022021152,2023-03-25T18:00:00Z,55,SEA,8475831,Philipp Grubauer,L,60:00,0,0,0,16,14,1,0,13,0,15,1,W,87.5,100.0,NaN,86.66666666666667,away
163,2022021153,2023-03-25T20:00:00Z,28,SJS,8478039,Kaapo Kahkonen,L,59:09,0,0,0,29,25,2,1,22,1,26,2,L,86.20689655172413,100.0,100.0,84.61538461538461,away
164,2022021154,2023-03-25T20:00:00Z,52,WPG,8476945,Connor Hellebuyck,L,59:55,0,0,0,28,25,5,2,18,2,20,6,L,89.28571428571429,83.33333333333334,100.0,90.0,away
165,2022021155,2023-03-25T21:00:00Z,16,CHI,8471774,Alex Stalock,L,59:47,0,0,0,24,22,2,3,17,3,19,2,L,91.66666666666666,100.0,100.0,89.47368421052632,away
166,2022021156,2023-03-25T21:00:00Z,3,NYR,8470860,Jaroslav Halak,L,59:41,0,0,0,34,31,3,2,26,2,29,3,W,91.17647058823529,100.0,100.0,89.65517241379311,away
167,2022021157,2023-03-25T21:00:00Z,7,BUF,8477480,Eric Comrie,L,59:10,0,0,0,26,26,3,1,22,1,22,3,W,100.0,100.0,100.0,100.0,away
168,2022021158,2023-03-25T23:00:00Z,29,CBJ,8474636,Michael Hutchinson,R,22:58,0,0,0,8,6,0,0,6,0,8,0,,75.0,NaN,NaN,75.0,away
169,2022021158,2023-03-25T23:00:00Z,29,CBJ,8478007,Elvis Merzlikins,L,37:02,0,0,0,24,18,2,1,15,1,20,3,L,75.0,66.66666666666666,100.0,75.0,away
170,2022021159,2023-03-25T23:00:00Z,9,OTT,8480263,Dylan Ferguson,L,58:52,0,0,0,34,30,1,0,29,0,32,2,L,88.23529411764706,50.0,NaN,90.625,away
171,2022021160,2023-03-25T23:00:00Z,10,TOR,8476899,Matt Murray,L,58:44,0,0,0,27,23,7,0,16,0,19,8,L,85.18518518518519,87.5,NaN,84.21052631578947,away
172,2022021161,2023-03-25T23:00:00Z,23,VAN,8477967,Thatcher Demko,L,59:22,0,0,0,26,25,6,0,19,0,20,6,W,96.15384615384616,100.0,NaN,95.0,away
173,2022021162,2023-03-26T00:00:00Z,15,WSH,8475311,Darcy Kuemper,L,58:52,0,0,0,40,36,9,0,27,0,30,10,L,90.0,90.0,NaN,90.0,away
174,2022021163,2023-03-26T02:00:00Z,54,VGK,8476316,Laurent Brossoit,L,62:26,0,0,0,30,27,4,0,23,0,25,5,W,90.0,80.0,NaN,92.0,away
175,2022021164,2023-03-26T02:30:00Z,19,STL,8476412,Jordan Binnington,L,60:00,0,0,0,25,22,3,1,18,1,20,4,W,88.0,75.0,100.0,90.0,away
176,2022021165,2023-03-26T19:00:00Z,21,COL,8480382,Alexandar Georgiev,L,65:00,0,0,0,30,27,5,1,21,1,24,5,W,90.0,100.0,100.0,87.5,away
177,2022021166,2023-03-26T21:00:00Z,6,BOS,8480280,Jeremy Swayman,L,65:00,0,0,0,37,34,5,0,29,0,32,5,W,91.8918918918919,100.0,NaN,90.625,away
178,2022021167,2023-03-26T22:00:00Z,10,TOR,8479361,Joseph Woll,L,59:55,0,0,0,25,23,5,0,18,0,19,6,W,92.0,83.33333333333334,NaN,94.73684210526315,away
179,2022021168,2023-03-26T22:00:00Z,23,VAN,8480420,Collin Delia,L,60:00,0,0,0,31,29,5,0,24,1,25,5,W,93.54838709677419,100.0,0.0,96.0,away
180,2022021169,2023-03-27T02:30:00Z,19,STL,8476412,Jordan Binnington,L,42:31,0,0,0,14,12,0,0,12,0,13,1,L,85.71428571428571,0.0,NaN,92.3076923076923,away
181,2022021169,2023-03-27T02:30:00Z,19,STL,8480981,Joel Hofer,L,15:50,0,0,0,17,12,0,0,12,1,13,3,,70.58823529411765,0.0,0.0,92.3076923076923,away
182,2022021170,2023-03-27T23:00:00Z,13,FLA,8475683,Sergei Bobrovsky,L,59:14,0,0,0,26,22,6,2,14,2,15,9,L,84.61538461538461,66.66666666666666,100.0,93.33333333333333,away
183,2022021171,2023-03-27T23:00:00Z,8,MTL,8474596,Jake Allen,L,65:00,0,0,0,33,30,6,1,23,1,25,7,W,90.9090909090909,85.71428571428571,100.0,92.0,away
184,2022021172,2023-03-27T23:30:00Z,1,NJD,8477970,Vitek Vanecek,L,57:14,0,0,0,34,31,2,0,29,0,32,2,L,91.17647058823529,100.0,NaN,90.625,away
185,2022021173,2023-03-28T00:00:00Z,55,SEA,8474889,Martin Jones,L,19:10,0,0,0,7,6,2,1,3,1,4,2,,85.71428571428571,100.0,100.0,75.0,away
186,2022021173,2023-03-28T00:00:00Z,55,SEA,8475831,Philipp Grubauer,L,40:42,0,0,0,13,9,1,0,8,0,11,2,L,69.23076923076923,50.0,NaN,72.72727272727273,away
187,2022021174,2023-03-28T02:00:00Z,21,COL,8477992,Jonas Johansson,L,59:42,0,0,0,30,29,4,0,25,0,26,4,W,96.66666666666667,100.0,NaN,96.15384615384616,away
188,2022021175,2023-03-28T02:00:00Z,22,EDM,8475789,Jack Campbell,L,59:57,0,0,0,33,29,3,1,25,1,28,4,W,87.87878787878788,75.0,100.0,89.28571428571429,away
189,2022021176,2023-03-28T23:00:00Z,29,CBJ,8474636,Michael Hutchinson,R,59:03,0,0,0,35,30,2,1,27,1,31,3,L,85.71428571428571,66.66666666666666,100.0,87.09677419354838,away
190,2022021177,2023-03-28T23:00:00Z,8,MTL,8480051,Cayden Primeau,L,58:49,0,0,0,26,24,2,0,22,0,24,2,L,92.3076923076923,100.0,NaN,91.66666666666666,away
191,2022021178,2023-03-28T23:00:00Z,18,NSH,8477424,Juuse Saros,L,60:00,0,0,0,36,35,5,3,27,3,28,5,W,97.22222222222221,100.0,100.0,96.42857142857143,away
192,2022021179,2023-03-28T23:00:00Z,14,TBL,8476883,Andrei Vasilevskiy,L,59:41,0,0,0,31,31,3,1,27,1,27,3,W,100.0,100.0,100.0,100.0,away
193,2022021180,2023-03-28T23:00:00Z,5,PIT,8479193,Casey DeSmith,L,57:52,0,0,0,24,18,4,0,14,0,18,6,L,75.0,66.66666666666666,NaN,77.77777777777779,away
194,2022021181,2023-03-29T00:00:00Z,23,VAN,8477967,Thatcher Demko,L,58:43,0,0,0,31,25,0,0,25,0,30,1,L,80.64516129032258,0.0,NaN,83.33333333333334,away
195,2022021182,2023-03-29T00:30:00Z,25,DAL,8479979,Jake Oettinger,L,59:00,0,0,0,18,17,0,2,15,2,16,0,W,94.44444444444444,NaN,100.0,93.75,away
196,2022021183,2023-03-29T01:00:00Z,26,LAK,8476914,Joonas Korpisalo,L,58:20,0,0,0,32,30,1,3,26,3,27,2,L,93.75,50.0,100.0,96.29629629629629,away
197,2022021184,2023-03-29T02:00:00Z,22,EDM,8479973,Stuart Skinner,L,60:00,0,0,0,22,18,6,1,11,2,14,6,W,81.81818181818183,100.0,50.0,78.57142857142857,away
198,2022021185,2023-03-29T02:30:00Z,52,WPG,8476945,Connor Hellebuyck,L,60:00,0,0,0,30,27,3,0,24,0,26,4,L,90.0,75.0,NaN,92.3076923076923,away
199,2022021186,2023-03-29T23:30:00Z,13,FLA,8479312,Alex Lyon,L,60:23,0,0,0,40,38,5,1,32,1,34,5,W,95.0,100.0,100.0,94.11764705882352,away
200,2022021187,2023-03-29T23:30:00Z,2,NYI,8478009,Ilya Sorokin,L,65:00,0,0,0,26,25,0,0,25,0,26,0,W,96.15384615384616,NaN,NaN,96.15384615384616,away
201,2022021188,2023-03-30T02:00:00Z,30,MIN,8479406,Filip Gustavsson,L,59:58,0,0,0,44,42,2,1,39,1,41,2,W,95.45454545454545,100.0,100.0,95.1219512195122,away
202,2022021189,2023-03-30T23:00:00Z,29,CBJ,8474636,Michael Hutchinson,R,60:25,0,0,0,31,29,8,1,20,1,21,9,L,93.54838709677419,88.88888888888889,100.0,95.23809523809523,away
203,2022021190,2023-03-30T23:00:00Z,13,FLA,8479312,Alex Lyon,L,60:00,0,0,0,20,18,0,0,18,0,19,1,W,90.0,0.0,NaN,94.73684210526315,away
204,2022021191,2023-03-30T23:00:00Z,3,NYR,8478048,Igor Shesterkin,L,58:16,0,0,0,31,29,2,2,25,2,26,3,L,93.54838709677419,66.66666666666666,100.0,96.15384615384616,away
205,2022021192,2023-03-30T23:00:00Z,18,NSH,8477424,Juuse Saros,L,59:22,0,0,0,45,43,9,4,30,4,31,10,L,95.55555555555556,90.0,100.0,96.7741935483871,away
206,2022021193,2023-03-30T23:00:00Z,4,PHI,8478433,Felix Sandstrom,L,61:36,0,0,0,46,41,4,0,37,0,41,5,L,89.13043478260869,80.0,NaN,90.2439024390244,away
207,2022021194,2023-03-30T23:00:00Z,15,WSH,8475311,Darcy Kuemper,L,59:21,0,0,0,33,29,0,1,28,1,31,1,L,87.87878787878788,0.0,100.0,90.32258064516128,away
208,2022021195,2023-03-30T23:30:00Z,12,CAR,8475883,Frederik Andersen,L,60:00,0,0,0,22,19,3,1,15,1,17,4,L,86.36363636363636,75.0,100.0,88.23529411764706,away
209,2022021196,2023-03-31T00:30:00Z,19,STL,8476412,Jordan Binnington,L,60:00,0,0,2,33,30,3,0,27,0,28,5,W,90.9090909090909,60.0,NaN,96.42857142857143,away
210,2022021197,2023-03-31T01:00:00Z,26,LAK,8476914,Joonas Korpisalo,L,57:17,0,0,0,37,35,3,2,30,3,31,3,L,94.5945945945946,100.0,66.66666666666666,96.7741935483871,away
211,2022021198,2023-03-31T02:00:00Z,24,ANA,8480843,Lukas Dostal,L,59:55,0,0,0,38,35,1,1,33,1,35,2,L,92.10526315789474,50.0,100.0,94.28571428571428,away
212,2022021199,2023-03-31T02:30:00Z,54,VGK,8476316,Laurent Brossoit,L,60:50,0,0,0,25,21,1,0,20,0,24,1,L,84.0,100.0,NaN,83.33333333333334,away
213,2022021200,2023-03-31T23:00:00Z,3,NYR,8470860,Jaroslav Halak,L,61:50,0,0,0,34,31,1,0,30,0,33,1,L,91.17647058823529,100.0,NaN,90.9090909090909,away
214,2022021201,2023-04-01T00:00:00Z,17,DET,8476433,Magnus Hellberg,L,60:00,0,0,0,29,23,5,0,18,0,24,5,L,79.3103448275862,100.0,NaN,75.0,away
215,2022021202,2023-04-01T02:00:00Z,20,CGY,8474593,Jacob Markstrom,L,63:27,0,0,0,20,16,1,1,14,1,17,2,W,80.0,50.0,100.0,82.35294117647058,away
216,2022021203,2023-04-01T02:30:00Z,25,DAL,8479979,Jake Oettinger,L,59:41,0,0,0,18,16,0,0,16,0,17,1,W,88.88888888888889,0.0,NaN,94.11764705882352,away
217,2022021204,2023-04-01T17:00:00Z,19,STL,8471306,Thomas Greiss,L,59:27,0,0,0,35,29,3,0,26,1,29,5,L,82.85714285714286,60.0,0.0,89.65517241379311,away
218,2022021205,2023-04-01T19:00:00Z,6,BOS,8480280,Jeremy Swayman,L,59:56,0,0,0,24,21,7,0,14,0,17,7,W,87.5,100.0,NaN,82.35294117647058,away
219,2022021206,2023-04-01T23:00:00Z,7,BUF,8480045,Ukko-Pekka Luukkonen,L,60:00,0,0,0,42,39,3,0,36,0,39,3,W,92.85714285714286,100.0,NaN,92.3076923076923,away
220,2022021207,2023-04-01T23:00:00Z,12,CAR,8477293,Antti Raanta,L,60:00,0,0,0,14,14,2,0,12,0,12,2,W,100.0,100.0,NaN,100.0,away
221,2022021208,2023-04-01T23:00:00Z,13,FLA,8479312,Alex Lyon,L,60:00,0,0,0,21,21,7,2,12,2,12,7,W,100.0,100.0,100.0,100.0,away
222,2022021209,2023-04-01T23:00:00Z,2,NYI,8473575,Semyon Varlamov,L,28:15,0,0,0,11,10,0,1,9,1,9,1,,90.9090909090909,0.0,100.0,100.0,away
223,2022021209,2023-04-01T23:00:00Z,2,NYI,8478009,Ilya Sorokin,L,31:45,0,0,0,21,17,2,1,14,1,18,2,L,80.95238095238095,100.0,100.0,77.77777777777779,away
224,2022021210,2023-04-01T23:00:00Z,10,TOR,8478492,Ilya Samsonov,L,60:00,0,0,0,31,31,4,1,26,1,26,4,W,100.0,100.0,100.0,100.0,away
225,2022021211,2023-04-02T00:00:00Z,1,NJD,8478406,Mackenzie Blackwood,L,59:31,0,0,0,17,14,0,1,13,1,16,0,W,82.35294117647058,NaN,100.0,81.25,away
226,2022021212,2023-04-02T01:00:00Z,25,DAL,8479979,Jake Oettinger,L,57:21,0,0,0,30,27,4,2,21,2,23,5,L,90.0,80.0,100.0,91.30434782608695,away
227,2022021213,2023-04-02T02:00:00Z,24,ANA,8480843,Lukas Dostal,L,13:26,0,0,0,9,8,0,0,8,1,8,0,,88.88888888888889,NaN,0.0,100.0,away
228,2022021213,2023-04-02T02:00:00Z,24,ANA,8476434,John Gibson,L,46:34,0,0,0,36,31,7,0,24,0,28,8,L,86.11111111111111,87.5,NaN,85.71428571428571,away
229,2022021214,2023-04-02T02:00:00Z,26,LAK,8477831,Pheonix Copley,L,60:00,0,0,0,26,25,3,0,22,0,22,4,W,96.15384615384616,75.0,NaN,100.0,away
230,2022021215,2023-04-02T02:00:00Z,30,MIN,8470594,Marc-Andre Fleury,L,57:38,0,0,0,42,39,4,0,35,0,38,4,L,92.85714285714286,100.0,NaN,92.10526315789474,away
231,2022021216,2023-04-02T02:00:00Z,28,SJS,8478039,Kaapo Kahkonen,L,60:00,0,0,0,31,29,0,1,28,1,29,1,W,93.54838709677419,0.0,100.0,96.55172413793103,away
232,2022021217,2023-04-02T17:00:00Z,3,NYR,8478048,Igor Shesterkin,L,60:00,0,0,0,28,26,2,1,23,1,25,2,W,92.85714285714286,100.0,100.0,92.0,away
233,2022021218,2023-04-02T19:30:00Z,6,BOS,8476999,Linus Ullmark,L,64:22,0,0,0,38,35,3,1,31,1,34,3,W,92.10526315789474,100.0,100.0,91.17647058823529,away
234,2022021219,2023-04-02T22:00:00Z,2,NYI,8478009,Ilya Sorokin,L,59:11,0,0,0,35,33,4,2,27,2,29,4,L,94.28571428571428,100.0,100.0,93.10344827586206,away
235,2022021220,2023-04-02T22:00:00Z,9,OTT,8475660,Cam Talbot,L,60:16,0,0,0,22,18,1,0,17,0,20,2,L,81.81818181818183,50.0,NaN,85.0,away
236,2022021221,2023-04-02T22:00:00Z,4,PHI,8481035,Samuel Ersson,L,57:39,0,0,0,30,27,4,0,23,0,25,5,L,90.0,80.0,NaN,92.0,away
237,2022021222,2023-04-02T23:00:00Z,17,DET,8477968,Alex Nedeljkovic,L,60:00,0,0,0,45,43,5,1,37,1,37,7,W,95.55555555555556,71.42857142857143,100.0,100.0,away
238,2022021223,2023-04-02T23:00:00Z,1,NJD,8478406,Mackenzie Blackwood,L,20:00,0,0,0,6,4,2,0,2,0,3,3,,66.66666666666666,66.66666666666666,NaN,66.66666666666666,away
239,2022021223,2023-04-02T23:00:00Z,1,NJD,8477970,Vitek Vanecek,L,40:00,0,0,0,21,17,2,0,15,0,19,2,L,80.95238095238095,100.0,NaN,78.94736842105263,away
240,2022021224,2023-04-03T00:00:00Z,24,ANA,8480843,Lukas Dostal,L,58:46,0,0,0,41,36,1,0,35,0,39,2,L,87.8048780487805,50.0,NaN,89.74358974358975,away
241,2022021225,2023-04-03T00:00:00Z,26,LAK,8476914,Joonas Korpisalo,L,59:59,0,0,0,25,24,4,0,20,0,21,4,W,96.0,100.0,NaN,95.23809523809523,away
242,2022021226,2023-04-04T00:00:00Z,54,VGK,8476316,Laurent Brossoit,L,62:29,0,0,0,33,30,3,0,27,0,29,4,W,90.9090909090909,75.0,NaN,93.10344827586206,away
243,2022021227,2023-04-04T00:30:00Z,18,NSH,8477424,Juuse Saros,L,60:00,0,0,0,26,21,0,0,21,0,24,2,L,80.76923076923077,0.0,NaN,87.5,away
244,2022021228,2023-04-04T02:00:00Z,53,ARI,8481031,Ivan Prosvetov,L,60:00,0,0,0,32,24,12,0,12,1,17,14,L,75.0,85.71428571428571,0.0,70.58823529411765,away
245,2022021229,2023-04-04T23:00:00Z,7,BUF,8482221,Devon Levi,L,59:08,0,0,0,36,34,7,0,27,0,28,8,L,94.44444444444444,87.5,NaN,96.42857142857143,away
246,2022021230,2023-04-04T23:00:00Z,29,CBJ,8482982,Jet Greaves,L,58:57,0,0,0,49,46,12,0,34,0,37,12,L,93.87755102040816,100.0,NaN,91.8918918918919,away
247,2022021231,2023-04-04T23:00:00Z,17,DET,8478024,Ville Husso,L,59:44,0,0,0,24,24,3,1,20,1,20,3,W,100.0,100.0,100.0,100.0,away
248,2022021232,2023-04-04T23:00:00Z,9,OTT,8482447,Leevi Merilainen,L,63:41,0,0,0,37,34,9,0,25,0,27,10,L,91.8918918918919,90.0,NaN,92.5925925925926,away
249,2022021233,2023-04-04T23:00:00Z,5,PIT,8477465,Tristan Jarry,L,60:00,0,0,0,37,32,6,5,21,5,25,7,L,86.48648648648648,85.71428571428571,100.0,84.0,away
250,2022021234,2023-04-05T00:00:00Z,4,PHI,8481035,Samuel Ersson,L,58:51,0,0,0,31,28,3,1,24,1,27,3,L,90.32258064516128,100.0,100.0,88.88888888888889,away
251,2022021235,2023-04-05T00:00:00Z,54,VGK,8471734,Jonathan Quick,L,63:30,0,0,0,27,24,1,1,22,1,23,3,L,88.88888888888889,33.33333333333333,100.0,95.65217391304348,away
252,2022021236,2023-04-05T01:00:00Z,16,CHI,8475852,Petr Mrazek,L,60:00,0,0,0,36,33,2,0,31,0,34,2,W,91.66666666666666,100.0,NaN,91.17647058823529,away
253,2022021237,2023-04-05T02:30:00Z,22,EDM,8479973,Stuart Skinner,L,60:00,0,0,0,21,20,4,0,16,0,17,4,W,95.23809523809523,100.0,NaN,94.11764705882352,away
254,2022021238,2023-04-05T02:00:00Z,55,SEA,8474889,Martin Jones,L,59:11,0,0,0,18,16,5,0,11,0,13,5,W,88.88888888888889,100.0,NaN,84.61538461538461,away
255,2022021239,2023-04-05T02:30:00Z,21,COL,8480382,Alexandar Georgiev,L,63:13,0,0,0,31,28,0,2,26,2,28,1,W,90.32258064516128,0.0,100.0,92.85714285714286,away
256,2022021240,2023-04-05T23:30:00Z,20,CGY,8474593,Jacob Markstrom,L,59:48,0,0,2,35,34,6,4,24,4,24,7,W,97.14285714285714,85.71428571428571,100.0,100.0,away
257,2022021241,2023-04-05T23:30:00Z,14,TBL,8476883,Andrei Vasilevskiy,L,60:00,0,0,0,37,31,10,1,20,1,24,12,L,83.78378378378379,83.33333333333334,100.0,83.33333333333334,away
258,2022021242,2023-04-06T02:00:00Z,22,EDM,8475789,Jack Campbell,L,60:00,0,0,0,28,27,2,1,24,1,25,2,W,96.42857142857143,100.0,100.0,96.0,away
259,2022021243,2023-04-06T23:00:00Z,29,CBJ,8476903,Jon Gillies,L,17:53,0,0,0,12,9,1,1,7,2,9,1,,75.0,100.0,50.0,77.77777777777779,away
260,2022021243,2023-04-06T23:00:00Z,29,CBJ,8474636,Michael Hutchinson,R,42:07,0,0,0,24,19,2,3,14,3,17,4,L,79.16666666666666,50.0,100.0,82.35294117647058,away
261,2022021244,2023-04-06T23:00:00Z,30,MIN,8470594,Marc-Andre Fleury,L,59:57,0,0,0,31,27,3,2,22,2,25,4,L,87.09677419354838,75.0,100.0,88.0,away
262,2022021245,2023-04-06T23:00:00Z,9,OTT,8482447,Leevi Merilainen,L,21:24,0,0,0,12,9,0,2,7,3,8,1,L,75.0,0.0,66.66666666666666,87.5,away
263,2022021245,2023-04-06T23:00:00Z,9,OTT,8481544,Mads Sogaard,L,38:12,0,0,0,18,14,7,0,7,0,9,9,,77.77777777777779,77.77777777777779,NaN,77.77777777777779,away
264,2022021246,2023-04-06T23:00:00Z,10,TOR,8478492,Ilya Samsonov,L,62:03,0,0,0,33,31,5,2,24,2,26,5,L,93.93939393939394,100.0,100.0,92.3076923076923,away
265,2022021247,2023-04-06T23:00:00Z,15,WSH,8475311,Darcy Kuemper,L,58:02,0,0,0,31,26,5,2,19,4,22,5,L,83.87096774193549,100.0,50.0,86.36363636363636,away
266,2022021248,2023-04-06T23:00:00Z,7,BUF,8482221,Devon Levi,L,65:00,0,0,0,32,26,1,3,22,3,26,3,W,81.25,33.33333333333333,100.0,84.61538461538461,away
267,2022021249,2023-04-06T23:30:00Z,14,TBL,8470880,Brian Elliott,L,60:00,0,0,0,42,36,2,0,34,0,40,2,L,85.71428571428571,100.0,NaN,85.0,away
268,2022021250,2023-04-07T00:00:00Z,12,CAR,8475883,Frederik Andersen,L,59:27,0,0,0,22,20,1,0,19,1,20,1,L,90.9090909090909,100.0,0.0,95.0,away
269,2022021251,2023-04-07T00:00:00Z,3,NYR,8470860,Jaroslav Halak,L,60:59,0,0,0,22,19,1,0,18,0,21,1,L,86.36363636363636,100.0,NaN,85.71428571428571,away
270,2022021252,2023-04-07T00:30:00Z,4,PHI,8479394,Carter Hart,L,60:00,0,0,0,30,26,1,2,23,2,25,3,L,86.66666666666667,33.33333333333333,100.0,92.0,away
271,2022021253,2023-04-07T02:30:00Z,53,ARI,8478872,Karel Vejmelka,R,60:00,0,0,0,33,30,6,0,24,0,27,6,L,90.9090909090909,100.0,NaN,88.88888888888889,away
272,2022021254,2023-04-07T02:00:00Z,16,CHI,8471774,Alex Stalock,L,59:15,0,0,0,28,26,9,0,17,0,18,10,L,92.85714285714286,90.0,NaN,94.44444444444444,away
273,2022021255,2023-04-07T02:00:00Z,26,LAK,8476914,Joonas Korpisalo,L,21:02,0,0,0,15,10,4,0,6,0,10,5,L,66.66666666666666,80.0,NaN,60.0,away
274,2022021255,2023-04-07T02:00:00Z,26,LAK,8477831,Pheonix Copley,L,38:58,0,0,0,22,22,3,0,19,0,19,3,,100.0,100.0,NaN,100.0,away
275,2022021256,2023-04-07T02:30:00Z,21,COL,8480382,Alexandar Georgiev,L,60:00,0,0,0,23,21,1,0,20,0,22,1,W,91.30434782608695,100.0,NaN,90.9090909090909,away
276,2022021257,2023-04-08T16:30:00Z,12,CAR,8477293,Antti Raanta,L,57:37,0,0,0,30,26,3,0,23,0,26,4,L,86.66666666666667,75.0,NaN,88.46153846153845,away
277,2022021258,2023-04-09T00:00:00Z,19,STL,8476412,Jordan Binnington,L,59:26,0,0,0,29,25,6,0,19,2,20,7,L,86.20689655172413,85.71428571428571,0.0,95.0,away
278,2022021259,2023-04-08T20:00:00Z,22,EDM,8479973,Stuart Skinner,L,60:00,0,0,0,23,22,0,0,22,0,23,0,W,95.65217391304348,NaN,NaN,95.65217391304348,away
279,2022021260,2023-04-08T21:30:00Z,24,ANA,8480042,Olle Eriksson Ek,L,63:59,0,0,0,39,34,7,2,25,2,29,8,L,87.17948717948718,87.5,100.0,86.20689655172413,away
280,2022021261,2023-04-08T23:00:00Z,13,FLA,8479312,Alex Lyon,L,59:53,0,0,0,24,22,5,0,17,0,19,5,W,91.66666666666666,100.0,NaN,89.47368421052632,away
281,2022021262,2023-04-08T23:00:00Z,8,MTL,8478470,Sam Montembeault,L,59:54,0,0,0,46,39,2,2,35,2,38,6,L,84.78260869565217,33.33333333333333,100.0,92.10526315789474,away
282,2022021263,2023-04-08T23:00:00Z,3,NYR,8478048,Igor Shesterkin,L,59:27,0,0,0,20,20,3,0,17,0,17,3,W,100.0,100.0,NaN,100.0,away
283,2022021264,2023-04-08T23:00:00Z,18,NSH,8477424,Juuse Saros,L,57:52,0,0,0,38,36,6,0,30,0,32,6,L,94.73684210526315,100.0,NaN,93.75,away
284,2022021265,2023-04-09T00:00:00Z,1,NJD,8478406,Mackenzie Blackwood,L,58:04,0,0,0,40,38,3,1,34,1,35,4,L,95.0,75.0,100.0,97.14285714285714,away
285,2022021266,2023-04-08T17:00:00Z,5,PIT,8477465,Tristan Jarry,L,59:29,0,0,0,20,19,2,0,17,0,18,2,W,95.0,100.0,NaN,94.44444444444444,away
286,2022021267,2023-04-08T23:00:00Z,14,TBL,8470880,Brian Elliott,L,58:50,0,0,0,39,33,10,0,23,0,28,11,L,84.61538461538461,90.9090909090909,NaN,82.14285714285714,away
287,2022021268,2023-04-08T23:30:00Z,4,PHI,8478433,Felix Sandstrom,L,20:00,0,0,0,3,2,0,0,2,0,3,0,,66.66666666666666,NaN,NaN,66.66666666666666,away
288,2022021268,2023-04-08T23:30:00Z,4,PHI,8479394,Carter Hart,L,40:00,0,0,0,18,15,2,0,13,0,16,2,L,83.33333333333334,100.0,NaN,81.25,away
289,2022021269,2023-04-08T19:30:00Z,54,VGK,8471734,Jonathan Quick,L,64:41,0,0,0,25,24,1,1,22,1,23,1,L,96.0,100.0,100.0,95.65217391304348,away
290,2022021270,2023-04-09T02:00:00Z,20,CGY,8474593,Jacob Markstrom,L,65:00,0,0,0,33,31,6,0,25,1,26,6,L,93.93939393939394,100.0,0.0,96.15384615384616,away
291,2022021271,2023-04-09T02:00:00Z,16,CHI,8475852,Petr Mrazek,L,60:00,0,0,0,31,24,7,0,17,0,23,8,L,77.41935483870968,87.5,NaN,73.91304347826086,away
292,2022021272,2023-04-09T02:30:00Z,21,COL,8480382,Alexandar Georgiev,L,60:00,0,0,0,41,38,3,1,34,1,36,4,W,92.6829268292683,75.0,100.0,94.44444444444444,away
293,2022021273,2023-04-09T22:00:00Z,6,BOS,8480280,Jeremy Swayman,L,60:00,0,0,0,37,34,8,0,26,0,29,8,W,91.8918918918919,100.0,NaN,89.65517241379311,away
294,2022021274,2023-04-10T00:30:00Z,21,COL,8480925,Pavel Francouz,R,64:15,0,0,0,23,19,4,2,13,2,17,4,W,82.6086956521739,100.0,100.0,76.47058823529412,away
295,2022021275,2023-04-10T23:00:00Z,7,BUF,8482221,Devon Levi,L,65:00,0,0,0,28,26,1,0,25,0,26,2,W,92.85714285714286,50.0,NaN,96.15384615384616,away
296,2022021276,2023-04-10T23:00:00Z,12,CAR,8475883,Frederik Andersen,L,57:24,0,0,0,32,29,8,1,20,1,23,8,L,90.625,100.0,100.0,86.95652173913044,away
297,2022021277,2023-04-10T23:00:00Z,2,NYI,8478009,Ilya Sorokin,L,56:52,0,0,0,23,20,0,1,19,1,22,0,L,86.95652173913044,NaN,100.0,86.36363636363636,away
298,2022021278,2023-04-10T23:00:00Z,28,SJS,8473503,James Reimer,L,59:30,0,0,0,33,27,0,0,27,0,31,2,L,81.81818181818183,0.0,NaN,87.09677419354838,away
299,2022021279,2023-04-10T23:00:00Z,10,TOR,8478492,Ilya Samsonov,L,64:38,0,0,0,46,45,2,2,41,2,42,2,W,97.82608695652173,100.0,100.0,97.61904761904762,away
300,2022021280,2023-04-10T23:00:00Z,25,DAL,8475809,Scott Wedgewood,L,20:00,0,0,0,7,7,1,0,6,0,6,1,,100.0,100.0,NaN,100.0,away
301,2022021280,2023-04-10T23:00:00Z,25,DAL,8479979,Jake Oettinger,L,40:00,0,0,0,13,12,1,0,11,0,12,1,W,92.3076923076923,100.0,NaN,91.66666666666666,away
302,2022021281,2023-04-11T01:00:00Z,30,MIN,8479406,Filip Gustavsson,L,60:00,0,0,0,42,40,1,2,37,2,39,1,W,95.23809523809523,100.0,100.0,94.87179487179486,away
303,2022021282,2023-04-11T01:30:00Z,18,NSH,8477424,Juuse Saros,L,64:54,0,0,0,44,42,7,5,30,5,32,7,W,95.45454545454545,100.0,100.0,93.75,away
304,2022021283,2023-04-11T02:00:00Z,55,SEA,8478916,Joey Daccord,L,1:16,0,0,0,0,0,0,0,0,0,0,0,,NaN,NaN,NaN,NaN,away
305,2022021283,2023-04-11T02:00:00Z,55,SEA,8475831,Philipp Grubauer,L,58:44,0,0,0,23,22,3,0,19,0,20,3,W,95.65217391304348,100.0,NaN,95.0,away
306,2022021284,2023-04-11T02:30:00Z,23,VAN,8480420,Collin Delia,L,59:15,0,0,0,27,25,0,1,24,1,26,0,L,92.5925925925926,NaN,100.0,92.3076923076923,away
307,2022021285,2023-04-11T23:00:00Z,7,BUF,8482221,Devon Levi,L,58:03,0,0,0,28,24,2,0,22,0,26,2,L,85.71428571428571,100.0,NaN,84.61538461538461,away
308,2022021286,2023-04-11T23:30:00Z,16,CHI,8475852,Petr Mrazek,L,60:00,0,0,0,40,38,10,1,27,1,28,11,W,95.0,90.9090909090909,100.0,96.42857142857143,away
309,2022021287,2023-04-11T23:00:00Z,29,CBJ,8474636,Michael Hutchinson,R,64:44,0,0,0,39,35,4,0,31,0,34,5,L,89.74358974358975,80.0,NaN,91.17647058823529,away
310,2022021288,2023-04-11T23:00:00Z,17,DET,8477968,Alex Nedeljkovic,L,57:38,0,0,0,27,24,2,2,20,2,23,2,L,88.88888888888889,100.0,100.0,86.95652173913044,away
311,2022021289,2023-04-11T23:00:00Z,10,TOR,8479361,Joseph Woll,L,60:00,0,0,0,48,45,18,0,27,0,30,18,W,93.75,100.0,NaN,90.0,away
312,2022021290,2023-04-11T23:00:00Z,15,WSH,8475311,Darcy Kuemper,L,13:26,0,0,0,7,6,0,1,5,1,6,0,,85.71428571428571,NaN,100.0,83.33333333333334,away
313,2022021290,2023-04-11T23:00:00Z,15,WSH,8479292,Charlie Lindgren,R,45:21,0,0,0,36,33,2,0,31,0,32,4,L,91.66666666666666,50.0,NaN,96.875,away
314,2022021291,2023-04-12T00:00:00Z,52,WPG,8476945,Connor Hellebuyck,L,60:00,0,0,0,34,33,11,2,20,2,20,12,W,97.05882352941177,91.66666666666666,100.0,100.0,away
315,2022021292,2023-04-12T01:30:00Z,22,EDM,8479973,Stuart Skinner,L,61:50,0,0,0,29,29,7,2,20,2,20,7,W,100.0,100.0,100.0,100.0,away
316,2022021293,2023-04-12T02:00:00Z,55,SEA,8478916,Joey Daccord,L,60:00,0,0,0,37,33,2,1,30,1,33,3,L,89.1891891891892,66.66666666666666,100.0,90.9090909090909,away
317,2022021294,2023-04-12T02:00:00Z,23,VAN,8477967,Thatcher Demko,L,59:42,1,0,0,35,33,10,2,21,2,22,11,W,94.28571428571428,90.9090909090909,100.0,95.45454545454545,away
318,2022021295,2023-04-12T23:00:00Z,8,MTL,8478470,Sam Montembeault,L,58:36,0,0,0,35,31,3,1,27,1,30,4,L,88.57142857142857,75.0,100.0,90.0,away
319,2022021296,2023-04-12T23:30:00Z,25,DAL,8475809,Scott Wedgewood,L,59:54,0,0,0,18,16,2,1,13,1,14,3,W,88.88888888888889,66.66666666666666,100.0,92.85714285714286,away
320,2022021297,2023-04-13T02:00:00Z,28,SJS,8478039,Kaapo Kahkonen,L,58:26,0,0,0,48,46,3,1,42,1,44,3,L,95.83333333333334,100.0,100.0,95.45454545454545,away
321,2022021298,2023-04-13T23:00:00Z,6,BOS,8480280,Jeremy Swayman,L,60:00,0,0,2,34,30,3,1,26,2,29,3,W,88.23529411764706,100.0,50.0,89.65517241379311,away
322,2022021299,2023-04-13T23:00:00Z,12,CAR,8475883,Frederik Andersen,L,60:00,0,0,0,34,30,3,1,26,1,30,3,W,88.23529411764706,100.0,100.0,86.66666666666667,away
323,2022021300,2023-04-13T23:00:00Z,17,DET,8478024,Ville Husso,L,59:25,0,0,0,31,27,3,1,23,1,26,4,L,87.09677419354838,75.0,100.0,88.46153846153845,away
324,2022021301,2023-04-13T23:00:00Z,1,NJD,8478406,Mackenzie Blackwood,L,21:05,0,0,0,11,7,0,0,7,0,11,0,,63.63636363636363,NaN,NaN,63.63636363636363,away
325,2022021301,2023-04-13T23:00:00Z,1,NJD,8481033,Akira Schmid,L,43:22,0,0,0,20,20,1,0,19,0,19,1,W,100.0,100.0,NaN,100.0,away
326,2022021302,2023-04-13T23:00:00Z,9,OTT,8481544,Mads Sogaard,L,61:18,0,0,0,36,32,7,0,25,0,28,8,L,88.88888888888889,87.5,NaN,89.28571428571429,away
327,2022021303,2023-04-13T23:00:00Z,5,PIT,8477465,Tristan Jarry,L,61:00,0,0,0,34,31,3,0,28,0,30,4,L,91.17647058823529,75.0,NaN,93.33333333333333,away
328,2022021304,2023-04-13T23:00:00Z,10,TOR,8479361,Joseph Woll,L,60:00,0,0,0,24,22,2,0,20,0,21,3,W,91.66666666666666,66.66666666666666,NaN,95.23809523809523,away
329,2022021305,2023-04-14T00:00:00Z,30,MIN,8479406,Filip Gustavsson,L,62:44,0,0,0,31,27,3,0,24,1,27,3,L,87.09677419354838,100.0,0.0,88.88888888888889,away
330,2022021306,2023-04-14T00:30:00Z,4,PHI,8478433,Felix Sandstrom,L,63:09,0,0,0,38,34,0,0,34,0,37,1,W,89.47368421052632,0.0,NaN,91.8918918918919,away
331,2022021307,2023-04-14T00:00:00Z,19,STL,8476412,Jordan Binnington,L,57:55,0,0,0,34,33,3,2,28,2,29,3,L,97.05882352941177,100.0,100.0,96.55172413793103,away
332,2022021308,2023-04-14T01:00:00Z,28,SJS,8473503,James Reimer,L,59:27,0,0,0,36,31,10,1,20,2,23,11,L,86.11111111111111,90.9090909090909,50.0,86.95652173913044,away
333,2022021309,2023-04-14T00:00:00Z,52,WPG,8479496,David Rittich,L,59:32,0,0,0,24,21,2,0,19,0,21,3,L,87.5,66.66666666666666,NaN,90.47619047619048,away
334,2022021310,2023-04-14T02:00:00Z,26,LAK,8476914,Joonas Korpisalo,L,59:43,0,0,0,24,21,2,4,15,4,18,2,W,87.5,100.0,100.0,83.33333333333334,away
335,2022021311,2023-04-14T02:00:00Z,23,VAN,8480420,Collin Delia,L,61:19,0,0,0,28,24,4,1,19,1,23,4,W,85.71428571428571,100.0,100.0,82.6086956521739,away
336,2022021312,2023-04-14T02:30:00Z,54,VGK,8476316,Laurent Brossoit,L,59:35,0,0,0,31,30,5,1,24,1,25,5,W,96.7741935483871,100.0,100.0,96.0,away
